id_renglon,venta_id,fecha_venta,jugador_id,producto_id,ubicacion_id,cantidad
1,50001,2024-03-18,JUG-206,PROD-01,UBI-PUE288,1
2,50001,2024-03-18,JUG-206,PROD-08,UBI-PUE288,2
3,50002,2024-01-29,JUG-034,PROD-07,UBI-PUE042,1
4,50002,2024-01-29,JUG-034,PROD-08,UBI-PUE042,1
5,50002,2024-01-29,JUG-034,PROD-03,UBI-PUE042,1
6,50003,2024-04-18,JUG-189,PROD-01,UBI-PUE281,2
7,50004,2025-07-20,JUG-082,PROD-02,UBI-PUE110,2
8,50004,2025-07-20,JUG-082,PROD-01,UBI-PUE110,1
9,50004,2025-07-20,JUG-082,PROD-06,UBI-PUE110,3
11,50005,2024-08-29,JUG-244,PROD-07,UBI-PUE039,1
12,50006,2024-09-18,JUG-054,PROD-04,UBI-PUE191,3
13,50007,2025-01-09,JUG-063,PROD-08,UBI-PUE048,3
14,50008,2023-12-25,JUG-225,PROD-08,UBI-PUE226,1
15,50009,2025-05-30,JUG-211,PROD-08,UBI-PUE114,1
16,50010,2024-03-11,JUG-213,PROD-04,UBI-PUE204,1
17,50010,2024-03-11,JUG-213,PROD-06,UBI-PUE204,1
18,50011,2025-06-26,JUG-112,PROD-02,UBI-PUE129,1
19,50012,2025-07-10,JUG-030,PROD-01,UBI-PUE029,1
20,50013,2026-03-30,JUG-243,PROD-04,UBI-PUE029,1
21,50014,2026-07-30,JUG-166,PROD-01,UBI-PUE246,1
22,50014,2026-07-30,JUG-166,PROD-02,UBI-PUE246,1
23,50015,2024-05-12,JUG-192,PROD-06,UBI-PUE004,2
24,50016,2026-06-05,JUG-043,PROD-01,UBI-PUE176,1
25,50016,2026-06-05,JUG-043,PROD-05,UBI-PUE176,3
26,50016,2026-06-05,JUG-043,PROD-08,UBI-PUE176,1
27,50017,2023-11-23,JUG-226,PROD-06,UBI-PUE117,1
28,50018,2023-09-23,JUG-149,PROD-06,UBI-PUE053,2
29,50019,2025-06-21,JUG-044,PROD-07,UBI-PUE105,1
30,50019,2025-06-21,JUG-044,PROD-08,UBI-PUE105,1
31,50019,2025-06-21,JUG-044,PROD-04,UBI-PUE105,1
32,50020,2025-02-05,JUG-242,PROD-03,UBI-PUE239,2
33,50021,2025-07-31,JUG-163,PROD-04,UBI-PUE142,1
34,50021,2025-07-31,JUG-163,PROD-06,UBI-PUE142,2
35,50022,2025-02-10,JUG-217,PROD-04,UBI-PUE018,2
36,50023,2025-07-01,JUG-179,PROD-01,UBI-PUE004,1
37,50023,2025-07-01,JUG-179,PROD-07,UBI-PUE004,1
38,50023,2025-07-01,JUG-179,PROD-02,UBI-PUE004,1
39,50024,2026-08-14,JUG-009,PROD-08,UBI-PUE073,1
40,50025,2025-06-03,JUG-216,PROD-07,UBI-PUE023,1
42,50027,2025-12-12,JUG-144,PROD-06,UBI-PUE266,2
43,50028,2024-07-08,JUG-237,PROD-08,UBI-PUE175,1
44,50028,2024-07-08,JUG-237,PROD-03,UBI-PUE175,1
46,50029,2024-03-01,JUG-150,PROD-06,UBI-PUE091,1
47,50030,2026-03-01,JUG-004,PROD-04,UBI-PUE013,1
48,50030,2026-03-01,JUG-004,PROD-07,UBI-PUE013,1
50,50031,2026-01-18,JUG-043,PROD-07,UBI-PUE136,2
51,50032,2024-06-18,JUG-053,PROD-03,UBI-PUE218,1
52,50032,2024-06-18,JUG-053,PROD-04,UBI-PUE218,1
53,50032,2024-06-18,JUG-053,PROD-07,UBI-PUE218,1
54,50033,2026-01-26,JUG-007,PROD-03,UBI-PUE277,1
55,50033,2026-01-26,JUG-007,PROD-01,UBI-PUE277,2
56,50034,2023-05-31,JUG-161,PROD-01,UBI-PUE128,1
57,50035,2025-07-01,JUG-229,PROD-03,UBI-PUE123,1
58,50036,2026-03-29,JUG-005,PROD-07,UBI-PUE128,1
59,50037,2026-02-26,JUG-212,PROD-05,UBI-PUE112,1
60,50038,2025-06-07,JUG-003,PROD-04,UBI-PUE125,1
61,50039,2025-07-20,JUG-236,PROD-04,UBI-PUE167,1
62,50040,2025-08-16,JUG-100,PROD-08,UBI-PUE018,1
63,50040,2025-08-16,JUG-100,PROD-05,UBI-PUE018,1
64,50041,2025-09-16,JUG-006,PROD-02,UBI-PUE284,1
65,50042,2024-05-13,JUG-019,PROD-01,UBI-PUE183,1
66,50042,2024-05-13,JUG-019,PROD-06,UBI-PUE183,1
67,50043,2023-08-18,JUG-184,PROD-04,UBI-PUE083,1
68,50043,2023-08-18,JUG-184,PROD-03,UBI-PUE083,1
69,50044,2024-06-04,JUG-025,PROD-05,UBI-PUE080,1
70,50044,2024-06-04,JUG-025,PROD-04,UBI-PUE080,1
71,50045,2025-04-14,JUG-193,PROD-02,UBI-PUE070,1
72,50045,2025-04-14,JUG-193,PROD-03,UBI-PUE070,1
73,50045,2025-04-14,JUG-193,PROD-06,UBI-PUE070,2
74,50046,2024-12-18,JUG-138,PROD-08,UBI-PUE203,1
75,50047,2024-08-26,JUG-249,PROD-08,UBI-PUE149,1
76,50047,2024-08-26,JUG-249,PROD-07,UBI-PUE149,1
77,50048,2026-07-11,JUG-096,PROD-08,UBI-PUE178,1
79,50049,2023-10-25,JUG-169,PROD-04,UBI-PUE124,2
80,50050,2024-06-04,JUG-210,PROD-01,UBI-PUE187,1
81,50050,2024-06-04,JUG-210,PROD-03,UBI-PUE187,1
82,50050,2024-06-04,JUG-210,PROD-08,UBI-PUE187,1
83,50051,2024-04-20,JUG-015,PROD-01,UBI-PUE011,1
84,50052,2024-10-26,JUG-227,PROD-02,UBI-PUE176,1
86,50052,2024-10-26,JUG-227,PROD-04,UBI-PUE176,1
87,50053,2024-02-01,JUG-001,PROD-05,UBI-PUE276,2
88,50054,2025-02-25,JUG-095,PROD-07,UBI-PUE042,1
89,50054,2025-02-25,JUG-095,PROD-05,UBI-PUE042,1
90,50054,2025-02-25,JUG-095,PROD-03,UBI-PUE042,1
91,50055,2025-08-13,JUG-133,PROD-06,UBI-PUE201,1
92,50055,2025-08-13,JUG-133,PROD-04,UBI-PUE201,3
93,50056,2024-07-02,JUG-160,PROD-01,UBI-PUE185,2
94,50057,2025-06-30,JUG-136,PROD-06,UBI-PUE050,1
95,50058,2025-07-30,JUG-145,PROD-01,UBI-PUE283,1
96,50058,2025-07-30,JUG-145,PROD-02,UBI-PUE283,1
97,50059,2025-01-28,JUG-246,PROD-07,UBI-PUE192,1
98,50060,2025-01-09,JUG-156,PROD-01,UBI-PUE070,1
99,50061,2025-08-09,JUG-216,PROD-02,UBI-PUE080,1
100,50062,2026-01-22,JUG-005,PROD-03,UBI-PUE259,1
101,50063,2025-03-29,JUG-066,PROD-02,UBI-PUE244,1
102,50063,2025-03-29,JUG-066,PROD-06,UBI-PUE244,1
103,50064,2026-06-16,JUG-043,PROD-02,UBI-PUE233,1
104,50065,2026-06-11,JUG-216,PROD-08,UBI-PUE257,1
106,50066,2025-03-31,JUG-028,PROD-05,UBI-PUE198,1
107,50067,2025-12-11,JUG-066,PROD-03,UBI-PUE064,1
108,50067,2025-12-11,JUG-066,PROD-04,UBI-PUE064,1
109,50067,2025-12-11,JUG-066,PROD-08,UBI-PUE064,1
110,50068,2024-03-08,JUG-184,PROD-08,UBI-PUE262,2
111,50069,2025-10-02,JUG-086,PROD-03,UBI-PUE210,3
112,50069,2025-10-02,JUG-086,PROD-04,UBI-PUE210,1
113,50069,2025-10-02,JUG-086,PROD-06,UBI-PUE210,1
114,50070,2024-02-15,JUG-187,PROD-07,UBI-PUE030,1
115,50071,2024-01-16,JUG-225,PROD-03,UBI-PUE051,1
116,50072,2025-06-09,JUG-077,PROD-06,UBI-PUE132,1
117,50073,2025-10-04,JUG-021,PROD-08,UBI-PUE033,1
118,50073,2025-10-04,JUG-021,PROD-02,UBI-PUE033,2
119,50073,2025-10-04,JUG-021,PROD-07,UBI-PUE033,1
120,50074,2024-06-12,JUG-062,PROD-02,UBI-PUE013,1
121,50075,2026-01-20,JUG-038,PROD-06,UBI-PUE118,1
122,50075,2026-01-20,JUG-038,PROD-01,UBI-PUE118,1
124,50076,2024-03-22,JUG-084,PROD-05,UBI-PUE052,1
125,50076,2024-03-22,JUG-084,PROD-06,UBI-PUE052,1
126,50077,2023-07-26,JUG-106,PROD-08,UBI-PUE135,1
127,50078,2026-04-30,JUG-022,PROD-05,UBI-PUE131,1
128,50079,2026-04-17,JUG-052,PROD-06,UBI-PUE171,2
130,50080,2025-02-15,JUG-088,PROD-07,UBI-PUE209,1
132,50081,2025-05-14,JUG-180,PROD-02,UBI-PUE007,1
133,50082,2026-02-18,JUG-221,PROD-06,UBI-PUE122,3
134,50083,2024-12-23,JUG-130,PROD-02,UBI-PUE214,1
135,50083,2024-12-23,JUG-130,PROD-01,UBI-PUE214,3
137,50084,2023-11-19,JUG-065,PROD-03,UBI-PUE149,1
138,50084,2023-11-19,JUG-065,PROD-07,UBI-PUE149,1
140,50085,2025-03-02,JUG-246,PROD-07,UBI-PUE199,1
141,50085,2025-03-02,JUG-246,PROD-03,UBI-PUE199,1
142,50086,2025-11-20,JUG-007,PROD-05,UBI-PUE216,1
143,50087,2025-05-10,JUG-228,PROD-05,UBI-PUE102,1
144,50088,2025-01-13,JUG-226,PROD-08,UBI-PUE278,1
145,50088,2025-01-13,JUG-226,PROD-07,UBI-PUE278,1
146,50089,2025-12-02,JUG-036,PROD-05,UBI-PUE053,1
147,50089,2025-12-02,JUG-036,PROD-02,UBI-PUE053,1
148,50089,2025-12-02,JUG-036,PROD-01,UBI-PUE053,1
149,50090,2026-01-23,JUG-116,PROD-04,UBI-PUE127,1
150,50091,2025-03-26,JUG-118,PROD-07,UBI-PUE010,1
151,50092,2024-11-14,JUG-036,PROD-04,UBI-PUE006,2
152,50093,2025-10-10,JUG-182,PROD-05,UBI-PUE058,1
153,50094,2025-02-07,JUG-126,PROD-08,UBI-PUE162,1
155,50094,2025-02-07,JUG-126,PROD-02,UBI-PUE162,1
156,50095,2024-05-06,JUG-032,PROD-07,UBI-PUE147,2
157,50096,2025-01-24,JUG-084,PROD-05,UBI-PUE013,1
159,50096,2025-01-24,JUG-084,PROD-07,UBI-PUE013,2
160,50097,2024-12-15,JUG-181,PROD-02,UBI-PUE228,1
161,50098,2023-10-27,JUG-150,PROD-08,UBI-PUE203,1
162,50099,2023-12-24,JUG-094,PROD-07,UBI-PUE171,1
163,50100,2026-03-24,JUG-115,PROD-05,UBI-PUE015,1
164,50101,2025-05-19,JUG-180,PROD-04,UBI-PUE252,1
165,50101,2025-05-19,JUG-180,PROD-08,UBI-PUE252,1
166,50101,2025-05-19,JUG-180,PROD-05,UBI-PUE252,2
167,50102,2024-10-14,JUG-089,PROD-07,UBI-PUE193,1
168,50103,2025-06-02,JUG-144,PROD-01,UBI-PUE159,1
169,50104,2023-06-30,JUG-189,PROD-05,UBI-PUE153,1
170,50104,2023-06-30,JUG-189,PROD-06,UBI-PUE153,1
171,50104,2023-06-30,JUG-189,PROD-08,UBI-PUE153,1
172,50105,2025-08-11,JUG-240,PROD-06,UBI-PUE023,3
173,50106,2026-08-27,JUG-082,PROD-01,UBI-PUE021,1
175,50107,2025-05-19,JUG-235,PROD-04,UBI-PUE187,1
176,50107,2025-05-19,JUG-235,PROD-05,UBI-PUE187,1
177,50108,2024-07-06,JUG-148,PROD-05,UBI-PUE196,2
178,50109,2026-03-21,JUG-136,PROD-04,UBI-PUE231,1
179,50109,2026-03-21,JUG-136,PROD-07,UBI-PUE231,1
180,50110,2025-06-25,JUG-177,PROD-06,UBI-PUE050,1
181,50111,2025-02-06,JUG-036,PROD-08,UBI-PUE259,2
182,50112,2024-10-25,JUG-025,PROD-08,UBI-PUE261,1
184,50113,2026-08-25,JUG-047,PROD-07,UBI-PUE160,1
185,50113,2026-08-25,JUG-047,PROD-02,UBI-PUE160,2
186,50114,2024-11-11,JUG-037,PROD-05,UBI-PUE034,1
187,50115,2026-07-20,JUG-102,PROD-03,UBI-PUE211,2
188,50115,2026-07-20,JUG-102,PROD-05,UBI-PUE211,2
189,50116,2023-03-25,JUG-132,PROD-05,UBI-PUE111,1
190,50116,2023-03-25,JUG-132,PROD-04,UBI-PUE111,1
191,50116,2023-03-25,JUG-132,PROD-05,UBI-PUE111,2
192,50117,2025-02-15,JUG-228,PROD-08,UBI-PUE248,1
193,50117,2025-02-15,JUG-228,PROD-06,UBI-PUE248,1
194,50118,2025-09-30,JUG-145,PROD-01,UBI-PUE022,1
196,50119,2024-04-23,JUG-003,PROD-03,UBI-PUE008,1
197,50120,2024-02-13,JUG-010,PROD-03,UBI-PUE165,2
198,50120,2024-02-13,JUG-010,PROD-05,UBI-PUE165,1
199,50121,2024-06-18,JUG-042,PROD-04,UBI-PUE105,1
200,50122,2024-06-18,JUG-238,PROD-04,UBI-PUE067,1
201,50123,2024-05-01,JUG-035,PROD-08,UBI-PUE183,1
202,50123,2024-05-01,JUG-035,PROD-07,UBI-PUE183,1
203,50124,2025-01-27,JUG-024,PROD-05,UBI-PUE014,1
204,50124,2025-01-27,JUG-024,PROD-02,UBI-PUE014,1
205,50125,2025-11-16,JUG-166,PROD-03,UBI-PUE216,1
206,50126,2025-05-27,JUG-177,PROD-06,UBI-PUE134,1
207,50126,2025-05-27,JUG-177,PROD-08,UBI-PUE134,1
208,50127,2024-09-17,JUG-183,PROD-05,UBI-PUE232,1
209,50128,2025-01-05,JUG-231,PROD-03,UBI-PUE056,1
210,50128,2025-01-05,JUG-231,PROD-08,UBI-PUE056,1
211,50128,2025-01-05,JUG-231,PROD-02,UBI-PUE056,1
212,50129,2026-12-06,JUG-049,PROD-03,UBI-PUE135,1
213,50129,2026-12-06,JUG-049,PROD-01,UBI-PUE135,1
214,50130,2025-07-24,JUG-144,PROD-07,UBI-PUE068,2
215,50130,2025-07-24,JUG-144,PROD-03,UBI-PUE068,1
216,50131,2025-11-13,JUG-139,PROD-03,UBI-PUE036,1
217,50132,2025-05-25,JUG-020,PROD-07,UBI-PUE233,1
218,50133,2023-12-31,JUG-217,PROD-03,UBI-PUE089,1
219,50133,2023-12-31,JUG-217,PROD-06,UBI-PUE089,1
220,50134,2024-05-15,JUG-134,PROD-08,UBI-PUE157,1
221,50135,2024-08-25,JUG-108,PROD-01,UBI-PUE239,3
222,50136,2026-06-10,JUG-047,PROD-04,UBI-PUE252,2
223,50137,2025-03-14,JUG-124,PROD-01,UBI-PUE257,1
224,50137,2025-03-14,JUG-124,PROD-03,UBI-PUE257,1
225,50138,2024-08-23,JUG-012,PROD-01,UBI-PUE026,1
226,50139,2026-10-15,JUG-073,PROD-04,UBI-PUE019,3
227,50139,2026-10-15,JUG-073,PROD-07,UBI-PUE019,1
228,50140,2025-11-13,JUG-044,PROD-08,UBI-PUE217,2
229,50141,2025-03-12,JUG-086,PROD-08,UBI-PUE035,1
230,50142,2023-11-12,JUG-213,PROD-05,UBI-PUE042,1
231,50143,2025-08-24,JUG-171,PROD-06,UBI-PUE025,2
233,50145,2024-11-12,JUG-111,PROD-05,UBI-PUE241,1
234,50146,2025-10-20,JUG-009,PROD-05,UBI-PUE079,1
235,50147,2023-10-26,JUG-213,PROD-07,UBI-PUE128,3
236,50147,2023-10-26,JUG-213,PROD-04,UBI-PUE128,1
237,50148,2023-04-09,JUG-225,PROD-05,UBI-PUE040,1
239,50150,2025-06-02,JUG-046,PROD-04,UBI-PUE252,3
240,50151,2023-12-29,JUG-215,PROD-04,UBI-PUE200,1
241,50152,2026-06-29,JUG-147,PROD-03,UBI-PUE020,1
242,50152,2026-06-29,JUG-147,PROD-08,UBI-PUE020,1
243,50153,2025-11-06,JUG-194,PROD-01,UBI-PUE073,1
244,50153,2025-11-06,JUG-194,PROD-03,UBI-PUE073,1
245,50153,2025-11-06,JUG-194,PROD-01,UBI-PUE073,3
246,50154,2023-06-14,JUG-128,PROD-03,UBI-PUE077,1
247,50155,2024-03-07,JUG-039,PROD-07,UBI-PUE004,1
248,50155,2024-03-07,JUG-039,PROD-04,UBI-PUE004,1
250,50156,2024-12-30,JUG-182,PROD-07,UBI-PUE274,1
251,50157,2023-01-24,JUG-039,PROD-08,UBI-PUE070,1
252,50158,2024-11-16,JUG-017,PROD-04,UBI-PUE088,1
253,50159,2023-12-07,JUG-143,PROD-07,UBI-PUE243,2
254,50159,2023-12-07,JUG-143,PROD-01,UBI-PUE243,1
255,50160,2024-01-23,JUG-130,PROD-06,UBI-PUE205,1
256,50161,2024-11-08,JUG-186,PROD-07,UBI-PUE171,1
257,50162,2024-07-15,JUG-200,PROD-06,UBI-PUE061,1
258,50163,2026-05-08,JUG-004,PROD-05,UBI-PUE015,1
259,50164,2024-11-17,JUG-037,PROD-08,UBI-PUE146,1
260,50165,2026-04-25,JUG-087,PROD-01,UBI-PUE033,1
261,50165,2026-04-25,JUG-087,PROD-04,UBI-PUE033,2
262,50166,2026-09-17,JUG-087,PROD-04,UBI-PUE130,1
263,50166,2026-09-17,JUG-087,PROD-02,UBI-PUE130,1
265,50167,2023-07-21,JUG-072,PROD-02,UBI-PUE017,1
266,50168,2025-02-23,JUG-122,PROD-02,UBI-PUE256,1
267,50168,2025-02-23,JUG-122,PROD-04,UBI-PUE256,3
268,50169,2025-06-12,JUG-023,PROD-08,UBI-PUE264,1
269,50169,2025-06-12,JUG-023,PROD-03,UBI-PUE264,1
270,50169,2025-06-12,JUG-023,PROD-07,UBI-PUE264,1
271,50170,2025-09-04,JUG-175,PROD-05,UBI-PUE139,1
273,50171,2023-12-21,JUG-155,PROD-07,UBI-PUE136,3
274,50171,2023-12-21,JUG-155,PROD-02,UBI-PUE136,1
275,50172,2023-03-21,JUG-027,PROD-01,UBI-PUE134,1
276,50172,2023-03-21,JUG-027,PROD-06,UBI-PUE134,2
277,50173,2024-05-18,JUG-186,PROD-03,UBI-PUE210,1
278,50173,2024-05-18,JUG-186,PROD-05,UBI-PUE210,1
279,50174,2023-12-31,JUG-170,PROD-04,UBI-PUE150,2
280,50175,2025-01-24,JUG-182,PROD-01,UBI-PUE009,1
282,50176,2025-09-16,JUG-102,PROD-04,UBI-PUE118,1
283,50177,2024-06-19,JUG-132,PROD-04,UBI-PUE023,3
284,50177,2024-06-19,JUG-132,PROD-03,UBI-PUE023,1
285,50177,2024-06-19,JUG-132,PROD-05,UBI-PUE023,1
286,50178,2026-05-27,JUG-100,PROD-06,UBI-PUE276,1
288,50179,2026-02-27,JUG-075,PROD-07,UBI-PUE230,1
289,50179,2026-02-27,JUG-075,PROD-03,UBI-PUE230,1
290,50180,2024-01-21,JUG-197,PROD-08,UBI-PUE108,2
291,50180,2024-01-21,JUG-197,PROD-06,UBI-PUE108,1
292,50180,2024-01-21,JUG-197,PROD-02,UBI-PUE108,2
293,50181,2024-05-08,JUG-247,PROD-01,UBI-PUE155,1
294,50181,2024-05-08,JUG-247,PROD-07,UBI-PUE155,1
295,50182,2024-05-24,JUG-141,PROD-08,UBI-PUE109,1
296,50183,2025-02-11,JUG-025,PROD-01,UBI-PUE117,1
298,50183,2025-02-11,JUG-025,PROD-04,UBI-PUE117,2
299,50184,2026-06-29,JUG-038,PROD-07,UBI-PUE182,1
300,50185,2025-12-17,JUG-082,PROD-03,UBI-PUE053,1
301,50186,2024-10-23,JUG-229,PROD-07,UBI-PUE093,1
302,50186,2024-10-23,JUG-229,PROD-02,UBI-PUE093,1
303,50186,2024-10-23,JUG-229,PROD-05,UBI-PUE093,1
304,50187,2024-03-10,JUG-170,PROD-07,UBI-PUE126,1
305,50188,2026-02-25,JUG-096,PROD-02,UBI-PUE099,1
306,50189,2024-06-16,JUG-154,PROD-02,UBI-PUE210,1
307,50189,2024-06-16,JUG-154,PROD-05,UBI-PUE210,2
308,50190,2024-09-15,JUG-242,PROD-03,UBI-PUE192,1
309,50191,2024-11-20,JUG-136,PROD-05,UBI-PUE109,2
310,50192,2023-04-14,JUG-187,PROD-07,UBI-PUE009,1
311,50193,2026-02-24,JUG-185,PROD-02,UBI-PUE088,2
312,50193,2026-02-24,JUG-185,PROD-07,UBI-PUE088,1
313,50193,2026-02-24,JUG-185,PROD-05,UBI-PUE088,1
314,50194,2024-10-11,JUG-026,PROD-03,UBI-PUE015,1
315,50194,2024-10-11,JUG-026,PROD-08,UBI-PUE015,1
316,50194,2024-10-11,JUG-026,PROD-06,UBI-PUE015,1
317,50195,2024-09-02,JUG-226,PROD-03,UBI-PUE184,2
318,50195,2024-09-02,JUG-226,PROD-03,UBI-PUE184,1
319,50196,2025-11-28,JUG-174,PROD-02,UBI-PUE092,1
320,50197,2026-06-16,JUG-050,PROD-03,UBI-PUE055,1
321,50198,2024-11-24,JUG-196,PROD-04,UBI-PUE206,1
322,50198,2024-11-24,JUG-196,PROD-02,UBI-PUE206,1
323,50198,2024-11-24,JUG-196,PROD-03,UBI-PUE206,1
324,50199,2023-09-23,JUG-001,PROD-05,UBI-PUE174,2
325,50199,2023-09-23,JUG-001,PROD-04,UBI-PUE174,1
326,50200,2025-01-18,JUG-246,PROD-03,UBI-PUE144,1
327,50201,2024-06-16,JUG-028,PROD-05,UBI-PUE023,1
328,50202,2024-01-16,JUG-113,PROD-03,UBI-PUE118,1
329,50203,2026-02-18,JUG-212,PROD-01,UBI-PUE065,1
330,50204,2024-06-30,JUG-076,PROD-04,UBI-PUE225,2
331,50205,2024-03-14,JUG-173,PROD-01,UBI-PUE148,1
332,50206,2026-06-24,JUG-175,PROD-01,UBI-PUE052,1
333,50207,2026-03-12,JUG-007,PROD-02,UBI-PUE066,1
335,50207,2026-03-12,JUG-007,PROD-04,UBI-PUE066,1
336,50208,2025-02-04,JUG-018,PROD-06,UBI-PUE092,1
337,50209,2024-04-05,JUG-152,PROD-02,UBI-PUE269,2
338,50210,2025-06-10,JUG-121,PROD-01,UBI-PUE252,1
339,50211,2025-05-30,JUG-240,PROD-02,UBI-PUE055,1
340,50211,2025-05-30,JUG-240,PROD-03,UBI-PUE055,1
341,50212,2025-11-29,JUG-146,PROD-03,UBI-PUE067,2
342,50213,2026-02-18,JUG-224,PROD-04,UBI-PUE137,2
343,50213,2026-02-18,JUG-224,PROD-01,UBI-PUE137,2
344,50213,2026-02-18,JUG-224,PROD-02,UBI-PUE137,1
345,50214,2026-12-19,JUG-050,PROD-01,UBI-PUE054,2
346,50214,2026-12-19,JUG-050,PROD-02,UBI-PUE054,1
347,50215,2024-10-22,JUG-017,PROD-04,UBI-PUE029,1
348,50215,2024-10-22,JUG-017,PROD-02,UBI-PUE029,1
349,50216,2025-08-02,JUG-022,PROD-05,UBI-PUE264,1
350,50217,2024-07-25,JUG-083,PROD-02,UBI-PUE189,1
351,50218,2024-12-14,JUG-076,PROD-05,UBI-PUE056,2
352,50218,2024-12-14,JUG-076,PROD-04,UBI-PUE056,1
353,50219,2024-02-19,JUG-084,PROD-04,UBI-PUE230,1
354,50220,2025-07-05,JUG-073,PROD-07,UBI-PUE145,1
355,50221,2025-02-20,JUG-089,PROD-01,UBI-PUE199,1
356,50222,2024-10-24,JUG-226,PROD-02,UBI-PUE105,1
357,50222,2024-10-24,JUG-226,PROD-07,UBI-PUE105,1
358,50222,2024-10-24,JUG-226,PROD-01,UBI-PUE105,1
359,50223,2024-07-11,JUG-184,PROD-04,UBI-PUE189,1
360,50224,2024-02-09,JUG-230,PROD-03,UBI-PUE277,1
361,50224,2024-02-09,JUG-230,PROD-01,UBI-PUE277,1
362,50225,2024-05-28,JUG-197,PROD-08,UBI-PUE227,1
363,50225,2024-05-28,JUG-197,PROD-03,UBI-PUE227,1
364,50226,2025-04-23,JUG-205,PROD-05,UBI-PUE263,1
365,50226,2025-04-23,JUG-205,PROD-07,UBI-PUE263,1
366,50227,2024-07-04,JUG-198,PROD-01,UBI-PUE009,1
367,50227,2024-07-04,JUG-198,PROD-08,UBI-PUE009,1
368,50228,2025-05-30,JUG-166,PROD-02,UBI-PUE187,1
369,50229,2025-06-05,JUG-030,PROD-01,UBI-PUE261,1
370,50230,2025-03-17,JUG-145,PROD-01,UBI-PUE108,1
371,50231,2025-01-08,JUG-040,PROD-05,UBI-PUE178,1
372,50232,2024-11-24,JUG-001,PROD-04,UBI-PUE177,1
373,50233,2026-02-07,JUG-231,PROD-03,UBI-PUE135,1
374,50233,2026-02-07,JUG-231,PROD-07,UBI-PUE135,1
375,50233,2026-02-07,JUG-231,PROD-04,UBI-PUE135,3
376,50234,2025-08-17,JUG-007,PROD-01,UBI-PUE038,1
377,50234,2025-08-17,JUG-007,PROD-07,UBI-PUE038,1
378,50234,2025-08-17,JUG-007,PROD-02,UBI-PUE038,1
379,50235,2024-10-02,JUG-179,PROD-03,UBI-PUE152,1
380,50235,2024-10-02,JUG-179,PROD-06,UBI-PUE152,1
381,50236,2025-01-31,JUG-230,PROD-08,UBI-PUE010,1
382,50237,2025-09-29,JUG-054,PROD-02,UBI-PUE211,1
383,50237,2025-09-29,JUG-054,PROD-08,UBI-PUE211,3
385,50238,2026-11-06,JUG-087,PROD-07,UBI-PUE025,1
387,50239,2024-06-10,JUG-028,PROD-06,UBI-PUE148,1
388,50240,2025-03-30,JUG-103,PROD-05,UBI-PUE226,2
389,50240,2025-03-30,JUG-103,PROD-06,UBI-PUE226,1
390,50241,2024-09-22,JUG-200,PROD-06,UBI-PUE017,2
391,50242,2024-11-28,JUG-101,PROD-01,UBI-PUE078,1
392,50242,2024-11-28,JUG-101,PROD-07,UBI-PUE078,1
393,50243,2025-08-08,JUG-073,PROD-01,UBI-PUE272,1
394,50244,2026-05-31,JUG-168,PROD-06,UBI-PUE111,1
395,50245,2026-04-15,JUG-178,PROD-02,UBI-PUE222,1
396,50246,2024-01-11,JUG-169,PROD-03,UBI-PUE171,1
397,50247,2023-06-10,JUG-155,PROD-07,UBI-PUE235,1
398,50247,2023-06-10,JUG-155,PROD-05,UBI-PUE235,2
399,50248,2024-09-18,JUG-157,PROD-08,UBI-PUE179,1
400,50248,2024-09-18,JUG-157,PROD-03,UBI-PUE179,1
401,50248,2024-09-18,JUG-157,PROD-01,UBI-PUE179,1
402,50249,2024-06-26,JUG-155,PROD-06,UBI-PUE094,1
403,50250,2024-07-16,JUG-250,PROD-04,UBI-PUE087,1
404,50250,2024-07-16,JUG-250,PROD-05,UBI-PUE087,2
405,50251,2024-08-06,JUG-081,PROD-07,UBI-PUE214,1
408,50252,2026-01-04,JUG-216,PROD-03,UBI-PUE011,1
409,50253,2026-01-29,JUG-114,PROD-05,UBI-PUE168,1
410,50253,2026-01-29,JUG-114,PROD-06,UBI-PUE168,1
411,50254,2025-09-29,JUG-102,PROD-03,UBI-PUE003,1
412,50254,2025-09-29,JUG-102,PROD-06,UBI-PUE003,3
413,50255,2024-03-28,JUG-210,PROD-01,UBI-PUE084,1
414,50255,2024-03-28,JUG-210,PROD-06,UBI-PUE084,1
415,50256,2024-03-16,JUG-039,PROD-05,UBI-PUE271,1
416,50257,2024-02-23,JUG-003,PROD-03,UBI-PUE289,2
417,50258,2025-08-07,JUG-243,PROD-01,UBI-PUE257,1
418,50258,2025-08-07,JUG-243,PROD-03,UBI-PUE257,1
419,50259,2024-08-11,JUG-059,PROD-03,UBI-PUE231,1
421,50261,2025-10-27,JUG-115,PROD-04,UBI-PUE002,1
422,50262,2024-07-19,JUG-219,PROD-04,UBI-PUE037,1
423,50262,2024-07-19,JUG-219,PROD-01,UBI-PUE037,1
424,50262,2024-07-19,JUG-219,PROD-05,UBI-PUE037,1
425,50263,2024-10-23,JUG-058,PROD-02,UBI-PUE068,1
426,50264,2024-09-20,JUG-230,PROD-06,UBI-PUE197,1
427,50265,2025-09-07,JUG-163,PROD-06,UBI-PUE287,2
428,50266,2026-04-24,JUG-009,PROD-08,UBI-PUE080,2
429,50267,2023-12-12,JUG-099,PROD-02,UBI-PUE143,1
430,50268,2024-07-15,JUG-197,PROD-07,UBI-PUE134,1
431,50269,2025-04-10,JUG-227,PROD-04,UBI-PUE226,2
432,50270,2024-06-28,JUG-015,PROD-04,UBI-PUE199,1
433,50271,2025-04-16,JUG-044,PROD-04,UBI-PUE004,1
434,50271,2025-04-16,JUG-044,PROD-07,UBI-PUE004,1
435,50272,2025-07-14,JUG-182,PROD-06,UBI-PUE179,1
436,50272,2025-07-14,JUG-182,PROD-01,UBI-PUE179,1
437,50272,2025-07-14,JUG-182,PROD-08,UBI-PUE179,1
438,50273,2024-06-07,JUG-161,PROD-07,UBI-PUE272,1
439,50274,2024-06-30,JUG-250,PROD-07,UBI-PUE250,1
440,50275,2025-06-24,JUG-062,PROD-05,UBI-PUE088,1
441,50275,2025-06-24,JUG-062,PROD-01,UBI-PUE088,1
442,50276,2024-11-09,JUG-088,PROD-05,UBI-PUE053,1
443,50276,2024-11-09,JUG-088,PROD-01,UBI-PUE053,1
444,50277,2025-04-08,JUG-216,PROD-08,UBI-PUE232,1
445,50278,2026-02-01,JUG-166,PROD-05,UBI-PUE239,1
446,50279,2026-06-01,JUG-013,PROD-02,UBI-PUE034,1
448,50281,2026-04-28,JUG-175,PROD-02,UBI-PUE244,1
450,50281,2026-04-28,JUG-175,PROD-06,UBI-PUE244,1
451,50282,2024-05-22,JUG-094,PROD-06,UBI-PUE126,1
452,50282,2024-05-22,JUG-094,PROD-02,UBI-PUE126,1
453,50283,2024-04-30,JUG-008,PROD-04,UBI-PUE246,1
454,50284,2024-07-25,JUG-150,PROD-06,UBI-PUE073,1
455,50285,2024-11-23,JUG-026,PROD-06,UBI-PUE111,1
456,50286,2024-08-12,JUG-227,PROD-01,UBI-PUE038,1
457,50286,2024-08-12,JUG-227,PROD-04,UBI-PUE038,1
458,50287,2025-01-24,JUG-230,PROD-03,UBI-PUE136,1
459,50287,2025-01-24,JUG-230,PROD-06,UBI-PUE136,1
460,50287,2025-01-24,JUG-230,PROD-08,UBI-PUE136,2
461,50288,2024-08-11,JUG-065,PROD-05,UBI-PUE266,1
462,50289,2024-09-30,JUG-165,PROD-05,UBI-PUE138,1
463,50289,2024-09-30,JUG-165,PROD-04,UBI-PUE138,1
464,50290,2026-09-07,JUG-043,PROD-06,UBI-PUE241,1
465,50290,2026-09-07,JUG-043,PROD-08,UBI-PUE241,2
466,50291,2023-05-25,JUG-192,PROD-02,UBI-PUE140,1
467,50292,2024-08-26,JUG-037,PROD-02,UBI-PUE033,2
468,50293,2023-05-16,JUG-070,PROD-02,UBI-PUE045,1
469,50294,2025-07-04,JUG-092,PROD-07,UBI-PUE093,1
471,50295,2024-10-26,JUG-213,PROD-05,UBI-PUE040,2
472,50295,2024-10-26,JUG-213,PROD-04,UBI-PUE040,1
473,50296,2023-12-07,JUG-017,PROD-01,UBI-PUE157,1
474,50296,2023-12-07,JUG-017,PROD-06,UBI-PUE157,1
475,50297,2023-10-29,JUG-248,PROD-07,UBI-PUE257,1
476,50297,2023-10-29,JUG-248,PROD-03,UBI-PUE257,1
477,50298,2023-09-04,JUG-128,PROD-07,UBI-PUE218,1
478,50298,2023-09-04,JUG-128,PROD-05,UBI-PUE218,1
479,50299,2023-12-08,JUG-191,PROD-03,UBI-PUE053,1
480,50300,2023-11-25,JUG-169,PROD-01,UBI-PUE234,1
481,50300,2023-11-25,JUG-169,PROD-05,UBI-PUE234,1
483,50301,2023-10-27,JUG-002,PROD-02,UBI-PUE133,1
485,50302,2025-03-31,JUG-058,PROD-07,UBI-PUE181,1
486,50303,2024-03-06,JUG-028,PROD-01,UBI-PUE065,1
488,50304,2024-01-15,JUG-099,PROD-01,UBI-PUE139,1
489,50304,2024-01-15,JUG-099,PROD-05,UBI-PUE139,1
490,50304,2024-01-15,JUG-099,PROD-06,UBI-PUE139,1
491,50305,2023-03-31,JUG-008,PROD-04,UBI-PUE025,2
492,50306,2024-07-14,JUG-032,PROD-02,UBI-PUE175,1
493,50307,2024-01-25,JUG-223,PROD-05,UBI-PUE264,1
494,50308,2025-08-17,JUG-092,PROD-08,UBI-PUE276,1
495,50309,2025-09-27,JUG-013,PROD-01,UBI-PUE086,3
496,50309,2025-09-27,JUG-013,PROD-07,UBI-PUE086,1
497,50310,2024-04-29,JUG-045,PROD-04,UBI-PUE126,1
498,50311,2023-09-07,JUG-148,PROD-02,UBI-PUE199,1
499,50311,2023-09-07,JUG-148,PROD-05,UBI-PUE199,1
501,50312,2023-07-01,JUG-128,PROD-07,UBI-PUE134,1
502,50313,2026-09-06,JUG-129,PROD-02,UBI-PUE261,1
503,50314,2026-02-22,JUG-162,PROD-05,UBI-PUE127,1
504,50315,2025-06-12,JUG-158,PROD-06,UBI-PUE122,1
506,50316,2026-07-19,JUG-114,PROD-02,UBI-PUE154,1
507,50316,2026-07-19,JUG-114,PROD-04,UBI-PUE154,1
508,50317,2023-11-02,JUG-238,PROD-05,UBI-PUE079,1
509,50318,2025-09-28,JUG-086,PROD-06,UBI-PUE005,1
510,50318,2025-09-28,JUG-086,PROD-05,UBI-PUE005,1
511,50319,2024-07-27,JUG-192,PROD-06,UBI-PUE099,1
512,50319,2024-07-27,JUG-192,PROD-02,UBI-PUE099,2
513,50320,2024-09-01,JUG-054,PROD-04,UBI-PUE235,1
514,50321,2024-06-02,JUG-180,PROD-06,UBI-PUE220,1
515,50321,2024-06-02,JUG-180,PROD-03,UBI-PUE220,1
516,50321,2024-06-02,JUG-180,PROD-05,UBI-PUE220,1
517,50322,2025-10-14,JUG-004,PROD-08,UBI-PUE136,1
518,50323,2025-06-02,JUG-177,PROD-07,UBI-PUE249,1
519,50324,2025-12-02,JUG-139,PROD-02,UBI-PUE057,1
520,50325,2025-04-08,JUG-026,PROD-02,UBI-PUE180,1
521,50326,2026-06-26,JUG-097,PROD-06,UBI-PUE220,1
522,50327,2024-01-29,JUG-008,PROD-07,UBI-PUE202,1
523,50327,2024-01-29,JUG-008,PROD-02,UBI-PUE202,1
524,50328,2025-03-07,JUG-156,PROD-02,UBI-PUE191,1
525,50328,2025-03-07,JUG-156,PROD-07,UBI-PUE191,2
526,50329,2025-10-29,JUG-041,PROD-06,UBI-PUE193,1
527,50329,2025-10-29,JUG-041,PROD-08,UBI-PUE193,1
528,50329,2025-10-29,JUG-041,PROD-06,UBI-PUE193,2
529,50330,2023-07-20,JUG-249,PROD-01,UBI-PUE186,1
530,50330,2023-07-20,JUG-249,PROD-04,UBI-PUE186,1
531,50330,2023-07-20,JUG-249,PROD-02,UBI-PUE186,1
532,50331,2023-11-22,JUG-152,PROD-06,UBI-PUE080,1
533,50331,2023-11-22,JUG-152,PROD-05,UBI-PUE080,1
534,50332,2023-12-24,JUG-122,PROD-02,UBI-PUE092,1
535,50333,2024-08-20,JUG-217,PROD-01,UBI-PUE180,2
536,50333,2024-08-20,JUG-217,PROD-07,UBI-PUE180,1
537,50334,2023-12-29,JUG-019,PROD-05,UBI-PUE060,1
538,50334,2023-12-29,JUG-019,PROD-04,UBI-PUE060,2
539,50334,2023-12-29,JUG-019,PROD-01,UBI-PUE060,1
540,50335,2023-09-10,JUG-067,PROD-06,UBI-PUE250,1
541,50336,2024-09-25,JUG-025,PROD-03,UBI-PUE211,1
542,50337,2025-02-09,JUG-042,PROD-06,UBI-PUE193,1
543,50337,2025-02-09,JUG-042,PROD-03,UBI-PUE193,1
544,50338,2025-11-30,JUG-177,PROD-04,UBI-PUE105,2
545,50339,2024-01-06,JUG-203,PROD-08,UBI-PUE269,1
546,50339,2024-01-06,JUG-203,PROD-06,UBI-PUE269,1
547,50340,2023-12-21,JUG-222,PROD-01,UBI-PUE147,1
548,50341,2025-09-30,JUG-055,PROD-05,UBI-PUE216,1
549,50342,2024-12-23,JUG-239,PROD-07,UBI-PUE169,1
551,50343,2025-05-20,JUG-164,PROD-02,UBI-PUE051,1
552,50344,2023-10-26,JUG-181,PROD-06,UBI-PUE052,1
553,50344,2023-10-26,JUG-181,PROD-02,UBI-PUE052,1
554,50345,2026-02-25,JUG-245,PROD-06,UBI-PUE184,1
555,50346,2024-06-13,JUG-099,PROD-07,UBI-PUE221,1
556,50347,2024-04-08,JUG-019,PROD-08,UBI-PUE273,1
557,50348,2026-04-11,JUG-030,PROD-05,UBI-PUE182,1
558,50348,2026-04-11,JUG-030,PROD-01,UBI-PUE182,1
559,50349,2026-08-08,JUG-009,PROD-05,UBI-PUE215,1
560,50350,2025-04-03,JUG-179,PROD-07,UBI-PUE159,3
561,50351,2024-09-30,JUG-080,PROD-06,UBI-PUE063,1
562,50352,2023-10-31,JUG-148,PROD-08,UBI-PUE277,1
563,50353,2024-12-11,JUG-107,PROD-08,UBI-PUE096,1
564,50354,2025-04-09,JUG-044,PROD-02,UBI-PUE288,1
565,50355,2026-05-16,JUG-221,PROD-07,UBI-PUE103,1
566,50355,2026-05-16,JUG-221,PROD-08,UBI-PUE103,1
567,50356,2024-07-31,JUG-059,PROD-08,UBI-PUE157,1
568,50357,2025-09-26,JUG-182,PROD-04,UBI-PUE246,2
569,50357,2025-09-26,JUG-182,PROD-06,UBI-PUE246,1
570,50357,2025-09-26,JUG-182,PROD-04,UBI-PUE246,3
571,50358,2023-10-02,JUG-155,PROD-02,UBI-PUE288,1
572,50359,2025-07-01,JUG-205,PROD-07,UBI-PUE143,1
573,50360,2023-06-26,JUG-169,PROD-07,UBI-PUE031,1
574,50361,2023-08-17,JUG-048,PROD-03,UBI-PUE201,1
575,50362,2024-10-26,JUG-207,PROD-03,UBI-PUE006,2
576,50363,2024-10-08,JUG-201,PROD-06,UBI-PUE278,1
577,50364,2024-06-13,JUG-247,PROD-03,UBI-PUE058,1
578,50364,2024-06-13,JUG-247,PROD-07,UBI-PUE058,1
579,50365,2025-04-27,JUG-100,PROD-05,UBI-PUE052,1
580,50366,2025-09-01,JUG-046,PROD-08,UBI-PUE273,2
581,50367,2024-07-09,JUG-157,PROD-08,UBI-PUE273,1
582,50368,2025-01-21,JUG-171,PROD-08,UBI-PUE112,2
583,50368,2025-01-21,JUG-171,PROD-03,UBI-PUE112,3
584,50369,2025-10-11,JUG-013,PROD-08,UBI-PUE117,1
585,50370,2023-08-28,JUG-099,PROD-07,UBI-PUE230,1
586,50371,2024-08-21,JUG-226,PROD-04,UBI-PUE187,1
587,50372,2025-09-23,JUG-026,PROD-08,UBI-PUE060,1
588,50373,2024-08-08,JUG-111,PROD-03,UBI-PUE098,2
589,50374,2026-12-03,JUG-087,PROD-03,UBI-PUE004,1
590,50375,2024-01-21,JUG-198,PROD-07,UBI-PUE260,2
591,50376,2025-10-08,JUG-049,PROD-03,UBI-PUE046,2
592,50376,2025-10-08,JUG-049,PROD-06,UBI-PUE046,1
593,50377,2023-07-01,JUG-159,PROD-04,UBI-PUE114,2
594,50377,2023-07-01,JUG-159,PROD-03,UBI-PUE114,1
595,50378,2025-12-01,JUG-061,PROD-08,UBI-PUE107,1
596,50378,2025-12-01,JUG-061,PROD-06,UBI-PUE107,1
597,50379,2024-07-25,JUG-167,PROD-03,UBI-PUE221,1
598,50380,2026-01-10,JUG-121,PROD-08,UBI-PUE278,2
599,50381,2025-11-14,JUG-208,PROD-04,UBI-PUE261,1
601,50382,2023-05-07,JUG-002,PROD-02,UBI-PUE131,1
602,50383,2024-12-15,JUG-098,PROD-02,UBI-PUE030,1
603,50384,2025-10-23,JUG-118,PROD-04,UBI-PUE226,2
604,50385,2025-02-03,JUG-209,PROD-08,UBI-PUE068,1
605,50385,2025-02-03,JUG-209,PROD-07,UBI-PUE068,1
606,50386,2024-06-01,JUG-186,PROD-06,UBI-PUE275,2
607,50386,2024-06-01,JUG-186,PROD-01,UBI-PUE275,1
608,50387,2026-07-07,JUG-172,PROD-03,UBI-PUE180,3
609,50388,2026-08-26,JUG-147,PROD-08,UBI-PUE129,1
610,50389,2023-11-21,JUG-222,PROD-02,UBI-PUE191,1
611,50390,2026-03-11,JUG-224,PROD-05,UBI-PUE267,1
612,50390,2026-03-11,JUG-224,PROD-01,UBI-PUE267,3
613,50391,2024-08-20,JUG-151,PROD-06,UBI-PUE194,2
614,50392,2026-07-03,JUG-087,PROD-06,UBI-PUE016,2
615,50392,2026-07-03,JUG-087,PROD-07,UBI-PUE016,1
616,50392,2026-07-03,JUG-087,PROD-01,UBI-PUE016,1
617,50393,2024-04-17,JUG-225,PROD-08,UBI-PUE282,1
618,50394,2025-04-21,JUG-103,PROD-02,UBI-PUE033,1
619,50395,2024-03-07,JUG-242,PROD-02,UBI-PUE175,1
620,50396,2023-11-15,JUG-135,PROD-07,UBI-PUE134,1
621,50397,2024-10-01,JUG-042,PROD-03,UBI-PUE028,2
622,50397,2024-10-01,JUG-042,PROD-04,UBI-PUE028,1
623,50398,2025-05-22,JUG-154,PROD-02,UBI-PUE283,1
624,50399,2023-07-20,JUG-159,PROD-06,UBI-PUE015,1
625,50399,2023-07-20,JUG-159,PROD-08,UBI-PUE015,1
626,50399,2023-07-20,JUG-159,PROD-02,UBI-PUE015,1
627,50400,2024-11-09,JUG-017,PROD-08,UBI-PUE162,1
628,50401,2024-11-01,JUG-217,PROD-08,UBI-PUE047,1
629,50401,2024-11-01,JUG-217,PROD-02,UBI-PUE047,1
630,50402,2026-02-23,JUG-174,PROD-04,UBI-PUE171,1
631,50403,2024-06-03,JUG-151,PROD-03,UBI-PUE208,1
632,50403,2024-06-03,JUG-151,PROD-02,UBI-PUE208,1
633,50404,2026-09-23,JUG-097,PROD-07,UBI-PUE261,1
634,50405,2024-04-28,JUG-206,PROD-04,UBI-PUE172,1
635,50405,2024-04-28,JUG-206,PROD-08,UBI-PUE172,1
636,50406,2026-06-21,JUG-153,PROD-06,UBI-PUE213,1
637,50407,2024-11-13,JUG-191,PROD-01,UBI-PUE126,1
638,50408,2025-03-13,JUG-179,PROD-02,UBI-PUE180,1
639,50409,2025-10-05,JUG-216,PROD-06,UBI-PUE055,1
641,50409,2025-10-05,JUG-216,PROD-08,UBI-PUE055,1
643,50411,2026-06-21,JUG-033,PROD-08,UBI-PUE076,1
644,50412,2024-04-12,JUG-206,PROD-07,UBI-PUE028,1
645,50413,2024-08-08,JUG-200,PROD-06,UBI-PUE077,1
646,50413,2024-08-08,JUG-200,PROD-05,UBI-PUE077,1
648,50414,2024-02-01,JUG-207,PROD-07,UBI-PUE051,2
649,50415,2025-04-15,JUG-200,PROD-01,UBI-PUE099,1
650,50416,2025-03-22,JUG-196,PROD-04,UBI-PUE235,2
652,50417,2025-07-14,JUG-114,PROD-03,UBI-PUE155,1
653,50418,2025-03-11,JUG-026,PROD-01,UBI-PUE160,1
654,50419,2025-03-10,JUG-224,PROD-05,UBI-PUE216,3
655,50420,2024-02-19,JUG-249,PROD-02,UBI-PUE248,1
656,50421,2023-12-24,JUG-192,PROD-07,UBI-PUE111,1
657,50422,2025-03-29,JUG-190,PROD-08,UBI-PUE256,1
658,50422,2025-03-29,JUG-190,PROD-03,UBI-PUE256,1
660,50423,2025-03-06,JUG-086,PROD-08,UBI-PUE172,1
661,50424,2023-04-02,JUG-170,PROD-01,UBI-PUE141,1
662,50425,2025-08-29,JUG-138,PROD-07,UBI-PUE084,1
663,50426,2025-01-08,JUG-207,PROD-03,UBI-PUE141,1
665,50427,2025-10-31,JUG-166,PROD-04,UBI-PUE227,1
666,50428,2025-07-12,JUG-022,PROD-01,UBI-PUE258,1
667,50428,2025-07-12,JUG-022,PROD-04,UBI-PUE258,1
668,50428,2025-07-12,JUG-022,PROD-02,UBI-PUE258,1
669,50429,2026-05-13,JUG-075,PROD-06,UBI-PUE200,1
670,50430,2026-08-21,JUG-043,PROD-06,UBI-PUE037,1
671,50431,2026-05-24,JUG-221,PROD-05,UBI-PUE203,1
672,50432,2026-12-28,JUG-057,PROD-05,UBI-PUE052,2
673,50433,2026-04-22,JUG-090,PROD-04,UBI-PUE226,1
674,50434,2025-03-24,JUG-032,PROD-04,UBI-PUE156,1
676,50435,2025-01-16,JUG-246,PROD-05,UBI-PUE096,1
677,50436,2025-08-06,JUG-031,PROD-03,UBI-PUE081,1
679,50437,2024-11-20,JUG-194,PROD-08,UBI-PUE026,3
680,50437,2024-11-20,JUG-194,PROD-05,UBI-PUE026,3
681,50438,2026-08-28,JUG-038,PROD-07,UBI-PUE236,3
682,50439,2025-12-17,JUG-123,PROD-02,UBI-PUE090,1
683,50439,2025-12-17,JUG-123,PROD-04,UBI-PUE090,1
684,50440,2024-03-25,JUG-167,PROD-04,UBI-PUE193,1
685,50441,2025-02-19,JUG-011,PROD-04,UBI-PUE111,1
686,50442,2024-09-22,JUG-154,PROD-08,UBI-PUE120,1
687,50443,2025-01-09,JUG-040,PROD-03,UBI-PUE037,1
688,50444,2025-08-02,JUG-006,PROD-07,UBI-PUE052,1
689,50445,2024-04-04,JUG-215,PROD-02,UBI-PUE132,1
690,50445,2024-04-04,JUG-215,PROD-04,UBI-PUE132,1
691,50446,2025-08-29,JUG-118,PROD-01,UBI-PUE012,1
692,50447,2025-05-28,JUG-092,PROD-05,UBI-PUE190,1
694,50448,2024-02-17,JUG-157,PROD-08,UBI-PUE107,2
695,50449,2024-05-22,JUG-148,PROD-07,UBI-PUE086,3
696,50449,2024-05-22,JUG-148,PROD-06,UBI-PUE086,1
698,50450,2023-05-28,JUG-159,PROD-04,UBI-PUE235,1
699,50451,2026-03-13,JUG-082,PROD-03,UBI-PUE238,2
700,50452,2025-07-03,JUG-103,PROD-04,UBI-PUE177,2
701,50453,2025-01-22,JUG-154,PROD-06,UBI-PUE162,1
702,50453,2025-01-22,JUG-154,PROD-05,UBI-PUE162,1
703,50454,2025-02-23,JUG-074,PROD-07,UBI-PUE103,1
704,50455,2025-02-05,JUG-224,PROD-03,UBI-PUE203,1
705,50455,2025-02-05,JUG-224,PROD-01,UBI-PUE203,3
706,50455,2025-02-05,JUG-224,PROD-04,UBI-PUE203,1
707,50456,2025-02-18,JUG-121,PROD-07,UBI-PUE162,1
708,50457,2023-07-24,JUG-135,PROD-02,UBI-PUE075,1
709,50458,2024-09-16,JUG-209,PROD-04,UBI-PUE129,1
710,50459,2023-12-20,JUG-034,PROD-06,UBI-PUE038,1
711,50460,2024-10-30,JUG-063,PROD-08,UBI-PUE038,1
712,50461,2025-08-15,JUG-051,PROD-05,UBI-PUE056,1
713,50462,2023-08-17,JUG-069,PROD-06,UBI-PUE144,1
714,50463,2025-10-27,JUG-093,PROD-05,UBI-PUE130,1
715,50463,2025-10-27,JUG-093,PROD-06,UBI-PUE130,1
716,50464,2026-04-30,JUG-021,PROD-08,UBI-PUE069,1
717,50465,2025-08-30,JUG-241,PROD-04,UBI-PUE036,2
718,50466,2026-07-28,JUG-125,PROD-08,UBI-PUE169,1
719,50467,2025-03-29,JUG-224,PROD-07,UBI-PUE074,3
720,50468,2026-01-02,JUG-142,PROD-02,UBI-PUE139,1
721,50469,2024-07-23,JUG-150,PROD-08,UBI-PUE060,1
722,50470,2024-04-30,JUG-132,PROD-07,UBI-PUE129,1
723,50471,2026-10-03,JUG-153,PROD-01,UBI-PUE250,1
724,50472,2024-06-10,JUG-206,PROD-02,UBI-PUE045,2
725,50473,2024-03-13,JUG-106,PROD-07,UBI-PUE085,1
726,50474,2023-10-14,JUG-238,PROD-07,UBI-PUE273,1
727,50474,2023-10-14,JUG-238,PROD-06,UBI-PUE273,1
728,50475,2024-11-09,JUG-053,PROD-03,UBI-PUE114,2
729,50476,2024-04-27,JUG-140,PROD-02,UBI-PUE152,1
731,50477,2024-01-19,JUG-035,PROD-03,UBI-PUE182,2
732,50478,2025-06-05,JUG-042,PROD-03,UBI-PUE148,3
733,50479,2023-06-01,JUG-210,PROD-08,UBI-PUE111,1
734,50480,2025-07-24,JUG-038,PROD-01,UBI-PUE069,2
735,50481,2024-11-15,JUG-080,PROD-05,UBI-PUE118,1
736,50481,2024-11-15,JUG-080,PROD-08,UBI-PUE118,1
737,50482,2025-02-13,JUG-136,PROD-07,UBI-PUE262,1
738,50483,2024-03-21,JUG-244,PROD-08,UBI-PUE185,1
739,50483,2024-03-21,JUG-244,PROD-04,UBI-PUE185,1
740,50483,2024-03-21,JUG-244,PROD-06,UBI-PUE185,1
741,50484,2025-07-26,JUG-101,PROD-04,UBI-PUE127,1
742,50485,2026-04-25,JUG-021,PROD-03,UBI-PUE086,1
743,50485,2026-04-25,JUG-021,PROD-01,UBI-PUE086,1
744,50486,2025-02-27,JUG-115,PROD-04,UBI-PUE053,1
745,50487,2023-11-07,JUG-159,PROD-07,UBI-PUE264,1
746,50488,2025-03-30,JUG-062,PROD-05,UBI-PUE024,1
747,50489,2024-11-10,JUG-194,PROD-03,UBI-PUE280,1
748,50490,2024-12-07,JUG-179,PROD-03,UBI-PUE152,1
749,50491,2025-01-04,JUG-060,PROD-04,UBI-PUE206,1
750,50492,2026-02-17,JUG-212,PROD-01,UBI-PUE253,3
751,50493,2023-04-15,JUG-008,PROD-06,UBI-PUE224,1
752,50494,2023-05-05,JUG-197,PROD-08,UBI-PUE172,1
753,50495,2025-07-11,JUG-100,PROD-07,UBI-PUE032,1
754,50496,2024-02-06,JUG-140,PROD-07,UBI-PUE017,1
755,50497,2024-04-29,JUG-064,PROD-04,UBI-PUE174,1
756,50498,2023-04-23,JUG-170,PROD-07,UBI-PUE137,3
757,50499,2023-10-24,JUG-223,PROD-02,UBI-PUE222,1
758,50500,2023-05-28,JUG-119,PROD-02,UBI-PUE117,1
759,50501,2023-04-15,JUG-223,PROD-05,UBI-PUE239,1
760,50502,2023-07-04,JUG-234,PROD-02,UBI-PUE126,1
761,50502,2023-07-04,JUG-234,PROD-04,UBI-PUE126,2
762,50503,2026-02-02,JUG-177,PROD-05,UBI-PUE194,1
763,50504,2024-04-24,JUG-085,PROD-04,UBI-PUE052,1
764,50505,2025-03-27,JUG-061,PROD-04,UBI-PUE228,1
765,50506,2024-06-22,JUG-012,PROD-01,UBI-PUE137,1
766,50506,2024-06-22,JUG-012,PROD-05,UBI-PUE137,1
767,50507,2025-08-29,JUG-052,PROD-01,UBI-PUE126,1
768,50508,2026-10-04,JUG-033,PROD-07,UBI-PUE200,1
769,50508,2026-10-04,JUG-033,PROD-08,UBI-PUE200,1
770,50508,2026-10-04,JUG-033,PROD-04,UBI-PUE200,1
771,50509,2025-09-18,JUG-091,PROD-06,UBI-PUE288,1
772,50509,2025-09-18,JUG-091,PROD-04,UBI-PUE288,1
773,50510,2024-02-22,JUG-053,PROD-08,UBI-PUE119,1
774,50511,2026-01-14,JUG-087,PROD-08,UBI-PUE123,1
775,50511,2026-01-14,JUG-087,PROD-02,UBI-PUE123,1
776,50512,2025-10-28,JUG-102,PROD-01,UBI-PUE058,1
777,50512,2025-10-28,JUG-102,PROD-07,UBI-PUE058,1
778,50513,2025-11-01,JUG-221,PROD-06,UBI-PUE067,1
779,50513,2025-11-01,JUG-221,PROD-07,UBI-PUE067,1
780,50514,2024-01-28,JUG-198,PROD-04,UBI-PUE214,1
781,50515,2026-02-19,JUG-007,PROD-05,UBI-PUE195,2
782,50515,2026-02-19,JUG-007,PROD-01,UBI-PUE195,1
783,50516,2024-06-25,JUG-244,PROD-06,UBI-PUE184,1
784,50517,2024-03-16,JUG-104,PROD-02,UBI-PUE003,3
785,50518,2024-04-17,JUG-028,PROD-06,UBI-PUE054,2
786,50518,2024-04-17,JUG-028,PROD-04,UBI-PUE054,1
787,50519,2026-03-24,JUG-100,PROD-05,UBI-PUE027,1
788,50520,2026-03-25,JUG-139,PROD-03,UBI-PUE128,1
789,50520,2026-03-25,JUG-139,PROD-04,UBI-PUE128,1
790,50521,2025-03-04,JUG-015,PROD-01,UBI-PUE163,1
791,50521,2025-03-04,JUG-015,PROD-05,UBI-PUE163,2
792,50522,2024-04-03,JUG-059,PROD-08,UBI-PUE153,1
793,50522,2024-04-03,JUG-059,PROD-05,UBI-PUE153,2
794,50523,2025-10-24,JUG-146,PROD-07,UBI-PUE012,1
795,50524,2026-01-26,JUG-086,PROD-06,UBI-PUE048,1
796,50525,2025-05-17,JUG-041,PROD-03,UBI-PUE021,1
797,50526,2025-01-13,JUG-098,PROD-05,UBI-PUE081,1
798,50526,2025-01-13,JUG-098,PROD-05,UBI-PUE081,2
799,50526,2025-01-13,JUG-098,PROD-07,UBI-PUE081,2
800,50527,2025-06-12,JUG-083,PROD-02,UBI-PUE233,1
802,50528,2024-02-26,JUG-128,PROD-03,UBI-PUE101,1
803,50528,2024-02-26,JUG-128,PROD-04,UBI-PUE101,1
804,50529,2025-07-25,JUG-142,PROD-07,UBI-PUE204,2
805,50530,2025-09-14,JUG-089,PROD-04,UBI-PUE042,1
807,50530,2025-09-14,JUG-089,PROD-03,UBI-PUE042,1
808,50531,2024-06-09,JUG-236,PROD-05,UBI-PUE150,1
809,50532,2026-03-08,JUG-004,PROD-07,UBI-PUE260,1
811,50532,2026-03-08,JUG-004,PROD-04,UBI-PUE260,1
812,50533,2024-09-06,JUG-182,PROD-06,UBI-PUE160,1
814,50533,2024-09-06,JUG-182,PROD-04,UBI-PUE160,1
815,50534,2024-02-08,JUG-237,PROD-05,UBI-PUE248,1
816,50535,2024-10-25,JUG-222,PROD-06,UBI-PUE216,1
817,50536,2025-09-01,JUG-052,PROD-01,UBI-PUE217,1
818,50537,2023-06-14,JUG-192,PROD-01,UBI-PUE087,1
819,50538,2023-05-04,JUG-247,PROD-03,UBI-PUE140,1
820,50539,2024-05-06,JUG-206,PROD-03,UBI-PUE282,3
821,50539,2024-05-06,JUG-206,PROD-04,UBI-PUE282,2
822,50539,2024-05-06,JUG-206,PROD-08,UBI-PUE282,1
823,50540,2024-06-23,JUG-192,PROD-08,UBI-PUE147,1
824,50541,2025-07-07,JUG-154,PROD-07,UBI-PUE056,1
825,50542,2025-03-28,JUG-244,PROD-04,UBI-PUE255,2
826,50543,2023-09-18,JUG-215,PROD-07,UBI-PUE204,2
827,50543,2023-09-18,JUG-215,PROD-03,UBI-PUE204,1
828,50543,2023-09-18,JUG-215,PROD-06,UBI-PUE204,1
829,50544,2026-03-10,JUG-029,PROD-04,UBI-PUE162,1
830,50544,2026-03-10,JUG-029,PROD-06,UBI-PUE162,1
831,50545,2025-10-08,JUG-233,PROD-07,UBI-PUE121,2
832,50545,2025-10-08,JUG-233,PROD-01,UBI-PUE121,1
833,50546,2025-05-01,JUG-138,PROD-01,UBI-PUE059,1
834,50547,2025-03-30,JUG-046,PROD-08,UBI-PUE126,2
835,50548,2024-11-04,JUG-035,PROD-02,UBI-PUE093,1
836,50548,2024-11-04,JUG-035,PROD-05,UBI-PUE093,1
837,50548,2024-11-04,JUG-035,PROD-04,UBI-PUE093,1
838,50549,2024-05-10,JUG-048,PROD-07,UBI-PUE151,1
839,50550,2026-03-29,JUG-224,PROD-06,UBI-PUE118,1
840,50551,2025-11-01,JUG-125,PROD-03,UBI-PUE014,1
841,50552,2023-07-25,JUG-140,PROD-01,UBI-PUE062,1
842,50552,2023-07-25,JUG-140,PROD-06,UBI-PUE062,1
843,50553,2024-10-27,JUG-067,PROD-01,UBI-PUE068,1
844,50554,2026-01-01,JUG-112,PROD-06,UBI-PUE208,1
845,50555,2024-02-18,JUG-161,PROD-05,UBI-PUE028,1
846,50556,2024-08-01,JUG-032,PROD-02,UBI-PUE236,1
847,50557,2024-07-03,JUG-042,PROD-04,UBI-PUE279,1
848,50557,2024-07-03,JUG-042,PROD-07,UBI-PUE279,1
849,50558,2024-08-13,JUG-207,PROD-03,UBI-PUE232,1
850,50559,2024-12-31,JUG-064,PROD-04,UBI-PUE024,1
851,50560,2023-06-01,JUG-027,PROD-03,UBI-PUE083,1
852,50561,2024-05-29,JUG-235,PROD-02,UBI-PUE124,1
853,50562,2023-10-20,JUG-248,PROD-05,UBI-PUE236,1
854,50563,2026-06-16,JUG-142,PROD-06,UBI-PUE162,1
855,50564,2024-08-13,JUG-092,PROD-07,UBI-PUE006,1
856,50565,2025-11-02,JUG-221,PROD-08,UBI-PUE159,1
857,50565,2025-11-02,JUG-221,PROD-01,UBI-PUE159,2
858,50566,2025-08-01,JUG-092,PROD-01,UBI-PUE175,1
859,50567,2024-04-27,JUG-081,PROD-01,UBI-PUE079,2
860,50568,2025-09-26,JUG-095,PROD-06,UBI-PUE133,2
861,50569,2025-10-22,JUG-057,PROD-02,UBI-PUE029,2
862,50570,2024-01-12,JUG-027,PROD-01,UBI-PUE270,1
864,50570,2024-01-12,JUG-027,PROD-07,UBI-PUE270,1
865,50571,2025-02-06,JUG-163,PROD-02,UBI-PUE026,1
866,50572,2025-09-15,JUG-071,PROD-08,UBI-PUE126,1
867,50573,2024-02-03,JUG-167,PROD-08,UBI-PUE190,1
868,50574,2023-12-29,JUG-067,PROD-08,UBI-PUE261,1
869,50575,2024-03-05,JUG-040,PROD-07,UBI-PUE010,1
870,50576,2025-10-18,JUG-195,PROD-07,UBI-PUE213,3
871,50577,2023-10-06,JUG-176,PROD-06,UBI-PUE007,1
872,50578,2025-07-27,JUG-018,PROD-08,UBI-PUE002,2
873,50579,2024-05-26,JUG-053,PROD-02,UBI-PUE172,1
874,50580,2024-06-13,JUG-062,PROD-07,UBI-PUE119,1
875,50581,2026-04-14,JUG-038,PROD-05,UBI-PUE232,1
876,50582,2023-07-25,JUG-106,PROD-08,UBI-PUE082,1
877,50582,2023-07-25,JUG-106,PROD-06,UBI-PUE082,3
878,50583,2024-06-26,JUG-002,PROD-06,UBI-PUE142,1
880,50584,2023-11-25,JUG-207,PROD-01,UBI-PUE220,3
881,50585,2023-12-13,JUG-150,PROD-07,UBI-PUE020,2
882,50586,2024-08-08,JUG-088,PROD-08,UBI-PUE251,2
883,50587,2024-06-04,JUG-106,PROD-08,UBI-PUE002,1
884,50587,2024-06-04,JUG-106,PROD-02,UBI-PUE002,1
885,50587,2024-06-04,JUG-106,PROD-04,UBI-PUE002,1
886,50588,2025-08-30,JUG-073,PROD-05,UBI-PUE180,1
887,50588,2025-08-30,JUG-073,PROD-08,UBI-PUE180,1
888,50589,2025-06-15,JUG-114,PROD-01,UBI-PUE270,2
889,50590,2026-06-05,JUG-216,PROD-01,UBI-PUE098,1
890,50591,2023-10-14,JUG-128,PROD-05,UBI-PUE051,1
891,50592,2024-03-15,JUG-126,PROD-06,UBI-PUE026,1
892,50593,2024-06-14,JUG-059,PROD-06,UBI-PUE228,1
893,50593,2024-06-14,JUG-059,PROD-05,UBI-PUE228,1
894,50594,2026-08-03,JUG-147,PROD-06,UBI-PUE257,1
895,50595,2025-02-27,JUG-171,PROD-02,UBI-PUE083,1
896,50595,2025-02-27,JUG-171,PROD-06,UBI-PUE083,1
897,50596,2024-12-14,JUG-217,PROD-03,UBI-PUE051,1
898,50597,2026-07-04,JUG-014,PROD-02,UBI-PUE285,2
899,50598,2024-08-04,JUG-235,PROD-05,UBI-PUE026,2
900,50598,2024-08-04,JUG-235,PROD-01,UBI-PUE026,2
901,50598,2024-08-04,JUG-235,PROD-01,UBI-PUE026,1
902,50599,2023-11-12,JUG-039,PROD-08,UBI-PUE227,2
903,50600,2026-02-23,JUG-118,PROD-07,UBI-PUE102,3
904,50600,2026-02-23,JUG-118,PROD-02,UBI-PUE102,1
905,50601,2024-01-12,JUG-039,PROD-02,UBI-PUE171,2
906,50602,2025-04-11,JUG-036,PROD-01,UBI-PUE185,1
907,50603,2024-07-26,JUG-154,PROD-06,UBI-PUE080,2
908,50604,2025-03-03,JUG-065,PROD-06,UBI-PUE055,1
909,50605,2025-03-26,JUG-076,PROD-06,UBI-PUE204,1
910,50606,2026-11-18,JUG-013,PROD-03,UBI-PUE193,1
912,50607,2023-03-31,JUG-238,PROD-07,UBI-PUE099,2
913,50608,2024-07-14,JUG-239,PROD-08,UBI-PUE275,2
914,50609,2024-06-05,JUG-222,PROD-02,UBI-PUE091,1
915,50610,2025-10-20,JUG-193,PROD-01,UBI-PUE249,3
916,50610,2025-10-20,JUG-193,PROD-02,UBI-PUE249,1
917,50611,2026-02-11,JUG-056,PROD-05,UBI-PUE067,1
918,50612,2025-08-30,JUG-171,PROD-03,UBI-PUE220,1
919,50612,2025-08-30,JUG-171,PROD-07,UBI-PUE220,1
920,50613,2026-04-09,JUG-211,PROD-08,UBI-PUE284,1
921,50614,2025-01-01,JUG-054,PROD-06,UBI-PUE119,1
922,50615,2023-07-02,JUG-203,PROD-05,UBI-PUE072,1
923,50616,2023-04-10,JUG-232,PROD-04,UBI-PUE198,1
924,50617,2025-09-10,JUG-047,PROD-01,UBI-PUE231,1
925,50618,2026-05-10,JUG-052,PROD-02,UBI-PUE269,2
926,50619,2024-02-26,JUG-074,PROD-06,UBI-PUE248,1
927,50620,2024-07-15,JUG-025,PROD-08,UBI-PUE248,1
928,50620,2024-07-15,JUG-025,PROD-05,UBI-PUE248,1
929,50621,2024-08-09,JUG-215,PROD-06,UBI-PUE062,1
930,50622,2025-02-09,JUG-109,PROD-08,UBI-PUE116,1
932,50623,2024-10-09,JUG-018,PROD-05,UBI-PUE181,1
933,50623,2024-10-09,JUG-018,PROD-02,UBI-PUE181,2
934,50624,2025-07-05,JUG-133,PROD-04,UBI-PUE285,1
935,50625,2025-07-14,JUG-062,PROD-03,UBI-PUE008,1
936,50626,2025-11-08,JUG-125,PROD-04,UBI-PUE230,1
937,50626,2025-11-08,JUG-125,PROD-05,UBI-PUE230,1
938,50626,2025-11-08,JUG-125,PROD-07,UBI-PUE230,1
939,50627,2024-10-24,JUG-011,PROD-02,UBI-PUE095,3
940,50628,2024-04-07,JUG-181,PROD-01,UBI-PUE012,3
941,50628,2024-04-07,JUG-181,PROD-04,UBI-PUE012,1
942,50629,2025-09-11,JUG-185,PROD-07,UBI-PUE263,1
943,50629,2025-09-11,JUG-185,PROD-06,UBI-PUE263,1
944,50630,2023-06-14,JUG-202,PROD-05,UBI-PUE113,1
945,50631,2025-07-09,JUG-211,PROD-01,UBI-PUE127,2
946,50631,2025-07-09,JUG-211,PROD-08,UBI-PUE127,1
947,50632,2026-11-28,JUG-004,PROD-02,UBI-PUE069,1
948,50632,2026-11-28,JUG-004,PROD-05,UBI-PUE069,2
950,50633,2024-02-22,JUG-119,PROD-03,UBI-PUE005,1
951,50633,2024-02-22,JUG-119,PROD-05,UBI-PUE005,1
952,50633,2024-02-22,JUG-119,PROD-08,UBI-PUE005,3
953,50634,2025-05-28,JUG-124,PROD-03,UBI-PUE183,1
954,50635,2024-05-27,JUG-067,PROD-03,UBI-PUE275,1
955,50636,2026-05-03,JUG-177,PROD-01,UBI-PUE089,1
956,50637,2025-07-27,JUG-007,PROD-02,UBI-PUE047,1
957,50638,2024-09-20,JUG-003,PROD-02,UBI-PUE214,1
958,50639,2024-01-15,JUG-181,PROD-07,UBI-PUE137,1
959,50640,2024-03-23,JUG-137,PROD-05,UBI-PUE159,1
960,50641,2023-09-27,JUG-218,PROD-04,UBI-PUE238,1
961,50642,2026-03-30,JUG-116,PROD-01,UBI-PUE110,1
962,50643,2024-09-15,JUG-110,PROD-05,UBI-PUE091,2
963,50644,2025-06-09,JUG-131,PROD-08,UBI-PUE054,1
964,50645,2025-04-12,JUG-121,PROD-06,UBI-PUE097,1
966,50645,2025-04-12,JUG-121,PROD-05,UBI-PUE097,1
967,50646,2025-12-08,JUG-026,PROD-05,UBI-PUE168,1
968,50647,2024-12-04,JUG-198,PROD-01,UBI-PUE021,1
969,50648,2024-09-10,JUG-015,PROD-04,UBI-PUE199,1
970,50649,2024-08-13,JUG-130,PROD-04,UBI-PUE222,1
971,50649,2024-08-13,JUG-130,PROD-01,UBI-PUE222,1
972,50649,2024-08-13,JUG-130,PROD-07,UBI-PUE222,1
973,50650,2024-10-30,JUG-218,PROD-08,UBI-PUE122,2
974,50650,2024-10-30,JUG-218,PROD-08,UBI-PUE122,1
975,50651,2025-10-26,JUG-013,PROD-04,UBI-PUE094,1
976,50651,2025-10-26,JUG-013,PROD-07,UBI-PUE094,1
977,50652,2026-08-20,JUG-195,PROD-03,UBI-PUE252,1
978,50653,2025-03-11,JUG-208,PROD-07,UBI-PUE226,1
979,50653,2025-03-11,JUG-208,PROD-02,UBI-PUE226,3
980,50653,2025-03-11,JUG-208,PROD-01,UBI-PUE226,1
981,50654,2025-02-03,JUG-113,PROD-02,UBI-PUE262,1
982,50654,2025-02-03,JUG-113,PROD-03,UBI-PUE262,1
983,50655,2026-02-16,JUG-013,PROD-04,UBI-PUE156,1
984,50656,2023-07-27,JUG-072,PROD-07,UBI-PUE013,1
985,50657,2025-10-30,JUG-096,PROD-07,UBI-PUE166,1
986,50658,2024-05-12,JUG-104,PROD-06,UBI-PUE263,1
987,50659,2024-03-01,JUG-186,PROD-02,UBI-PUE151,1
988,50660,2025-06-05,JUG-045,PROD-04,UBI-PUE208,1
989,50661,2024-02-18,JUG-225,PROD-01,UBI-PUE145,2
990,50661,2024-02-18,JUG-225,PROD-03,UBI-PUE145,1
991,50662,2025-06-14,JUG-190,PROD-07,UBI-PUE174,1
992,50663,2026-04-25,JUG-241,PROD-01,UBI-PUE051,3
993,50664,2023-10-20,JUG-170,PROD-02,UBI-PUE235,1
994,50664,2023-10-20,JUG-170,PROD-07,UBI-PUE235,3
995,50665,2026-06-11,JUG-142,PROD-03,UBI-PUE137,2
996,50666,2024-05-24,JUG-197,PROD-05,UBI-PUE196,1
997,50666,2024-05-24,JUG-197,PROD-07,UBI-PUE196,2
998,50667,2025-01-23,JUG-098,PROD-02,UBI-PUE234,2
999,50667,2025-01-23,JUG-098,PROD-03,UBI-PUE234,1
1000,50667,2025-01-23,JUG-098,PROD-08,UBI-PUE234,2
1001,50668,2024-08-22,JUG-213,PROD-06,UBI-PUE100,1
1002,50669,2025-04-17,JUG-219,PROD-01,UBI-PUE010,1
1004,50670,2025-06-29,JUG-037,PROD-05,UBI-PUE228,1
1005,50671,2026-06-20,JUG-139,PROD-08,UBI-PUE031,1
1006,50672,2024-07-16,JUG-209,PROD-07,UBI-PUE027,2
1007,50673,2025-09-02,JUG-014,PROD-08,UBI-PUE188,3
1008,50673,2025-09-02,JUG-014,PROD-03,UBI-PUE188,1
1009,50674,2024-11-05,JUG-074,PROD-05,UBI-PUE173,1
1010,50675,2025-11-29,JUG-204,PROD-04,UBI-PUE154,1
1011,50676,2023-11-30,JUG-218,PROD-04,UBI-PUE204,1
1012,50676,2023-11-30,JUG-218,PROD-01,UBI-PUE204,1
1013,50677,2026-04-28,JUG-093,PROD-03,UBI-PUE013,1
1014,50678,2025-03-01,JUG-190,PROD-07,UBI-PUE124,1
1015,50679,2023-09-05,JUG-159,PROD-05,UBI-PUE244,1
1016,50679,2023-09-05,JUG-159,PROD-08,UBI-PUE244,2
1017,50680,2026-02-16,JUG-153,PROD-03,UBI-PUE118,1
1018,50680,2026-02-16,JUG-153,PROD-07,UBI-PUE118,1
1019,50681,2024-10-01,JUG-144,PROD-04,UBI-PUE181,1
1021,50683,2024-09-22,JUG-157,PROD-02,UBI-PUE226,2
1022,50684,2024-11-03,JUG-226,PROD-06,UBI-PUE004,1
1023,50685,2025-02-14,JUG-076,PROD-02,UBI-PUE094,1
1024,50685,2025-02-14,JUG-076,PROD-06,UBI-PUE094,2
1025,50686,2023-10-24,JUG-151,PROD-08,UBI-PUE156,1
1026,50687,2026-11-27,JUG-175,PROD-01,UBI-PUE091,1
1027,50688,2024-03-20,JUG-222,PROD-01,UBI-PUE104,3
1028,50688,2024-03-20,JUG-222,PROD-06,UBI-PUE104,1
1029,50689,2024-01-09,JUG-134,PROD-03,UBI-PUE196,1
1030,50689,2024-01-09,JUG-134,PROD-05,UBI-PUE196,1
1031,50690,2023-12-28,JUG-099,PROD-05,UBI-PUE248,1
1032,50691,2024-09-30,JUG-230,PROD-03,UBI-PUE066,2
1033,50692,2023-07-10,JUG-237,PROD-04,UBI-PUE113,1
1034,50693,2026-02-28,JUG-175,PROD-08,UBI-PUE246,1
1035,50694,2025-05-20,JUG-138,PROD-01,UBI-PUE040,1
1036,50694,2025-05-20,JUG-138,PROD-07,UBI-PUE040,1
1037,50695,2024-07-12,JUG-242,PROD-08,UBI-PUE154,1
1038,50696,2023-11-22,JUG-217,PROD-07,UBI-PUE247,1
1039,50697,2023-10-04,JUG-189,PROD-05,UBI-PUE218,1
1040,50697,2023-10-04,JUG-189,PROD-06,UBI-PUE218,1
1041,50698,2025-05-27,JUG-095,PROD-04,UBI-PUE008,1
1042,50699,2024-11-24,JUG-018,PROD-01,UBI-PUE177,1
1044,50701,2023-12-14,JUG-215,PROD-01,UBI-PUE016,1
1045,50701,2023-12-14,JUG-215,PROD-06,UBI-PUE016,1
1046,50702,2023-11-06,JUG-025,PROD-01,UBI-PUE059,1
1047,50703,2025-07-27,JUG-061,PROD-01,UBI-PUE067,1
1048,50704,2024-05-14,JUG-106,PROD-03,UBI-PUE279,2
1049,50705,2024-10-31,JUG-173,PROD-06,UBI-PUE036,1
1050,50706,2024-10-12,JUG-080,PROD-06,UBI-PUE215,1
1051,50707,2023-03-17,JUG-189,PROD-08,UBI-PUE047,1
1052,50708,2026-12-24,JUG-087,PROD-02,UBI-PUE123,1
1053,50709,2025-09-28,JUG-058,PROD-08,UBI-PUE178,3
1054,50710,2024-03-23,JUG-107,PROD-02,UBI-PUE224,1
1055,50711,2024-04-01,JUG-203,PROD-03,UBI-PUE143,1
1056,50711,2024-04-01,JUG-203,PROD-04,UBI-PUE143,1
1057,50712,2025-07-03,JUG-156,PROD-07,UBI-PUE155,1
1058,50712,2025-07-03,JUG-156,PROD-07,UBI-PUE155,3
1059,50713,2025-09-20,JUG-231,PROD-07,UBI-PUE001,1
1060,50713,2025-09-20,JUG-231,PROD-04,UBI-PUE001,2
1061,50713,2025-09-20,JUG-231,PROD-01,UBI-PUE001,1
1062,50714,2025-08-04,JUG-168,PROD-01,UBI-PUE067,3
1063,50714,2025-08-04,JUG-168,PROD-08,UBI-PUE067,3
1064,50715,2024-10-28,JUG-044,PROD-04,UBI-PUE221,1
1065,50715,2024-10-28,JUG-044,PROD-07,UBI-PUE221,1
1066,50716,2025-09-19,JUG-145,PROD-05,UBI-PUE287,1
1067,50717,2025-12-28,JUG-013,PROD-07,UBI-PUE013,1
1068,50718,2026-09-16,JUG-174,PROD-05,UBI-PUE080,1
1070,50719,2026-04-15,JUG-021,PROD-05,UBI-PUE148,1
1071,50719,2026-04-15,JUG-021,PROD-08,UBI-PUE148,2
1072,50720,2025-08-23,JUG-041,PROD-03,UBI-PUE195,1
1073,50720,2025-08-23,JUG-041,PROD-06,UBI-PUE195,1
1074,50721,2025-12-10,JUG-071,PROD-06,UBI-PUE143,1
1075,50721,2025-12-10,JUG-071,PROD-08,UBI-PUE143,2
1076,50722,2026-02-15,JUG-033,PROD-03,UBI-PUE182,1
1077,50722,2026-02-15,JUG-033,PROD-08,UBI-PUE182,1
1078,50723,2024-09-17,JUG-150,PROD-04,UBI-PUE116,3
1079,50724,2025-04-19,JUG-041,PROD-05,UBI-PUE185,1
1080,50725,2025-05-19,JUG-118,PROD-05,UBI-PUE223,2
1081,50725,2025-05-19,JUG-118,PROD-05,UBI-PUE223,1
1082,50725,2025-05-19,JUG-118,PROD-01,UBI-PUE223,1
1083,50726,2025-12-20,JUG-142,PROD-03,UBI-PUE287,1
1084,50726,2025-12-20,JUG-142,PROD-08,UBI-PUE287,1
1085,50726,2025-12-20,JUG-142,PROD-06,UBI-PUE287,1
1086,50727,2026-07-25,JUG-131,PROD-03,UBI-PUE034,1
1087,50728,2025-02-11,JUG-206,PROD-03,UBI-PUE017,3
1088,50729,2024-10-21,JUG-171,PROD-03,UBI-PUE215,1
1089,50730,2025-03-02,JUG-029,PROD-08,UBI-PUE112,1
1091,50732,2024-04-30,JUG-001,PROD-02,UBI-PUE105,2
1092,50732,2024-04-30,JUG-001,PROD-01,UBI-PUE105,1
1093,50732,2024-04-30,JUG-001,PROD-04,UBI-PUE105,2
1094,50733,2025-10-30,JUG-241,PROD-01,UBI-PUE163,1
1095,50733,2025-10-30,JUG-241,PROD-01,UBI-PUE163,2
1096,50734,2025-07-14,JUG-196,PROD-01,UBI-PUE082,1
1097,50735,2024-10-24,JUG-163,PROD-03,UBI-PUE002,1
1098,50736,2023-12-15,JUG-034,PROD-03,UBI-PUE080,1
1099,50736,2023-12-15,JUG-034,PROD-06,UBI-PUE080,1
1100,50736,2023-12-15,JUG-034,PROD-06,UBI-PUE080,2
1101,50737,2025-08-20,JUG-205,PROD-08,UBI-PUE112,2
1102,50738,2025-07-12,JUG-058,PROD-02,UBI-PUE010,1
1103,50739,2026-06-24,JUG-185,PROD-05,UBI-PUE179,2
1104,50739,2026-06-24,JUG-185,PROD-04,UBI-PUE179,1
1105,50739,2026-06-24,JUG-185,PROD-08,UBI-PUE179,1
1106,50740,2024-08-19,JUG-226,PROD-03,UBI-PUE041,1
1107,50740,2024-08-19,JUG-226,PROD-02,UBI-PUE041,1
1108,50741,2025-11-08,JUG-049,PROD-01,UBI-PUE288,1
1109,50742,2025-10-19,JUG-120,PROD-06,UBI-PUE082,1
1110,50743,2024-01-08,JUG-234,PROD-02,UBI-PUE079,1
1111,50744,2025-09-24,JUG-205,PROD-04,UBI-PUE090,1
1112,50745,2024-01-24,JUG-074,PROD-06,UBI-PUE124,1
1114,50746,2024-09-26,JUG-230,PROD-03,UBI-PUE221,1
1115,50747,2023-10-23,JUG-094,PROD-06,UBI-PUE087,1
1116,50748,2025-09-20,JUG-211,PROD-08,UBI-PUE203,2
1117,50749,2024-12-17,JUG-228,PROD-01,UBI-PUE209,1
1118,50750,2026-09-30,JUG-057,PROD-07,UBI-PUE212,1
1119,50750,2026-09-30,JUG-057,PROD-06,UBI-PUE212,2
1120,50751,2024-08-04,JUG-181,PROD-03,UBI-PUE248,1
1121,50751,2024-08-04,JUG-181,PROD-06,UBI-PUE248,1
1122,50752,2026-01-17,JUG-131,PROD-03,UBI-PUE264,1
1123,50753,2024-03-04,JUG-024,PROD-07,UBI-PUE107,1
1124,50753,2024-03-04,JUG-024,PROD-02,UBI-PUE107,2
1125,50754,2023-11-03,JUG-225,PROD-02,UBI-PUE247,1
1126,50754,2023-11-03,JUG-225,PROD-07,UBI-PUE247,3
1127,50755,2023-12-16,JUG-080,PROD-02,UBI-PUE047,1
1129,50757,2023-10-28,JUG-173,PROD-06,UBI-PUE067,1
1130,50758,2026-01-13,JUG-172,PROD-08,UBI-PUE050,1
1131,50759,2025-06-03,JUG-041,PROD-01,UBI-PUE119,3
1132,50760,2024-10-16,JUG-108,PROD-07,UBI-PUE058,1
1133,50761,2026-03-17,JUG-082,PROD-08,UBI-PUE053,1
1134,50762,2024-05-04,JUG-081,PROD-02,UBI-PUE032,1
1135,50763,2024-08-16,JUG-080,PROD-01,UBI-PUE240,1
1136,50764,2024-07-26,JUG-138,PROD-02,UBI-PUE091,1
1137,50765,2023-07-14,JUG-197,PROD-05,UBI-PUE141,1
1138,50766,2026-07-03,JUG-153,PROD-01,UBI-PUE043,1
1139,50767,2024-08-10,JUG-098,PROD-03,UBI-PUE154,1
1140,50768,2023-10-01,JUG-104,PROD-05,UBI-PUE201,1
1141,50768,2023-10-01,JUG-104,PROD-04,UBI-PUE201,2
1142,50769,2026-09-28,JUG-055,PROD-01,UBI-PUE056,1
1143,50770,2023-05-01,JUG-069,PROD-08,UBI-PUE005,1
1144,50771,2023-07-29,JUG-189,PROD-03,UBI-PUE286,1
1145,50772,2024-08-28,JUG-143,PROD-07,UBI-PUE152,2
1146,50773,2024-09-21,JUG-151,PROD-04,UBI-PUE215,2
1147,50774,2025-08-01,JUG-196,PROD-02,UBI-PUE058,3
1148,50775,2025-05-06,JUG-154,PROD-07,UBI-PUE116,2
1149,50776,2025-05-14,JUG-178,PROD-04,UBI-PUE267,2
1150,50776,2025-05-14,JUG-178,PROD-07,UBI-PUE267,1
1151,50777,2023-11-19,JUG-080,PROD-06,UBI-PUE225,1
1152,50777,2023-11-19,JUG-080,PROD-01,UBI-PUE225,1
1153,50778,2025-05-25,JUG-023,PROD-02,UBI-PUE115,1
1154,50779,2026-09-02,JUG-123,PROD-04,UBI-PUE090,1
1155,50780,2025-06-05,JUG-036,PROD-08,UBI-PUE002,1
1156,50781,2024-11-13,JUG-130,PROD-07,UBI-PUE174,1
1157,50782,2026-01-15,JUG-196,PROD-06,UBI-PUE224,1
1158,50783,2026-07-12,JUG-091,PROD-05,UBI-PUE121,1
1159,50784,2023-06-11,JUG-140,PROD-06,UBI-PUE147,1
1160,50785,2024-03-10,JUG-157,PROD-07,UBI-PUE006,2
1161,50786,2024-01-27,JUG-053,PROD-05,UBI-PUE251,1
1162,50786,2024-01-27,JUG-053,PROD-05,UBI-PUE251,2
1163,50787,2025-10-24,JUG-116,PROD-03,UBI-PUE153,2
1164,50787,2025-10-24,JUG-116,PROD-02,UBI-PUE153,1
1165,50787,2025-10-24,JUG-116,PROD-04,UBI-PUE153,1
1166,50788,2025-12-25,JUG-078,PROD-06,UBI-PUE075,1
1167,50788,2025-12-25,JUG-078,PROD-08,UBI-PUE075,1
1169,50789,2026-01-14,JUG-030,PROD-08,UBI-PUE012,3
1170,50790,2025-05-22,JUG-156,PROD-03,UBI-PUE098,1
1171,50791,2026-07-22,JUG-043,PROD-03,UBI-PUE228,2
1173,50792,2023-12-21,JUG-053,PROD-06,UBI-PUE100,1
1174,50793,2025-07-27,JUG-182,PROD-01,UBI-PUE140,1
1175,50794,2024-02-03,JUG-187,PROD-06,UBI-PUE039,1
1176,50795,2023-08-08,JUG-170,PROD-08,UBI-PUE233,2
1177,50796,2023-12-22,JUG-126,PROD-03,UBI-PUE088,1
1178,50796,2023-12-22,JUG-126,PROD-06,UBI-PUE088,3
1179,50797,2025-07-21,JUG-163,PROD-07,UBI-PUE130,1
1180,50798,2024-12-11,JUG-219,PROD-08,UBI-PUE223,1
1181,50799,2025-12-24,JUG-029,PROD-06,UBI-PUE030,1
1182,50799,2025-12-24,JUG-029,PROD-01,UBI-PUE030,2
1183,50799,2025-12-24,JUG-029,PROD-05,UBI-PUE030,1
1184,50800,2024-06-21,JUG-015,PROD-06,UBI-PUE174,1
1185,50801,2025-11-17,JUG-162,PROD-06,UBI-PUE110,1
1186,50801,2025-11-17,JUG-162,PROD-01,UBI-PUE110,1
1187,50802,2023-12-25,JUG-218,PROD-05,UBI-PUE262,1
1188,50803,2024-07-30,JUG-163,PROD-06,UBI-PUE223,1
1189,50804,2024-05-01,JUG-170,PROD-04,UBI-PUE233,1
1190,50804,2024-05-01,JUG-170,PROD-07,UBI-PUE233,2
1191,50805,2024-12-04,JUG-015,PROD-01,UBI-PUE153,1
1192,50806,2025-02-01,JUG-136,PROD-08,UBI-PUE111,1
1193,50807,2024-08-25,JUG-219,PROD-06,UBI-PUE193,1
1194,50808,2026-02-05,JUG-166,PROD-06,UBI-PUE231,1
1195,50808,2026-02-05,JUG-166,PROD-03,UBI-PUE231,1
1196,50809,2026-11-27,JUG-090,PROD-01,UBI-PUE169,3
1197,50809,2026-11-27,JUG-090,PROD-03,UBI-PUE169,1
1198,50810,2025-03-14,JUG-190,PROD-05,UBI-PUE220,2
1199,50810,2025-03-14,JUG-190,PROD-08,UBI-PUE220,1
1200,50811,2025-03-09,JUG-164,PROD-07,UBI-PUE217,1
1201,50812,2025-03-14,JUG-196,PROD-06,UBI-PUE035,1
1202,50812,2025-03-14,JUG-196,PROD-08,UBI-PUE035,1
1203,50813,2024-06-19,JUG-191,PROD-08,UBI-PUE011,2
1204,50814,2025-01-25,JUG-209,PROD-08,UBI-PUE059,1
1206,50815,2023-12-09,JUG-169,PROD-02,UBI-PUE071,1
1207,50816,2026-04-26,JUG-139,PROD-01,UBI-PUE145,1
1208,50817,2023-12-01,JUG-217,PROD-02,UBI-PUE033,1
1209,50818,2024-03-16,JUG-083,PROD-02,UBI-PUE163,1
1210,50819,2026-03-06,JUG-220,PROD-01,UBI-PUE098,1
1211,50819,2026-03-06,JUG-220,PROD-01,UBI-PUE098,3
1212,50820,2023-12-19,JUG-084,PROD-05,UBI-PUE203,1
1213,50821,2026-03-06,JUG-071,PROD-05,UBI-PUE277,1
1214,50822,2024-10-25,JUG-242,PROD-02,UBI-PUE017,2
1215,50822,2024-10-25,JUG-242,PROD-06,UBI-PUE017,1
1216,50822,2024-10-25,JUG-242,PROD-07,UBI-PUE017,3
1217,50823,2023-07-06,JUG-002,PROD-04,UBI-PUE185,1
1218,50823,2023-07-06,JUG-002,PROD-07,UBI-PUE185,1
1219,50824,2024-06-03,JUG-135,PROD-06,UBI-PUE189,1
1220,50825,2026-11-09,JUG-033,PROD-06,UBI-PUE240,1
1221,50826,2023-12-14,JUG-064,PROD-01,UBI-PUE081,1
1222,50827,2026-05-25,JUG-077,PROD-03,UBI-PUE011,2
1223,50827,2026-05-25,JUG-077,PROD-05,UBI-PUE011,2
1224,50828,2025-02-08,JUG-111,PROD-07,UBI-PUE014,1
1225,50829,2023-11-23,JUG-214,PROD-06,UBI-PUE116,1
1226,50829,2023-11-23,JUG-214,PROD-04,UBI-PUE116,1
1227,50829,2023-11-23,JUG-214,PROD-08,UBI-PUE116,1
1228,50830,2024-04-22,JUG-062,PROD-03,UBI-PUE286,1
1229,50830,2024-04-22,JUG-062,PROD-02,UBI-PUE286,1
1231,50831,2025-11-23,JUG-022,PROD-06,UBI-PUE023,1
1232,50831,2025-11-23,JUG-022,PROD-07,UBI-PUE023,1
1233,50832,2024-06-07,JUG-239,PROD-06,UBI-PUE231,1
1234,50833,2025-06-10,JUG-163,PROD-03,UBI-PUE065,1
1235,50834,2024-02-26,JUG-167,PROD-03,UBI-PUE089,1
1236,50834,2024-02-26,JUG-167,PROD-06,UBI-PUE089,1
1237,50835,2024-07-05,JUG-206,PROD-01,UBI-PUE275,1
1238,50836,2024-06-17,JUG-019,PROD-06,UBI-PUE255,1
1239,50836,2024-06-17,JUG-019,PROD-07,UBI-PUE255,1
1240,50836,2024-06-17,JUG-019,PROD-03,UBI-PUE255,1
1241,50837,2025-01-17,JUG-190,PROD-06,UBI-PUE226,1
1242,50838,2024-09-02,JUG-111,PROD-07,UBI-PUE166,2
1243,50839,2024-12-20,JUG-032,PROD-05,UBI-PUE011,1
1244,50840,2026-01-21,JUG-171,PROD-04,UBI-PUE136,1
1245,50840,2026-01-21,JUG-171,PROD-02,UBI-PUE136,1
1246,50841,2024-02-08,JUG-132,PROD-03,UBI-PUE024,1
1248,50842,2024-05-21,JUG-107,PROD-06,UBI-PUE171,1
1249,50842,2024-05-21,JUG-107,PROD-02,UBI-PUE171,1
1250,50843,2025-04-05,JUG-141,PROD-01,UBI-PUE103,2
1251,50844,2024-06-11,JUG-081,PROD-03,UBI-PUE133,1
1252,50844,2024-06-11,JUG-081,PROD-02,UBI-PUE133,1
1253,50844,2024-06-11,JUG-081,PROD-01,UBI-PUE133,1
1254,50845,2023-12-31,JUG-148,PROD-06,UBI-PUE166,1
1255,50846,2023-11-29,JUG-244,PROD-07,UBI-PUE268,1
1256,50847,2023-06-01,JUG-135,PROD-08,UBI-PUE250,1
1257,50847,2023-06-01,JUG-135,PROD-07,UBI-PUE250,2
1258,50848,2024-06-10,JUG-207,PROD-05,UBI-PUE163,2
1259,50848,2024-06-10,JUG-207,PROD-08,UBI-PUE163,1
1260,50849,2025-03-26,JUG-190,PROD-02,UBI-PUE018,1
1261,50850,2025-05-27,JUG-044,PROD-01,UBI-PUE089,1
1262,50850,2025-05-27,JUG-044,PROD-08,UBI-PUE089,1
1263,50851,2025-08-28,JUG-178,PROD-06,UBI-PUE112,1
1264,50851,2025-08-28,JUG-178,PROD-02,UBI-PUE112,1
1265,50852,2024-09-28,JUG-209,PROD-02,UBI-PUE060,2
1266,50853,2025-08-02,JUG-136,PROD-02,UBI-PUE091,2
1267,50854,2023-12-11,JUG-002,PROD-08,UBI-PUE061,1
1268,50855,2023-09-27,JUG-188,PROD-01,UBI-PUE230,2
1269,50856,2025-09-05,JUG-124,PROD-03,UBI-PUE125,3
1270,50857,2024-01-07,JUG-032,PROD-04,UBI-PUE085,1
1271,50858,2024-07-26,JUG-187,PROD-03,UBI-PUE118,1
1272,50859,2026-04-09,JUG-087,PROD-03,UBI-PUE192,3
1273,50860,2023-11-06,JUG-160,PROD-06,UBI-PUE281,2
1274,50861,2025-04-21,JUG-003,PROD-08,UBI-PUE253,1
1275,50861,2025-04-21,JUG-003,PROD-06,UBI-PUE253,2
1276,50861,2025-04-21,JUG-003,PROD-01,UBI-PUE253,2
1277,50862,2024-03-11,JUG-019,PROD-01,UBI-PUE250,1
1279,50863,2024-04-22,JUG-213,PROD-06,UBI-PUE118,2
1280,50863,2024-04-22,JUG-213,PROD-04,UBI-PUE118,2
1281,50863,2024-04-22,JUG-213,PROD-03,UBI-PUE118,1
1282,50864,2025-06-13,JUG-088,PROD-05,UBI-PUE087,1
1283,50864,2025-06-13,JUG-088,PROD-06,UBI-PUE087,2
1284,50865,2026-10-06,JUG-129,PROD-08,UBI-PUE067,1
1285,50866,2025-01-13,JUG-107,PROD-03,UBI-PUE274,1
1286,50867,2024-02-24,JUG-019,PROD-06,UBI-PUE137,1
1287,50868,2024-04-26,JUG-037,PROD-08,UBI-PUE208,1
1289,50870,2024-03-03,JUG-157,PROD-05,UBI-PUE272,2
1290,50871,2023-12-21,JUG-157,PROD-07,UBI-PUE028,1
1291,50872,2025-11-09,JUG-199,PROD-08,UBI-PUE007,1
1292,50873,2025-12-30,JUG-036,PROD-04,UBI-PUE110,1
1293,50874,2025-05-16,JUG-137,PROD-05,UBI-PUE046,1
1294,50875,2023-08-09,JUG-132,PROD-05,UBI-PUE282,1
1295,50876,2026-03-27,JUG-211,PROD-02,UBI-PUE048,1
1296,50877,2026-03-27,JUG-014,PROD-03,UBI-PUE287,1
1298,50878,2025-01-24,JUG-239,PROD-02,UBI-PUE203,2
1299,50879,2024-02-19,JUG-134,PROD-05,UBI-PUE064,1
1300,50880,2025-02-14,JUG-196,PROD-04,UBI-PUE278,1
1301,50880,2025-02-14,JUG-196,PROD-05,UBI-PUE278,2
1302,50881,2025-08-21,JUG-129,PROD-05,UBI-PUE254,3
1303,50881,2025-08-21,JUG-129,PROD-06,UBI-PUE254,2
1304,50881,2025-08-21,JUG-129,PROD-01,UBI-PUE254,1
1305,50882,2025-08-15,JUG-091,PROD-02,UBI-PUE268,1
1306,50883,2024-05-05,JUG-234,PROD-08,UBI-PUE071,1
1307,50884,2023-09-24,JUG-203,PROD-05,UBI-PUE249,1
1308,50884,2023-09-24,JUG-203,PROD-04,UBI-PUE249,2
1309,50885,2026-11-04,JUG-090,PROD-06,UBI-PUE181,1
1310,50885,2026-11-04,JUG-090,PROD-04,UBI-PUE181,1
1311,50886,2025-04-26,JUG-036,PROD-03,UBI-PUE152,2
1312,50886,2025-04-26,JUG-036,PROD-03,UBI-PUE152,1
1313,50887,2026-02-01,JUG-096,PROD-02,UBI-PUE180,1
1314,50887,2026-02-01,JUG-096,PROD-05,UBI-PUE180,1
1315,50888,2026-04-08,JUG-142,PROD-05,UBI-PUE103,1
1316,50889,2024-08-19,JUG-191,PROD-06,UBI-PUE036,1
1317,50890,2024-04-25,JUG-074,PROD-03,UBI-PUE007,1
1318,50890,2024-04-25,JUG-074,PROD-07,UBI-PUE007,1
1319,50891,2025-06-24,JUG-110,PROD-03,UBI-PUE118,2
1320,50891,2025-06-24,JUG-110,PROD-02,UBI-PUE118,1
1321,50891,2025-06-24,JUG-110,PROD-04,UBI-PUE118,1
1322,50892,2023-07-26,JUG-247,PROD-07,UBI-PUE254,1
1323,50893,2026-06-05,JUG-021,PROD-01,UBI-PUE086,1
1324,50893,2026-06-05,JUG-021,PROD-07,UBI-PUE086,1
1325,50893,2026-06-05,JUG-021,PROD-06,UBI-PUE086,1
1326,50894,2025-06-17,JUG-018,PROD-05,UBI-PUE128,1
1327,50894,2025-06-17,JUG-018,PROD-08,UBI-PUE128,1
1328,50894,2025-06-17,JUG-018,PROD-05,UBI-PUE128,2
1329,50895,2025-02-11,JUG-242,PROD-08,UBI-PUE192,1
1330,50896,2025-07-15,JUG-061,PROD-07,UBI-PUE253,1
1331,50897,2024-05-10,JUG-152,PROD-04,UBI-PUE237,1
1332,50898,2023-04-04,JUG-187,PROD-06,UBI-PUE135,2
1333,50898,2023-04-04,JUG-187,PROD-01,UBI-PUE135,1
1334,50899,2025-07-13,JUG-139,PROD-01,UBI-PUE050,2
1335,50900,2024-09-08,JUG-207,PROD-04,UBI-PUE193,1
1336,50900,2024-09-08,JUG-207,PROD-02,UBI-PUE193,1
1337,50901,2024-06-24,JUG-070,PROD-05,UBI-PUE212,1
1338,50901,2024-06-24,JUG-070,PROD-07,UBI-PUE212,1
1339,50901,2024-06-24,JUG-070,PROD-06,UBI-PUE212,1
1340,50902,2025-06-22,JUG-138,PROD-03,UBI-PUE270,1
1341,50903,2023-05-04,JUG-159,PROD-07,UBI-PUE276,1
1342,50904,2023-02-25,JUG-189,PROD-01,UBI-PUE192,1
1343,50904,2023-02-25,JUG-189,PROD-04,UBI-PUE192,3
1344,50905,2025-03-25,JUG-199,PROD-01,UBI-PUE283,1
1345,50905,2025-03-25,JUG-199,PROD-08,UBI-PUE283,1
1346,50906,2023-07-13,JUG-128,PROD-02,UBI-PUE242,1
1347,50907,2024-02-02,JUG-161,PROD-08,UBI-PUE176,1
1348,50908,2026-05-28,JUG-127,PROD-06,UBI-PUE156,1
1349,50909,2024-06-02,JUG-203,PROD-03,UBI-PUE241,1
1350,50910,2023-11-29,JUG-074,PROD-03,UBI-PUE244,2
1351,50911,2024-12-07,JUG-042,PROD-03,UBI-PUE265,3
1352,50911,2024-12-07,JUG-042,PROD-05,UBI-PUE265,1
1353,50912,2026-05-23,JUG-014,PROD-01,UBI-PUE039,1
1354,50913,2026-06-08,JUG-174,PROD-02,UBI-PUE169,1
1355,50913,2026-06-08,JUG-174,PROD-07,UBI-PUE169,1
1356,50914,2025-01-12,JUG-053,PROD-03,UBI-PUE222,1
1357,50915,2025-02-08,JUG-111,PROD-05,UBI-PUE248,1
1358,50916,2026-03-25,JUG-031,PROD-01,UBI-PUE132,2
1359,50916,2026-03-25,JUG-031,PROD-02,UBI-PUE132,1
1360,50917,2024-07-10,JUG-019,PROD-07,UBI-PUE161,1
1361,50918,2025-07-28,JUG-051,PROD-04,UBI-PUE282,1
1362,50919,2026-02-15,JUG-078,PROD-01,UBI-PUE232,2
1363,50920,2025-05-25,JUG-058,PROD-05,UBI-PUE127,1
1364,50921,2025-01-15,JUG-200,PROD-02,UBI-PUE023,1
1365,50922,2024-12-22,JUG-025,PROD-05,UBI-PUE197,1
1366,50923,2026-07-31,JUG-091,PROD-06,UBI-PUE062,1
1367,50924,2025-06-20,JUG-045,PROD-05,UBI-PUE072,1
1368,50924,2025-06-20,JUG-045,PROD-04,UBI-PUE072,1
1369,50925,2025-05-14,JUG-164,PROD-03,UBI-PUE088,2
1370,50925,2025-05-14,JUG-164,PROD-07,UBI-PUE088,1
1371,50925,2025-05-14,JUG-164,PROD-08,UBI-PUE088,2
1372,50926,2025-09-01,JUG-041,PROD-02,UBI-PUE164,1
1373,50926,2025-09-01,JUG-041,PROD-06,UBI-PUE164,1
1375,50927,2025-11-16,JUG-075,PROD-03,UBI-PUE168,1
1376,50928,2024-01-17,JUG-192,PROD-06,UBI-PUE166,1
1377,50929,2024-09-06,JUG-169,PROD-08,UBI-PUE087,1
1378,50930,2024-05-03,JUG-184,PROD-08,UBI-PUE273,1
1379,50931,2024-06-03,JUG-181,PROD-08,UBI-PUE244,1
1381,50932,2025-06-15,JUG-224,PROD-07,UBI-PUE075,1
1382,50933,2026-08-02,JUG-220,PROD-04,UBI-PUE277,3
1383,50934,2024-04-16,JUG-218,PROD-01,UBI-PUE187,1
1385,50935,2024-05-23,JUG-010,PROD-01,UBI-PUE249,1
1386,50936,2024-03-20,JUG-150,PROD-02,UBI-PUE018,1
1387,50937,2024-04-26,JUG-069,PROD-07,UBI-PUE229,1
1388,50937,2024-04-26,JUG-069,PROD-06,UBI-PUE229,1
1389,50938,2025-08-13,JUG-018,PROD-02,UBI-PUE181,1
1390,50939,2024-07-26,JUG-235,PROD-06,UBI-PUE154,2
1391,50939,2024-07-26,JUG-235,PROD-02,UBI-PUE154,3
1392,50939,2024-07-26,JUG-235,PROD-08,UBI-PUE154,2
1393,50940,2024-07-14,JUG-024,PROD-03,UBI-PUE096,1
1394,50940,2024-07-14,JUG-024,PROD-07,UBI-PUE096,1
1395,50940,2024-07-14,JUG-024,PROD-02,UBI-PUE096,1
1396,50941,2024-09-10,JUG-235,PROD-07,UBI-PUE210,1
1397,50941,2024-09-10,JUG-235,PROD-03,UBI-PUE210,1
1398,50941,2024-09-10,JUG-235,PROD-06,UBI-PUE210,2
1399,50942,2023-08-11,JUG-134,PROD-06,UBI-PUE059,1
1400,50942,2023-08-11,JUG-134,PROD-03,UBI-PUE059,1
1401,50943,2023-10-25,JUG-184,PROD-01,UBI-PUE176,2
1402,50943,2023-10-25,JUG-184,PROD-04,UBI-PUE176,1
1403,50944,2025-11-26,JUG-121,PROD-04,UBI-PUE180,1
1404,50945,2023-07-02,JUG-223,PROD-06,UBI-PUE041,1
1405,50946,2025-07-25,JUG-182,PROD-07,UBI-PUE006,1
1406,50947,2024-03-25,JUG-169,PROD-07,UBI-PUE271,2
1407,50948,2023-04-25,JUG-039,PROD-02,UBI-PUE188,1
1408,50949,2025-07-05,JUG-114,PROD-06,UBI-PUE251,1
1409,50949,2025-07-05,JUG-114,PROD-05,UBI-PUE251,1
1410,50950,2024-08-26,JUG-188,PROD-03,UBI-PUE059,1
1411,50950,2024-08-26,JUG-188,PROD-02,UBI-PUE059,2
1412,50951,2023-08-26,JUG-128,PROD-01,UBI-PUE192,1
1413,50952,2023-03-01,JUG-149,PROD-04,UBI-PUE100,1
1414,50953,2025-05-22,JUG-231,PROD-03,UBI-PUE034,1
1415,50953,2025-05-22,JUG-231,PROD-05,UBI-PUE034,1
1416,50954,2026-03-30,JUG-118,PROD-06,UBI-PUE072,1
1417,50955,2026-01-09,JUG-196,PROD-07,UBI-PUE228,2
1418,50956,2025-02-15,JUG-025,PROD-02,UBI-PUE127,1
1419,50956,2025-02-15,JUG-025,PROD-03,UBI-PUE127,1
1420,50957,2023-07-08,JUG-117,PROD-05,UBI-PUE249,1
1421,50957,2023-07-08,JUG-117,PROD-06,UBI-PUE249,2
1422,50958,2024-03-19,JUG-230,PROD-06,UBI-PUE177,1
1423,50959,2026-03-04,JUG-004,PROD-02,UBI-PUE064,1
1424,50959,2026-03-04,JUG-004,PROD-05,UBI-PUE064,1
1425,50960,2024-05-14,JUG-067,PROD-02,UBI-PUE223,1
1426,50960,2024-05-14,JUG-067,PROD-07,UBI-PUE223,1
1427,50961,2025-03-18,JUG-199,PROD-05,UBI-PUE118,2
1428,50962,2025-04-01,JUG-216,PROD-04,UBI-PUE046,2
1429,50963,2024-08-23,JUG-135,PROD-06,UBI-PUE179,1
1430,50964,2026-04-13,JUG-168,PROD-06,UBI-PUE008,1
1431,50964,2026-04-13,JUG-168,PROD-01,UBI-PUE008,2
1432,50965,2023-08-17,JUG-215,PROD-06,UBI-PUE120,1
1433,50966,2024-03-14,JUG-239,PROD-08,UBI-PUE138,1
1434,50966,2024-03-14,JUG-239,PROD-04,UBI-PUE138,1
1436,50967,2026-06-01,JUG-139,PROD-05,UBI-PUE133,2
1437,50967,2026-06-01,JUG-139,PROD-03,UBI-PUE133,1
1438,50967,2026-06-01,JUG-139,PROD-01,UBI-PUE133,1
1439,50968,2025-11-25,JUG-073,PROD-01,UBI-PUE105,1
1440,50968,2025-11-25,JUG-073,PROD-07,UBI-PUE105,1
1441,50969,2025-11-26,JUG-139,PROD-01,UBI-PUE107,1
1442,50970,2025-05-17,JUG-113,PROD-01,UBI-PUE253,2
1443,50970,2025-05-17,JUG-113,PROD-03,UBI-PUE253,1
1444,50970,2025-05-17,JUG-113,PROD-07,UBI-PUE253,2
1445,50971,2025-12-30,JUG-216,PROD-06,UBI-PUE193,1
1446,50972,2023-04-20,JUG-148,PROD-05,UBI-PUE241,1
1447,50972,2023-04-20,JUG-148,PROD-02,UBI-PUE241,1
1448,50973,2023-12-16,JUG-181,PROD-05,UBI-PUE082,1
1449,50973,2023-12-16,JUG-181,PROD-02,UBI-PUE082,2
1450,50974,2024-08-23,JUG-230,PROD-06,UBI-PUE006,1
1451,50974,2024-08-23,JUG-230,PROD-02,UBI-PUE006,1
1452,50974,2024-08-23,JUG-230,PROD-05,UBI-PUE006,1
1453,50975,2024-12-24,JUG-063,PROD-04,UBI-PUE155,1
1454,50976,2024-05-30,JUG-060,PROD-04,UBI-PUE264,1
1455,50977,2024-04-09,JUG-069,PROD-08,UBI-PUE281,1
1456,50978,2025-10-31,JUG-013,PROD-01,UBI-PUE113,1
1457,50979,2024-08-25,JUG-222,PROD-04,UBI-PUE206,1
1458,50980,2025-02-09,JUG-227,PROD-03,UBI-PUE275,1
1459,50980,2025-02-09,JUG-227,PROD-01,UBI-PUE275,1
1460,50980,2025-02-09,JUG-227,PROD-05,UBI-PUE275,1
1461,50981,2023-11-12,JUG-187,PROD-04,UBI-PUE159,1
1462,50982,2026-09-23,JUG-057,PROD-07,UBI-PUE112,1
1463,50983,2024-08-17,JUG-242,PROD-06,UBI-PUE126,1
1464,50984,2025-12-27,JUG-041,PROD-05,UBI-PUE176,1
1465,50985,2024-01-25,JUG-238,PROD-03,UBI-PUE084,1
1466,50986,2024-04-01,JUG-067,PROD-03,UBI-PUE261,1
1467,50987,2025-11-16,JUG-166,PROD-07,UBI-PUE253,1
1468,50987,2025-11-16,JUG-166,PROD-06,UBI-PUE253,1
1469,50987,2025-11-16,JUG-166,PROD-04,UBI-PUE253,1
1470,50988,2026-07-16,JUG-057,PROD-05,UBI-PUE194,1
1471,50989,2024-05-21,JUG-150,PROD-03,UBI-PUE093,1
1473,50989,2024-05-21,JUG-150,PROD-07,UBI-PUE093,1
1474,50990,2024-05-21,JUG-230,PROD-01,UBI-PUE108,1
1475,50991,2025-12-03,JUG-121,PROD-04,UBI-PUE080,1
1477,50992,2024-10-17,JUG-213,PROD-05,UBI-PUE148,1
1478,50992,2024-10-17,JUG-213,PROD-04,UBI-PUE148,1
1480,50993,2024-07-17,JUG-179,PROD-03,UBI-PUE049,1
1481,50993,2024-07-17,JUG-179,PROD-07,UBI-PUE049,2
1482,50994,2024-11-10,JUG-137,PROD-08,UBI-PUE176,1
1483,50995,2023-12-07,JUG-074,PROD-08,UBI-PUE280,2
1484,50996,2026-02-25,JUG-123,PROD-01,UBI-PUE111,1
1485,50997,2024-08-19,JUG-028,PROD-01,UBI-PUE218,1
1486,50998,2026-05-15,JUG-168,PROD-03,UBI-PUE177,1
1487,50999,2026-02-23,JUG-078,PROD-01,UBI-PUE045,1
1488,51000,2025-11-24,JUG-139,PROD-05,UBI-PUE207,1
1489,51001,2024-12-14,JUG-242,PROD-05,UBI-PUE141,1
1490,51002,2024-02-17,JUG-234,PROD-05,UBI-PUE204,1
1491,51003,2024-07-14,JUG-234,PROD-06,UBI-PUE006,1
1492,51004,2024-08-05,JUG-228,PROD-03,UBI-PUE119,1
1493,51004,2024-08-05,JUG-228,PROD-04,UBI-PUE119,2
1494,51005,2024-09-03,JUG-085,PROD-03,UBI-PUE196,1
1495,51005,2024-09-03,JUG-085,PROD-08,UBI-PUE196,1
1496,51006,2025-08-03,JUG-016,PROD-03,UBI-PUE177,1
1497,51006,2025-08-03,JUG-016,PROD-04,UBI-PUE177,1
1498,51007,2024-11-15,JUG-207,PROD-06,UBI-PUE238,3
1499,51008,2024-01-06,JUG-119,PROD-08,UBI-PUE279,2
1500,51009,2025-09-27,JUG-163,PROD-08,UBI-PUE283,1
1501,51009,2025-09-27,JUG-163,PROD-01,UBI-PUE283,1
1502,51010,2024-06-06,JUG-150,PROD-04,UBI-PUE063,1
1503,51011,2025-12-01,JUG-077,PROD-02,UBI-PUE092,1
1504,51011,2025-12-01,JUG-077,PROD-04,UBI-PUE092,1
1505,51012,2024-12-07,JUG-244,PROD-02,UBI-PUE016,2
1506,51012,2024-12-07,JUG-244,PROD-06,UBI-PUE016,1
1507,51012,2024-12-07,JUG-244,PROD-07,UBI-PUE016,1
1508,51013,2025-11-20,JUG-041,PROD-04,UBI-PUE174,1
1509,51013,2025-11-20,JUG-041,PROD-06,UBI-PUE174,1
1510,51014,2024-04-14,JUG-042,PROD-07,UBI-PUE102,1
1511,51014,2024-04-14,JUG-042,PROD-06,UBI-PUE102,1
1512,51015,2024-10-31,JUG-196,PROD-03,UBI-PUE254,1
1513,51016,2025-04-17,JUG-077,PROD-04,UBI-PUE075,1
1515,51017,2024-06-27,JUG-160,PROD-03,UBI-PUE140,1
1516,51018,2026-04-02,JUG-007,PROD-06,UBI-PUE232,2
1517,51018,2026-04-02,JUG-007,PROD-04,UBI-PUE232,1
1518,51019,2024-10-29,JUG-154,PROD-02,UBI-PUE084,1
1519,51020,2025-11-30,JUG-144,PROD-03,UBI-PUE223,1
1520,51021,2025-02-05,JUG-037,PROD-03,UBI-PUE097,1
1521,51022,2026-07-17,JUG-211,PROD-02,UBI-PUE283,3
1522,51022,2026-07-17,JUG-211,PROD-04,UBI-PUE283,1
1523,51023,2023-11-10,JUG-064,PROD-04,UBI-PUE193,1
1524,51024,2025-05-29,JUG-156,PROD-01,UBI-PUE143,1
1525,51024,2025-05-29,JUG-156,PROD-04,UBI-PUE143,3
1526,51025,2024-03-08,JUG-148,PROD-04,UBI-PUE265,1
1527,51026,2026-08-27,JUG-038,PROD-07,UBI-PUE134,2
1528,51027,2025-09-07,JUG-071,PROD-08,UBI-PUE127,1
1529,51027,2025-09-07,JUG-071,PROD-05,UBI-PUE127,1
1530,51028,2024-08-21,JUG-143,PROD-01,UBI-PUE276,2
1531,51028,2024-08-21,JUG-143,PROD-07,UBI-PUE276,2
1532,51028,2024-08-21,JUG-143,PROD-05,UBI-PUE276,1
1533,51029,2024-07-29,JUG-088,PROD-06,UBI-PUE048,1
1534,51030,2024-02-25,JUG-206,PROD-04,UBI-PUE097,1
1535,51031,2024-08-26,JUG-226,PROD-02,UBI-PUE192,1
1536,51031,2024-08-26,JUG-226,PROD-03,UBI-PUE192,1
1537,51031,2024-08-26,JUG-226,PROD-08,UBI-PUE192,1
1538,51032,2026-02-17,JUG-175,PROD-05,UBI-PUE175,1
1539,51033,2025-08-21,JUG-082,PROD-08,UBI-PUE227,1
1540,51034,2024-06-07,JUG-130,PROD-07,UBI-PUE213,1
1541,51035,2024-08-27,JUG-235,PROD-08,UBI-PUE185,1
1542,51036,2025-02-07,JUG-239,PROD-02,UBI-PUE078,2
1543,51037,2026-02-20,JUG-038,PROD-07,UBI-PUE170,1
1544,51038,2024-12-13,JUG-092,PROD-05,UBI-PUE089,1
1545,51039,2025-02-17,JUG-138,PROD-05,UBI-PUE214,1
1546,51039,2025-02-17,JUG-138,PROD-06,UBI-PUE214,1
1547,51039,2025-02-17,JUG-138,PROD-04,UBI-PUE214,1
1548,51040,2026-09-16,JUG-147,PROD-03,UBI-PUE155,2
1549,51041,2024-11-05,JUG-171,PROD-01,UBI-PUE182,3
1550,51042,2024-08-30,JUG-068,PROD-08,UBI-PUE234,1
1551,51042,2024-08-30,JUG-068,PROD-05,UBI-PUE234,1
1552,51043,2024-07-29,JUG-001,PROD-04,UBI-PUE077,1
1553,51043,2024-07-29,JUG-001,PROD-08,UBI-PUE077,1
1554,51044,2024-04-19,JUG-230,PROD-08,UBI-PUE196,1
1555,51045,2024-09-03,JUG-213,PROD-01,UBI-PUE090,1
1556,51045,2024-09-03,JUG-213,PROD-02,UBI-PUE090,1
1557,51046,2023-08-22,JUG-039,PROD-05,UBI-PUE110,1
1558,51047,2025-10-28,JUG-073,PROD-03,UBI-PUE269,1
1559,51048,2024-05-12,JUG-110,PROD-08,UBI-PUE287,1
1560,51048,2024-05-12,JUG-110,PROD-01,UBI-PUE287,2
1561,51049,2025-07-16,JUG-116,PROD-01,UBI-PUE265,1
1562,51049,2025-07-16,JUG-116,PROD-03,UBI-PUE265,3
1563,51050,2023-12-11,JUG-242,PROD-05,UBI-PUE086,1
1564,51051,2025-07-11,JUG-199,PROD-05,UBI-PUE180,1
1565,51052,2025-12-14,JUG-090,PROD-04,UBI-PUE196,1
1566,51052,2025-12-14,JUG-090,PROD-05,UBI-PUE196,1
1567,51053,2024-05-03,JUG-107,PROD-06,UBI-PUE047,2
1568,51053,2024-05-03,JUG-107,PROD-01,UBI-PUE047,1
1569,51054,2023-11-07,JUG-143,PROD-07,UBI-PUE175,1
1570,51054,2023-11-07,JUG-143,PROD-01,UBI-PUE175,2
1571,51055,2026-01-10,JUG-006,PROD-06,UBI-PUE227,1
1572,51055,2026-01-10,JUG-006,PROD-07,UBI-PUE227,1
1573,51056,2025-11-20,JUG-066,PROD-05,UBI-PUE287,3
1574,51057,2024-11-01,JUG-089,PROD-04,UBI-PUE035,3
1575,51058,2026-01-05,JUG-118,PROD-05,UBI-PUE283,1
1576,51058,2026-01-05,JUG-118,PROD-07,UBI-PUE283,1
1577,51059,2025-10-28,JUG-101,PROD-07,UBI-PUE195,1
1578,51060,2025-09-30,JUG-163,PROD-06,UBI-PUE158,1
1579,51061,2025-01-09,JUG-219,PROD-07,UBI-PUE251,1
1580,51062,2026-07-23,JUG-112,PROD-07,UBI-PUE004,1
1581,51063,2025-10-16,JUG-129,PROD-06,UBI-PUE080,1
1582,51064,2023-10-19,JUG-002,PROD-08,UBI-PUE176,1
1583,51065,2025-12-04,JUG-211,PROD-04,UBI-PUE084,1
1584,51066,2024-11-21,JUG-080,PROD-07,UBI-PUE071,1
1585,51067,2026-06-17,JUG-166,PROD-05,UBI-PUE027,1
1587,51068,2025-01-22,JUG-015,PROD-04,UBI-PUE249,1
1588,51069,2024-07-17,JUG-209,PROD-02,UBI-PUE034,1
1589,51069,2024-07-17,JUG-209,PROD-03,UBI-PUE034,1
1590,51069,2024-07-17,JUG-209,PROD-05,UBI-PUE034,2
1591,51070,2025-08-30,JUG-199,PROD-01,UBI-PUE209,1
1592,51071,2023-03-19,JUG-039,PROD-08,UBI-PUE190,1
1593,51072,2025-04-16,JUG-081,PROD-07,UBI-PUE046,1
1594,51073,2023-06-16,JUG-203,PROD-07,UBI-PUE035,1
1595,51073,2023-06-16,JUG-203,PROD-08,UBI-PUE035,1
1596,51073,2023-06-16,JUG-203,PROD-06,UBI-PUE035,2
1597,51074,2024-03-30,JUG-184,PROD-04,UBI-PUE030,1
1598,51074,2024-03-30,JUG-184,PROD-02,UBI-PUE030,2
1599,51074,2024-03-30,JUG-184,PROD-03,UBI-PUE030,3
1600,51075,2024-03-21,JUG-008,PROD-06,UBI-PUE287,1
1601,51075,2024-03-21,JUG-008,PROD-07,UBI-PUE287,1
1602,51076,2025-03-10,JUG-058,PROD-01,UBI-PUE198,1
1603,51077,2024-06-28,JUG-154,PROD-01,UBI-PUE008,2
1604,51078,2025-08-10,JUG-110,PROD-01,UBI-PUE224,1
1605,51079,2024-05-18,JUG-094,PROD-04,UBI-PUE007,1
1606,51080,2024-10-25,JUG-235,PROD-04,UBI-PUE250,1
1607,51080,2024-10-25,JUG-235,PROD-07,UBI-PUE250,1
1608,51081,2025-07-02,JUG-154,PROD-02,UBI-PUE097,1
1609,51081,2025-07-02,JUG-154,PROD-06,UBI-PUE097,1
1610,51081,2025-07-02,JUG-154,PROD-01,UBI-PUE097,1
1611,51082,2025-10-21,JUG-240,PROD-07,UBI-PUE088,2
1612,51082,2025-10-21,JUG-240,PROD-05,UBI-PUE088,2
1613,51083,2024-02-12,JUG-039,PROD-02,UBI-PUE021,1
1614,51084,2024-06-24,JUG-163,PROD-03,UBI-PUE063,1
1615,51085,2024-01-19,JUG-161,PROD-05,UBI-PUE152,1
1616,51086,2026-12-10,JUG-102,PROD-04,UBI-PUE230,1
1617,51087,2024-03-09,JUG-104,PROD-03,UBI-PUE109,2
1618,51088,2024-07-02,JUG-239,PROD-01,UBI-PUE149,1
1619,51089,2023-04-13,JUG-069,PROD-04,UBI-PUE193,1
1620,51090,2025-05-09,JUG-235,PROD-01,UBI-PUE135,1
1621,51091,2026-03-17,JUG-199,PROD-04,UBI-PUE284,1
1622,51091,2026-03-17,JUG-199,PROD-07,UBI-PUE284,1
1623,51092,2026-01-27,JUG-221,PROD-05,UBI-PUE004,1
1624,51093,2026-09-10,JUG-087,PROD-06,UBI-PUE055,2
1625,51094,2025-07-19,JUG-129,PROD-03,UBI-PUE006,1
1626,51095,2026-05-11,JUG-204,PROD-06,UBI-PUE230,1
1627,51095,2026-05-11,JUG-204,PROD-04,UBI-PUE230,1
1628,51096,2024-03-16,JUG-244,PROD-07,UBI-PUE018,1
1629,51096,2024-03-16,JUG-244,PROD-08,UBI-PUE018,1
1630,51097,2025-07-19,JUG-131,PROD-08,UBI-PUE184,1
1631,51098,2024-11-03,JUG-231,PROD-08,UBI-PUE096,1
1632,51099,2024-01-16,JUG-074,PROD-01,UBI-PUE065,2
1633,51099,2024-01-16,JUG-074,PROD-06,UBI-PUE065,2
1634,51100,2024-11-02,JUG-053,PROD-07,UBI-PUE006,1
1635,51100,2024-11-02,JUG-053,PROD-06,UBI-PUE006,1
1636,51101,2023-01-09,JUG-159,PROD-07,UBI-PUE097,1
1637,51102,2025-01-04,JUG-029,PROD-06,UBI-PUE059,1
1638,51103,2024-09-27,JUG-001,PROD-06,UBI-PUE260,2
1639,51104,2025-03-19,JUG-163,PROD-02,UBI-PUE032,1
1640,51104,2025-03-19,JUG-163,PROD-04,UBI-PUE032,2
1642,51105,2024-09-12,JUG-206,PROD-01,UBI-PUE031,1
1643,51106,2024-02-02,JUG-032,PROD-01,UBI-PUE072,2
1644,51107,2023-07-25,JUG-069,PROD-08,UBI-PUE108,3
1645,51108,2023-12-14,JUG-244,PROD-08,UBI-PUE285,1
1646,51108,2023-12-14,JUG-244,PROD-01,UBI-PUE285,3
1647,51108,2023-12-14,JUG-244,PROD-03,UBI-PUE285,2
1648,51109,2024-09-03,JUG-234,PROD-06,UBI-PUE170,1
1649,51109,2024-09-03,JUG-234,PROD-07,UBI-PUE170,1
1650,51110,2024-05-30,JUG-113,PROD-02,UBI-PUE065,3
1651,51111,2025-01-22,JUG-089,PROD-01,UBI-PUE102,1
1652,51111,2025-01-22,JUG-089,PROD-04,UBI-PUE102,2
1653,51112,2025-11-25,JUG-052,PROD-07,UBI-PUE132,1
1654,51113,2024-10-16,JUG-025,PROD-04,UBI-PUE030,1
1655,51114,2025-07-09,JUG-044,PROD-01,UBI-PUE045,1
1656,51115,2026-03-10,JUG-043,PROD-04,UBI-PUE051,2
1657,51116,2025-05-08,JUG-015,PROD-07,UBI-PUE238,1
1658,51117,2025-03-04,JUG-240,PROD-04,UBI-PUE028,1
1659,51117,2025-03-04,JUG-240,PROD-07,UBI-PUE028,1
1660,51118,2024-03-14,JUG-242,PROD-08,UBI-PUE109,1
1661,51119,2025-01-02,JUG-190,PROD-03,UBI-PUE226,1
1662,51120,2026-03-26,JUG-004,PROD-06,UBI-PUE112,1
1663,51121,2024-08-22,JUG-236,PROD-06,UBI-PUE025,1
1664,51121,2024-08-22,JUG-236,PROD-08,UBI-PUE025,1
1666,51122,2025-03-25,JUG-059,PROD-06,UBI-PUE229,1
1667,51123,2024-10-31,JUG-163,PROD-07,UBI-PUE137,3
1668,51123,2024-10-31,JUG-163,PROD-07,UBI-PUE137,1
1669,51124,2024-08-03,JUG-024,PROD-05,UBI-PUE104,3
1670,51125,2025-01-02,JUG-059,PROD-05,UBI-PUE169,1
1671,51126,2024-05-03,JUG-053,PROD-05,UBI-PUE197,2
1673,51127,2024-04-04,JUG-157,PROD-06,UBI-PUE001,1
1675,51128,2025-07-20,JUG-141,PROD-02,UBI-PUE239,2
1676,51129,2024-08-29,JUG-084,PROD-03,UBI-PUE114,1
1677,51130,2025-02-11,JUG-037,PROD-08,UBI-PUE011,1
1678,51131,2023-09-14,JUG-069,PROD-08,UBI-PUE043,1
1679,51132,2026-04-13,JUG-162,PROD-01,UBI-PUE091,3
1680,51132,2026-04-13,JUG-162,PROD-01,UBI-PUE091,1
1681,51133,2023-05-24,JUG-105,PROD-02,UBI-PUE149,1
1682,51133,2023-05-24,JUG-105,PROD-07,UBI-PUE149,3
1683,51133,2023-05-24,JUG-105,PROD-08,UBI-PUE149,1
1684,51134,2026-03-03,JUG-049,PROD-07,UBI-PUE185,1
1685,51135,2025-08-03,JUG-240,PROD-07,UBI-PUE109,2
1686,51136,2026-01-23,JUG-009,PROD-05,UBI-PUE184,1
1687,51137,2026-05-24,JUG-243,PROD-03,UBI-PUE237,1
1688,51137,2026-05-24,JUG-243,PROD-07,UBI-PUE237,1
1689,51138,2023-12-19,JUG-247,PROD-03,UBI-PUE255,1
1690,51139,2023-05-25,JUG-203,PROD-06,UBI-PUE084,2
1691,51140,2026-03-27,JUG-199,PROD-07,UBI-PUE038,2
1692,51141,2025-08-03,JUG-224,PROD-01,UBI-PUE033,2
1693,51142,2023-03-09,JUG-232,PROD-02,UBI-PUE199,2
1694,51143,2026-07-12,JUG-129,PROD-08,UBI-PUE128,2
1695,51144,2025-10-03,JUG-212,PROD-06,UBI-PUE277,1
1696,51145,2024-09-02,JUG-042,PROD-02,UBI-PUE258,1
1697,51146,2024-12-27,JUG-198,PROD-04,UBI-PUE046,1
1698,51147,2025-12-21,JUG-061,PROD-06,UBI-PUE193,1
1699,51148,2024-06-21,JUG-035,PROD-03,UBI-PUE158,1
1700,51148,2024-06-21,JUG-035,PROD-08,UBI-PUE158,3
1701,51149,2026-04-05,JUG-224,PROD-05,UBI-PUE269,1
1702,51149,2026-04-05,JUG-224,PROD-02,UBI-PUE269,1
1703,51149,2026-04-05,JUG-224,PROD-06,UBI-PUE269,1
1704,51150,2026-02-22,JUG-030,PROD-05,UBI-PUE240,1
1705,51150,2026-02-22,JUG-030,PROD-07,UBI-PUE240,1
1706,51151,2024-12-01,JUG-065,PROD-01,UBI-PUE270,1
1707,51152,2026-08-08,JUG-133,PROD-06,UBI-PUE262,1
1708,51152,2026-08-08,JUG-133,PROD-07,UBI-PUE262,1
1709,51152,2026-08-08,JUG-133,PROD-01,UBI-PUE262,1
1710,51153,2025-07-31,JUG-141,PROD-01,UBI-PUE173,1
1711,51154,2026-12-13,JUG-050,PROD-08,UBI-PUE146,1
1712,51155,2024-05-28,JUG-135,PROD-08,UBI-PUE264,1
1713,51156,2023-10-14,JUG-149,PROD-07,UBI-PUE113,1
1714,51157,2023-10-16,JUG-248,PROD-04,UBI-PUE160,1
1715,51158,2024-09-23,JUG-074,PROD-05,UBI-PUE288,1
1716,51159,2025-02-13,JUG-137,PROD-05,UBI-PUE231,1
1717,51160,2024-01-17,JUG-225,PROD-02,UBI-PUE107,1
1718,51161,2025-10-12,JUG-038,PROD-02,UBI-PUE120,1
1719,51162,2024-10-31,JUG-084,PROD-01,UBI-PUE091,1
1720,51162,2024-10-31,JUG-084,PROD-06,UBI-PUE091,1
1721,51163,2025-01-05,JUG-012,PROD-07,UBI-PUE052,3
1722,51164,2025-02-25,JUG-088,PROD-08,UBI-PUE043,1
1723,51165,2024-03-17,JUG-242,PROD-07,UBI-PUE112,1
1724,51166,2024-05-19,JUG-126,PROD-04,UBI-PUE091,1
1725,51167,2025-05-20,JUG-156,PROD-07,UBI-PUE005,1
1726,51167,2025-05-20,JUG-156,PROD-08,UBI-PUE005,2
1727,51167,2025-05-20,JUG-156,PROD-06,UBI-PUE005,1
1728,51168,2024-11-08,JUG-095,PROD-08,UBI-PUE272,3
1729,51169,2026-10-18,JUG-043,PROD-04,UBI-PUE229,1
1730,51170,2025-07-19,JUG-051,PROD-01,UBI-PUE053,2
1731,51170,2025-07-19,JUG-051,PROD-01,UBI-PUE053,1
1732,51171,2024-07-27,JUG-130,PROD-05,UBI-PUE113,1
1733,51172,2024-03-10,JUG-192,PROD-07,UBI-PUE088,1
1734,51172,2024-03-10,JUG-192,PROD-06,UBI-PUE088,1
1735,51173,2024-11-18,JUG-076,PROD-07,UBI-PUE239,1
1736,51174,2025-03-25,JUG-098,PROD-01,UBI-PUE275,1
1737,51175,2023-07-21,JUG-197,PROD-06,UBI-PUE016,1
1738,51176,2024-11-03,JUG-173,PROD-06,UBI-PUE249,1
1739,51177,2024-08-01,JUG-059,PROD-08,UBI-PUE155,1
1740,51178,2024-05-25,JUG-176,PROD-08,UBI-PUE199,1
1741,51179,2024-12-08,JUG-227,PROD-05,UBI-PUE193,1
1742,51179,2024-12-08,JUG-227,PROD-06,UBI-PUE193,1
1743,51180,2025-10-01,JUG-224,PROD-08,UBI-PUE104,1
1744,51181,2026-02-21,JUG-078,PROD-02,UBI-PUE119,1
1746,51181,2026-02-21,JUG-078,PROD-01,UBI-PUE119,1
1747,51182,2026-05-22,JUG-127,PROD-03,UBI-PUE214,1
1748,51182,2026-05-22,JUG-127,PROD-01,UBI-PUE214,3
1749,51183,2024-07-24,JUG-180,PROD-01,UBI-PUE069,1
1750,51183,2024-07-24,JUG-180,PROD-05,UBI-PUE069,1
1751,51184,2024-12-13,JUG-236,PROD-08,UBI-PUE279,1
1752,51185,2024-02-22,JUG-242,PROD-08,UBI-PUE060,1
1753,51186,2025-06-25,JUG-211,PROD-03,UBI-PUE243,1
1754,51186,2025-06-25,JUG-211,PROD-01,UBI-PUE243,1
1756,51187,2026-01-31,JUG-093,PROD-03,UBI-PUE208,1
1758,51188,2025-09-27,JUG-174,PROD-06,UBI-PUE285,1
1759,51189,2025-01-05,JUG-230,PROD-04,UBI-PUE016,1
1760,51189,2025-01-05,JUG-230,PROD-02,UBI-PUE016,1
1761,51189,2025-01-05,JUG-230,PROD-07,UBI-PUE016,1
1762,51190,2023-11-13,JUG-085,PROD-02,UBI-PUE143,1
1763,51191,2024-06-09,JUG-213,PROD-01,UBI-PUE203,1
1764,51192,2024-08-27,JUG-141,PROD-04,UBI-PUE060,1
1765,51193,2025-06-15,JUG-179,PROD-03,UBI-PUE193,1
1766,51193,2025-06-15,JUG-179,PROD-05,UBI-PUE193,2
1767,51193,2025-06-15,JUG-179,PROD-07,UBI-PUE193,1
1768,51194,2025-09-21,JUG-076,PROD-01,UBI-PUE255,1
1769,51195,2024-11-22,JUG-053,PROD-08,UBI-PUE253,1
1770,51195,2024-11-22,JUG-053,PROD-03,UBI-PUE253,1
1771,51196,2025-04-30,JUG-206,PROD-08,UBI-PUE213,1
1772,51197,2023-08-08,JUG-152,PROD-05,UBI-PUE015,1
1773,51198,2026-04-05,JUG-195,PROD-01,UBI-PUE092,1
1774,51198,2026-04-05,JUG-195,PROD-03,UBI-PUE092,1
1775,51199,2025-05-21,JUG-030,PROD-08,UBI-PUE180,2
1777,51201,2025-05-21,JUG-075,PROD-02,UBI-PUE056,1
1778,51202,2024-08-20,JUG-054,PROD-07,UBI-PUE145,1
1779,51202,2024-08-20,JUG-054,PROD-03,UBI-PUE145,1
1780,51203,2026-04-16,JUG-073,PROD-05,UBI-PUE171,1
1781,51204,2026-07-02,JUG-204,PROD-05,UBI-PUE270,2
1782,51204,2026-07-02,JUG-204,PROD-02,UBI-PUE270,1
1783,51205,2024-04-02,JUG-225,PROD-04,UBI-PUE014,1
1784,51206,2024-11-07,JUG-173,PROD-03,UBI-PUE221,1
1785,51206,2024-11-07,JUG-173,PROD-02,UBI-PUE221,1
1786,51207,2025-07-13,JUG-156,PROD-03,UBI-PUE113,1
1787,51208,2026-05-14,JUG-120,PROD-03,UBI-PUE221,1
1788,51208,2026-05-14,JUG-120,PROD-05,UBI-PUE221,2
1789,51209,2024-11-06,JUG-020,PROD-06,UBI-PUE118,1
1791,51210,2025-12-01,JUG-079,PROD-07,UBI-PUE154,3
1792,51211,2026-03-26,JUG-127,PROD-01,UBI-PUE288,1
1793,51212,2025-11-24,JUG-172,PROD-06,UBI-PUE058,1
1794,51213,2024-11-20,JUG-026,PROD-05,UBI-PUE023,2
1795,51214,2026-01-03,JUG-233,PROD-02,UBI-PUE244,1
1796,51214,2026-01-03,JUG-233,PROD-05,UBI-PUE244,1
1797,51215,2024-10-31,JUG-213,PROD-02,UBI-PUE100,2
1798,51215,2024-10-31,JUG-213,PROD-05,UBI-PUE100,1
1799,51215,2024-10-31,JUG-213,PROD-03,UBI-PUE100,2
1800,51216,2023-07-18,JUG-008,PROD-01,UBI-PUE100,1
1801,51216,2023-07-18,JUG-008,PROD-04,UBI-PUE100,1
1802,51217,2025-02-21,JUG-037,PROD-06,UBI-PUE130,1
1803,51217,2025-02-21,JUG-037,PROD-04,UBI-PUE130,1
1804,51217,2025-02-21,JUG-037,PROD-03,UBI-PUE130,1
1805,51218,2025-03-18,JUG-142,PROD-05,UBI-PUE076,2
1806,51219,2024-04-17,JUG-117,PROD-05,UBI-PUE071,1
1808,51221,2024-03-29,JUG-062,PROD-08,UBI-PUE145,1
1809,51222,2024-11-25,JUG-088,PROD-04,UBI-PUE207,1
1810,51222,2024-11-25,JUG-088,PROD-02,UBI-PUE207,1
1811,51222,2024-11-25,JUG-088,PROD-06,UBI-PUE207,1
1812,51223,2025-06-07,JUG-023,PROD-04,UBI-PUE077,2
1813,51224,2023-05-07,JUG-105,PROD-01,UBI-PUE015,2
1814,51225,2025-02-02,JUG-065,PROD-02,UBI-PUE225,1
1815,51226,2026-03-01,JUG-193,PROD-02,UBI-PUE256,1
1817,51226,2026-03-01,JUG-193,PROD-05,UBI-PUE256,1
1818,51227,2024-02-24,JUG-157,PROD-01,UBI-PUE051,1
1819,51228,2023-07-25,JUG-157,PROD-05,UBI-PUE222,1
1820,51229,2023-08-28,JUG-069,PROD-07,UBI-PUE209,1
1821,51229,2023-08-28,JUG-069,PROD-03,UBI-PUE209,1
1822,51230,2024-10-25,JUG-085,PROD-06,UBI-PUE199,1
1823,51230,2024-10-25,JUG-085,PROD-07,UBI-PUE199,3
1824,51231,2025-11-27,JUG-071,PROD-02,UBI-PUE199,1
1825,51232,2024-08-21,JUG-070,PROD-03,UBI-PUE057,1
1826,51233,2025-05-14,JUG-021,PROD-01,UBI-PUE248,3
1827,51234,2024-04-13,JUG-028,PROD-04,UBI-PUE151,1
1828,51235,2024-04-23,JUG-217,PROD-03,UBI-PUE060,1
1829,51236,2025-12-07,JUG-066,PROD-02,UBI-PUE228,2
1830,51237,2025-11-06,JUG-231,PROD-03,UBI-PUE252,1
1831,51238,2024-10-06,JUG-157,PROD-05,UBI-PUE056,1
1832,51238,2024-10-06,JUG-157,PROD-07,UBI-PUE056,1
1833,51239,2025-04-09,JUG-063,PROD-07,UBI-PUE187,1
1834,51239,2025-04-09,JUG-063,PROD-03,UBI-PUE187,1
1835,51240,2025-11-01,JUG-183,PROD-01,UBI-PUE232,1
1836,51241,2024-03-09,JUG-068,PROD-02,UBI-PUE227,1
1837,51242,2023-06-12,JUG-192,PROD-04,UBI-PUE135,1
1839,51243,2025-01-08,JUG-246,PROD-06,UBI-PUE191,1
1840,51243,2025-01-08,JUG-246,PROD-03,UBI-PUE191,1
1841,51243,2025-01-08,JUG-246,PROD-04,UBI-PUE191,1
1842,51244,2025-06-21,JUG-168,PROD-02,UBI-PUE068,1
1843,51245,2025-03-26,JUG-235,PROD-06,UBI-PUE081,1
1844,51246,2025-07-24,JUG-138,PROD-01,UBI-PUE190,1
1845,51246,2025-07-24,JUG-138,PROD-06,UBI-PUE190,1
1846,51247,2024-04-16,JUG-186,PROD-01,UBI-PUE242,1
1847,51248,2023-11-24,JUG-048,PROD-02,UBI-PUE233,1
1848,51249,2025-12-16,JUG-172,PROD-07,UBI-PUE275,1
1849,51249,2025-12-16,JUG-172,PROD-02,UBI-PUE275,1
1850,51249,2025-12-16,JUG-172,PROD-06,UBI-PUE275,1
1851,51250,2025-06-24,JUG-112,PROD-04,UBI-PUE255,1
1852,51251,2025-06-19,JUG-018,PROD-02,UBI-PUE105,1
1853,51252,2024-05-13,JUG-206,PROD-02,UBI-PUE142,1
1854,51252,2024-05-13,JUG-206,PROD-06,UBI-PUE142,2
1855,51252,2024-05-13,JUG-206,PROD-05,UBI-PUE142,3
1856,51253,2024-04-26,JUG-134,PROD-03,UBI-PUE096,1
1857,51254,2024-08-25,JUG-148,PROD-01,UBI-PUE182,2
1858,51255,2024-07-22,JUG-234,PROD-06,UBI-PUE207,1
1859,51256,2025-06-28,JUG-076,PROD-05,UBI-PUE147,1
1861,51257,2026-02-08,JUG-118,PROD-01,UBI-PUE195,2
1862,51257,2026-02-08,JUG-118,PROD-06,UBI-PUE195,1
1863,51257,2026-02-08,JUG-118,PROD-02,UBI-PUE195,1
1864,51258,2025-07-29,JUG-139,PROD-03,UBI-PUE011,2
1865,51258,2025-07-29,JUG-139,PROD-06,UBI-PUE011,1
1867,51260,2026-07-08,JUG-147,PROD-07,UBI-PUE017,1
1868,51260,2026-07-08,JUG-147,PROD-06,UBI-PUE017,1
1870,51261,2023-09-24,JUG-188,PROD-07,UBI-PUE035,1
1871,51261,2023-09-24,JUG-188,PROD-01,UBI-PUE035,1
1872,51262,2026-01-12,JUG-221,PROD-03,UBI-PUE110,3
1873,51262,2026-01-12,JUG-221,PROD-03,UBI-PUE110,1
1874,51263,2026-08-18,JUG-033,PROD-03,UBI-PUE261,1
1875,51263,2026-08-18,JUG-033,PROD-07,UBI-PUE261,3
1877,51264,2025-07-12,JUG-058,PROD-08,UBI-PUE061,1
1878,51264,2025-07-12,JUG-058,PROD-04,UBI-PUE061,1
1879,51265,2026-02-08,JUG-166,PROD-02,UBI-PUE191,1
1880,51266,2024-09-16,JUG-169,PROD-05,UBI-PUE129,1
1881,51267,2026-01-14,JUG-043,PROD-04,UBI-PUE237,1
1882,51268,2025-09-17,JUG-096,PROD-02,UBI-PUE109,1
1883,51269,2026-03-16,JUG-071,PROD-06,UBI-PUE078,1
1884,51269,2026-03-16,JUG-071,PROD-05,UBI-PUE078,1
1885,51270,2024-11-23,JUG-180,PROD-06,UBI-PUE206,1
1886,51271,2024-12-04,JUG-003,PROD-01,UBI-PUE208,1
1887,51272,2026-06-08,JUG-047,PROD-05,UBI-PUE205,1
1888,51273,2024-09-24,JUG-186,PROD-05,UBI-PUE115,1
1889,51274,2025-08-16,JUG-124,PROD-01,UBI-PUE261,1
1890,51275,2026-08-09,JUG-241,PROD-05,UBI-PUE105,2
1891,51275,2026-08-09,JUG-241,PROD-04,UBI-PUE105,1
1892,51276,2024-02-26,JUG-106,PROD-07,UBI-PUE161,1
1893,51277,2024-05-22,JUG-108,PROD-08,UBI-PUE214,1
1894,51278,2024-05-10,JUG-170,PROD-07,UBI-PUE049,2
1895,51279,2024-09-12,JUG-207,PROD-08,UBI-PUE067,1
1896,51280,2024-01-12,JUG-155,PROD-02,UBI-PUE009,1
1897,51281,2024-11-12,JUG-164,PROD-05,UBI-PUE217,3
1899,51283,2024-12-05,JUG-016,PROD-02,UBI-PUE222,1
1901,51284,2026-03-30,JUG-049,PROD-02,UBI-PUE215,2
1902,51284,2026-03-30,JUG-049,PROD-02,UBI-PUE215,1
1903,51285,2024-11-25,JUG-046,PROD-08,UBI-PUE288,1
1904,51286,2024-10-05,JUG-015,PROD-01,UBI-PUE027,1
1905,51287,2025-08-05,JUG-091,PROD-02,UBI-PUE275,1
1906,51288,2023-05-04,JUG-140,PROD-03,UBI-PUE262,2
1907,51288,2023-05-04,JUG-140,PROD-08,UBI-PUE262,1
1908,51289,2024-05-05,JUG-207,PROD-08,UBI-PUE060,1
1910,51289,2024-05-05,JUG-207,PROD-06,UBI-PUE060,1
1911,51290,2026-04-14,JUG-193,PROD-01,UBI-PUE127,1
1912,51290,2026-04-14,JUG-193,PROD-04,UBI-PUE127,1
1913,51291,2025-05-16,JUG-092,PROD-01,UBI-PUE159,1
1914,51292,2024-05-27,JUG-156,PROD-04,UBI-PUE215,1
1915,51293,2024-09-21,JUG-213,PROD-02,UBI-PUE261,1
1916,51294,2025-02-11,JUG-224,PROD-03,UBI-PUE165,1
1917,51294,2025-02-11,JUG-224,PROD-04,UBI-PUE165,1
1919,51295,2025-05-02,JUG-096,PROD-07,UBI-PUE088,1
1920,51295,2025-05-02,JUG-096,PROD-07,UBI-PUE088,2
1921,51296,2023-07-21,JUG-105,PROD-04,UBI-PUE243,2
1922,51296,2023-07-21,JUG-105,PROD-05,UBI-PUE243,1
1923,51297,2023-09-26,JUG-148,PROD-01,UBI-PUE145,1
1924,51297,2023-09-26,JUG-148,PROD-06,UBI-PUE145,1
1925,51298,2024-08-14,JUG-155,PROD-02,UBI-PUE242,1
1926,51299,2025-01-30,JUG-074,PROD-06,UBI-PUE187,1
1927,51300,2024-11-10,JUG-212,PROD-04,UBI-PUE227,1
1928,51300,2024-11-10,JUG-212,PROD-01,UBI-PUE227,1
1929,51301,2025-03-02,JUG-126,PROD-06,UBI-PUE028,1
1930,51301,2025-03-02,JUG-126,PROD-04,UBI-PUE028,1
1931,51302,2025-05-23,JUG-003,PROD-04,UBI-PUE154,1
1932,51302,2025-05-23,JUG-003,PROD-01,UBI-PUE154,1
1933,51303,2024-05-08,JUG-003,PROD-01,UBI-PUE126,1
1934,51303,2024-05-08,JUG-003,PROD-03,UBI-PUE126,1
1935,51304,2025-03-16,JUG-018,PROD-04,UBI-PUE174,1
1938,51305,2023-08-27,JUG-176,PROD-08,UBI-PUE282,3
1939,51306,2024-08-15,JUG-018,PROD-06,UBI-PUE279,1
1940,51307,2024-10-07,JUG-095,PROD-05,UBI-PUE246,2
1941,51307,2024-10-07,JUG-095,PROD-01,UBI-PUE246,1
1943,51308,2025-11-21,JUG-016,PROD-07,UBI-PUE195,3
1945,51310,2024-08-11,JUG-173,PROD-04,UBI-PUE267,1
1946,51310,2024-08-11,JUG-173,PROD-07,UBI-PUE267,1
1947,51311,2023-12-04,JUG-248,PROD-04,UBI-PUE094,2
1948,51311,2023-12-04,JUG-248,PROD-01,UBI-PUE094,1
1949,51312,2024-02-19,JUG-064,PROD-03,UBI-PUE150,1
1950,51313,2023-12-27,JUG-249,PROD-04,UBI-PUE066,1
1951,51314,2024-06-15,JUG-084,PROD-06,UBI-PUE005,2
1952,51315,2025-10-19,JUG-204,PROD-08,UBI-PUE020,1
1953,51316,2023-11-28,JUG-234,PROD-08,UBI-PUE280,2
1954,51317,2026-03-09,JUG-093,PROD-02,UBI-PUE164,1
1955,51318,2026-08-03,JUG-175,PROD-07,UBI-PUE195,1
1956,51319,2025-01-27,JUG-222,PROD-05,UBI-PUE273,2
1957,51320,2025-09-05,JUG-079,PROD-05,UBI-PUE117,1
1958,51321,2024-04-11,JUG-024,PROD-03,UBI-PUE116,1
1959,51321,2024-04-11,JUG-024,PROD-06,UBI-PUE116,1
1961,51322,2023-10-08,JUG-159,PROD-05,UBI-PUE289,1
1962,51322,2023-10-08,JUG-159,PROD-03,UBI-PUE289,1
1963,51323,2025-10-27,JUG-129,PROD-06,UBI-PUE189,1
1964,51324,2024-02-02,JUG-134,PROD-01,UBI-PUE244,1
1965,51325,2025-09-22,JUG-041,PROD-02,UBI-PUE288,1
1966,51326,2025-06-22,JUG-220,PROD-05,UBI-PUE194,1
1967,51327,2025-04-23,JUG-023,PROD-02,UBI-PUE003,2
1968,51328,2025-12-12,JUG-007,PROD-01,UBI-PUE052,2
1970,51329,2024-10-11,JUG-044,PROD-08,UBI-PUE146,2
1971,51329,2024-10-11,JUG-044,PROD-01,UBI-PUE146,1
1972,51330,2024-11-29,JUG-063,PROD-02,UBI-PUE098,2
1973,51331,2025-10-28,JUG-087,PROD-03,UBI-PUE248,2
1974,51332,2026-06-01,JUG-116,PROD-04,UBI-PUE014,1
1975,51333,2025-02-06,JUG-137,PROD-08,UBI-PUE228,1
1976,51334,2025-12-13,JUG-082,PROD-02,UBI-PUE226,1
1977,51334,2025-12-13,JUG-082,PROD-07,UBI-PUE226,2
1978,51335,2025-08-22,JUG-016,PROD-02,UBI-PUE151,2
1979,51336,2023-07-16,JUG-010,PROD-06,UBI-PUE112,1
1980,51337,2025-07-05,JUG-051,PROD-03,UBI-PUE178,1
1981,51338,2024-07-21,JUG-249,PROD-03,UBI-PUE105,1
1982,51339,2024-08-08,JUG-108,PROD-03,UBI-PUE101,1
1983,51340,2024-05-28,JUG-160,PROD-06,UBI-PUE213,2
1984,51341,2024-05-14,JUG-237,PROD-04,UBI-PUE095,1
1985,51341,2024-05-14,JUG-237,PROD-02,UBI-PUE095,1
1986,51342,2026-06-17,JUG-131,PROD-06,UBI-PUE225,1
1987,51342,2026-06-17,JUG-131,PROD-05,UBI-PUE225,1
1988,51343,2026-05-02,JUG-071,PROD-06,UBI-PUE241,1
1989,51344,2023-12-06,JUG-134,PROD-07,UBI-PUE021,1
1990,51344,2023-12-06,JUG-134,PROD-05,UBI-PUE021,1
1991,51345,2025-11-21,JUG-087,PROD-04,UBI-PUE250,1
1992,51345,2025-11-21,JUG-087,PROD-07,UBI-PUE250,1
1994,51347,2025-09-11,JUG-193,PROD-01,UBI-PUE177,1
1995,51347,2025-09-11,JUG-193,PROD-04,UBI-PUE177,2
1996,51348,2024-03-20,JUG-230,PROD-02,UBI-PUE270,1
1997,51349,2024-12-23,JUG-088,PROD-08,UBI-PUE197,1
1998,51350,2025-10-22,JUG-231,PROD-03,UBI-PUE022,1
1999,51350,2025-10-22,JUG-231,PROD-01,UBI-PUE022,1
2000,51351,2026-02-10,JUG-211,PROD-07,UBI-PUE131,1
2001,51351,2026-02-10,JUG-211,PROD-02,UBI-PUE131,1
2002,51352,2024-08-08,JUG-019,PROD-04,UBI-PUE173,1
2004,51353,2025-06-19,JUG-003,PROD-04,UBI-PUE121,1
2005,51353,2025-06-19,JUG-003,PROD-03,UBI-PUE121,1
2006,51354,2026-05-07,JUG-177,PROD-06,UBI-PUE228,2
2007,51354,2026-05-07,JUG-177,PROD-02,UBI-PUE228,2
2008,51354,2026-05-07,JUG-177,PROD-04,UBI-PUE228,1
2009,51355,2024-02-13,JUG-218,PROD-07,UBI-PUE112,2
2010,51356,2024-05-19,JUG-214,PROD-03,UBI-PUE076,2
2011,51357,2025-01-01,JUG-028,PROD-06,UBI-PUE133,1
2013,51358,2025-10-03,JUG-014,PROD-02,UBI-PUE288,1
2014,51358,2025-10-03,JUG-014,PROD-07,UBI-PUE288,1
2015,51359,2026-07-06,JUG-204,PROD-05,UBI-PUE145,1
2016,51359,2026-07-06,JUG-204,PROD-08,UBI-PUE145,2
2017,51360,2026-06-15,JUG-056,PROD-07,UBI-PUE210,1
2018,51361,2024-07-13,JUG-080,PROD-01,UBI-PUE205,1
2019,51362,2024-02-17,JUG-107,PROD-05,UBI-PUE021,1
2020,51363,2025-10-14,JUG-093,PROD-01,UBI-PUE011,1
2022,51363,2025-10-14,JUG-093,PROD-05,UBI-PUE011,1
2023,51364,2025-05-13,JUG-116,PROD-01,UBI-PUE248,3
2024,51364,2025-05-13,JUG-116,PROD-06,UBI-PUE248,1
2026,51365,2024-05-19,JUG-122,PROD-03,UBI-PUE087,1
2027,51365,2024-05-19,JUG-122,PROD-08,UBI-PUE087,1
2028,51366,2024-09-23,JUG-226,PROD-04,UBI-PUE012,3
2029,51367,2024-01-11,JUG-048,PROD-06,UBI-PUE150,1
2030,51367,2024-01-11,JUG-048,PROD-02,UBI-PUE150,2
2031,51367,2024-01-11,JUG-048,PROD-01,UBI-PUE150,1
2032,51368,2024-02-13,JUG-198,PROD-03,UBI-PUE109,1
2033,51369,2024-09-22,JUG-137,PROD-05,UBI-PUE173,1
2034,51370,2025-08-07,JUG-051,PROD-08,UBI-PUE230,1
2035,51370,2025-08-07,JUG-051,PROD-02,UBI-PUE230,2
2036,51370,2025-08-07,JUG-051,PROD-01,UBI-PUE230,1
2037,51371,2024-05-28,JUG-008,PROD-06,UBI-PUE037,1
2038,51372,2026-03-01,JUG-127,PROD-04,UBI-PUE209,1
2039,51372,2026-03-01,JUG-127,PROD-06,UBI-PUE209,1
2040,51373,2025-05-27,JUG-095,PROD-04,UBI-PUE090,1
2041,51373,2025-05-27,JUG-095,PROD-05,UBI-PUE090,1
2042,51374,2024-06-03,JUG-113,PROD-08,UBI-PUE102,3
2043,51374,2024-06-03,JUG-113,PROD-06,UBI-PUE102,1
2044,51375,2024-06-24,JUG-167,PROD-08,UBI-PUE101,1
2045,51376,2024-01-16,JUG-226,PROD-03,UBI-PUE101,1
2047,51377,2025-11-06,JUG-171,PROD-01,UBI-PUE214,1
2048,51378,2024-08-08,JUG-010,PROD-03,UBI-PUE142,2
2049,51379,2024-04-27,JUG-067,PROD-08,UBI-PUE168,1
2050,51380,2025-11-30,JUG-178,PROD-02,UBI-PUE054,1
2051,51381,2026-02-09,JUG-114,PROD-08,UBI-PUE076,1
2052,51382,2023-11-23,JUG-248,PROD-05,UBI-PUE060,2
2053,51382,2023-11-23,JUG-248,PROD-01,UBI-PUE060,1
2054,51382,2023-11-23,JUG-248,PROD-06,UBI-PUE060,1
2055,51383,2025-09-27,JUG-174,PROD-07,UBI-PUE135,2
2056,51384,2023-09-09,JUG-135,PROD-03,UBI-PUE240,1
2057,51385,2025-01-03,JUG-103,PROD-05,UBI-PUE084,1
2058,51385,2025-01-03,JUG-103,PROD-02,UBI-PUE084,2
2059,51386,2025-09-21,JUG-087,PROD-01,UBI-PUE176,1
2060,51387,2023-01-23,JUG-159,PROD-04,UBI-PUE023,1
2061,51387,2023-01-23,JUG-159,PROD-02,UBI-PUE023,1
2063,51388,2025-07-08,JUG-103,PROD-07,UBI-PUE286,1
2064,51388,2025-07-08,JUG-103,PROD-04,UBI-PUE286,1
2065,51389,2024-01-02,JUG-012,PROD-02,UBI-PUE166,3
2066,51389,2024-01-02,JUG-012,PROD-04,UBI-PUE166,1
2067,51390,2023-10-13,JUG-169,PROD-07,UBI-PUE253,1
2068,51391,2024-04-19,JUG-217,PROD-02,UBI-PUE121,1
2069,51392,2025-01-17,JUG-205,PROD-06,UBI-PUE004,1
2070,51393,2026-01-28,JUG-195,PROD-05,UBI-PUE149,1
2071,51393,2026-01-28,JUG-195,PROD-03,UBI-PUE149,1
2072,51394,2024-12-26,JUG-001,PROD-02,UBI-PUE266,2
2073,51395,2025-08-09,JUG-164,PROD-02,UBI-PUE158,2
2074,51396,2026-06-16,JUG-211,PROD-02,UBI-PUE075,2
2075,51397,2024-03-15,JUG-081,PROD-04,UBI-PUE178,1
2076,51398,2024-07-05,JUG-173,PROD-04,UBI-PUE225,1
2078,51399,2024-06-02,JUG-188,PROD-02,UBI-PUE246,1
2079,51400,2023-09-22,JUG-238,PROD-08,UBI-PUE162,2
2080,51400,2023-09-22,JUG-238,PROD-03,UBI-PUE162,1
2081,51401,2025-01-29,JUG-036,PROD-02,UBI-PUE266,1
2082,51402,2025-07-25,JUG-156,PROD-05,UBI-PUE172,1
2083,51402,2025-07-25,JUG-156,PROD-04,UBI-PUE172,1
2084,51403,2025-04-15,JUG-089,PROD-02,UBI-PUE087,1
2085,51404,2025-07-16,JUG-245,PROD-07,UBI-PUE232,3
2086,51405,2024-11-20,JUG-064,PROD-02,UBI-PUE209,1
2087,51406,2025-09-21,JUG-018,PROD-04,UBI-PUE217,2
2088,51407,2024-08-30,JUG-250,PROD-08,UBI-PUE125,1
2089,51408,2023-06-18,JUG-119,PROD-01,UBI-PUE125,1
2090,51409,2024-08-27,JUG-210,PROD-04,UBI-PUE271,1
2091,51410,2025-11-16,JUG-115,PROD-02,UBI-PUE271,1
2092,51410,2025-11-16,JUG-115,PROD-03,UBI-PUE271,2
2093,51411,2025-03-27,JUG-224,PROD-06,UBI-PUE220,1
2094,51412,2024-06-02,JUG-227,PROD-04,UBI-PUE200,1
2095,51413,2025-10-25,JUG-175,PROD-03,UBI-PUE207,1
2097,51415,2025-07-20,JUG-031,PROD-01,UBI-PUE276,1
2099,51416,2023-12-21,JUG-192,PROD-02,UBI-PUE270,1
2100,51416,2023-12-21,JUG-192,PROD-01,UBI-PUE270,1
2102,51418,2025-01-17,JUG-136,PROD-01,UBI-PUE067,1
2104,51419,2025-12-04,JUG-051,PROD-06,UBI-PUE209,1
2105,51419,2025-12-04,JUG-051,PROD-04,UBI-PUE209,1
2106,51419,2025-12-04,JUG-051,PROD-03,UBI-PUE209,1
2107,51420,2025-10-30,JUG-195,PROD-07,UBI-PUE278,1
2108,51421,2024-11-14,JUG-020,PROD-07,UBI-PUE272,1
2109,51421,2024-11-14,JUG-020,PROD-07,UBI-PUE272,2
2110,51421,2024-11-14,JUG-020,PROD-03,UBI-PUE272,1
2111,51422,2025-11-22,JUG-127,PROD-03,UBI-PUE051,1
2112,51423,2024-01-16,JUG-064,PROD-02,UBI-PUE118,1
2113,51424,2024-03-28,JUG-181,PROD-07,UBI-PUE245,1
2114,51424,2024-03-28,JUG-181,PROD-05,UBI-PUE245,1
2115,51425,2024-05-05,JUG-059,PROD-05,UBI-PUE046,1
2116,51426,2024-02-02,JUG-213,PROD-03,UBI-PUE152,2
2117,51426,2024-02-02,JUG-213,PROD-02,UBI-PUE152,1
2118,51427,2025-01-03,JUG-085,PROD-07,UBI-PUE239,1
2119,51428,2026-06-07,JUG-125,PROD-06,UBI-PUE231,2
2120,51429,2024-07-21,JUG-180,PROD-03,UBI-PUE120,1
2121,51430,2026-06-06,JUG-079,PROD-06,UBI-PUE115,1
2122,51431,2025-02-01,JUG-230,PROD-07,UBI-PUE213,1
2123,51432,2025-10-30,JUG-082,PROD-02,UBI-PUE079,1
2124,51433,2025-03-06,JUG-115,PROD-02,UBI-PUE112,2
2125,51434,2024-01-29,JUG-198,PROD-03,UBI-PUE124,1
2126,51435,2025-12-12,JUG-109,PROD-07,UBI-PUE224,1
2127,51436,2024-04-13,JUG-080,PROD-08,UBI-PUE091,1
2128,51437,2025-09-07,JUG-087,PROD-03,UBI-PUE214,1
2130,51437,2025-09-07,JUG-087,PROD-01,UBI-PUE214,1
2131,51438,2023-04-21,JUG-039,PROD-08,UBI-PUE251,1
2133,51439,2024-07-28,JUG-094,PROD-03,UBI-PUE084,1
2134,51439,2024-07-28,JUG-094,PROD-02,UBI-PUE084,3
2135,51440,2026-03-30,JUG-233,PROD-04,UBI-PUE114,1
2136,51441,2025-12-19,JUG-204,PROD-01,UBI-PUE136,1
2137,51441,2025-12-19,JUG-204,PROD-07,UBI-PUE136,2
2138,51442,2024-09-06,JUG-054,PROD-06,UBI-PUE274,1
2139,51443,2024-08-01,JUG-025,PROD-04,UBI-PUE038,1
2140,51443,2024-08-01,JUG-025,PROD-08,UBI-PUE038,1
2141,51444,2026-05-28,JUG-077,PROD-02,UBI-PUE222,2
2142,51445,2023-11-12,JUG-105,PROD-06,UBI-PUE138,1
2143,51445,2023-11-12,JUG-105,PROD-02,UBI-PUE138,1
2144,51446,2024-03-25,JUG-169,PROD-07,UBI-PUE078,2
2145,51447,2026-10-16,JUG-185,PROD-06,UBI-PUE068,2
2146,51448,2024-09-02,JUG-236,PROD-02,UBI-PUE086,1
2147,51449,2025-11-25,JUG-121,PROD-04,UBI-PUE225,1
2148,51449,2025-11-25,JUG-121,PROD-05,UBI-PUE225,1
2149,51450,2024-07-07,JUG-188,PROD-06,UBI-PUE113,2
2150,51450,2024-07-07,JUG-188,PROD-02,UBI-PUE113,1
2151,51451,2025-07-07,JUG-211,PROD-02,UBI-PUE177,1
2152,51452,2024-06-22,JUG-235,PROD-08,UBI-PUE015,3
2153,51453,2026-01-20,JUG-221,PROD-07,UBI-PUE010,1
2154,51454,2024-02-09,JUG-053,PROD-06,UBI-PUE187,1
2155,51454,2024-02-09,JUG-053,PROD-01,UBI-PUE187,1
2156,51455,2025-07-24,JUG-131,PROD-08,UBI-PUE043,1
2157,51455,2025-07-24,JUG-131,PROD-07,UBI-PUE043,3
2159,51456,2025-02-24,JUG-186,PROD-08,UBI-PUE197,1
2160,51456,2025-02-24,JUG-186,PROD-07,UBI-PUE197,2
2161,51457,2023-03-14,JUG-008,PROD-06,UBI-PUE251,2
2162,51457,2023-03-14,JUG-008,PROD-07,UBI-PUE251,1
2163,51458,2023-10-26,JUG-048,PROD-05,UBI-PUE240,2
2164,51459,2025-09-29,JUG-050,PROD-06,UBI-PUE045,3
2165,51459,2025-09-29,JUG-050,PROD-05,UBI-PUE045,1
2166,51459,2025-09-29,JUG-050,PROD-01,UBI-PUE045,1
2167,51460,2026-04-09,JUG-022,PROD-08,UBI-PUE276,1
2168,51461,2026-02-22,JUG-175,PROD-03,UBI-PUE181,1
2169,51461,2026-02-22,JUG-175,PROD-02,UBI-PUE181,2
2170,51461,2026-02-22,JUG-175,PROD-06,UBI-PUE181,2
2171,51462,2025-11-17,JUG-131,PROD-06,UBI-PUE253,1
2172,51462,2025-11-17,JUG-131,PROD-02,UBI-PUE253,1
2173,51462,2025-11-17,JUG-131,PROD-07,UBI-PUE253,1
2174,51463,2025-04-12,JUG-113,PROD-08,UBI-PUE074,1
2175,51464,2023-10-28,JUG-106,PROD-07,UBI-PUE087,1
2176,51464,2023-10-28,JUG-106,PROD-02,UBI-PUE087,1
2177,51465,2023-09-27,JUG-197,PROD-01,UBI-PUE132,1
2178,51466,2024-03-24,JUG-042,PROD-03,UBI-PUE278,1
2179,51466,2024-03-24,JUG-042,PROD-07,UBI-PUE278,1
2180,51467,2026-03-07,JUG-147,PROD-04,UBI-PUE188,1
2181,51467,2026-03-07,JUG-147,PROD-03,UBI-PUE188,1
2182,51468,2025-06-19,JUG-196,PROD-07,UBI-PUE165,3
2183,51469,2024-10-04,JUG-191,PROD-06,UBI-PUE083,1
2184,51469,2024-10-04,JUG-191,PROD-07,UBI-PUE083,1
2185,51470,2025-10-26,JUG-166,PROD-05,UBI-PUE269,3
2186,51470,2025-10-26,JUG-166,PROD-01,UBI-PUE269,1
2187,51471,2026-04-02,JUG-116,PROD-02,UBI-PUE087,2
2188,51472,2025-08-21,JUG-145,PROD-03,UBI-PUE148,2
2189,51473,2023-11-22,JUG-173,PROD-02,UBI-PUE192,1
2190,51474,2025-08-23,JUG-101,PROD-04,UBI-PUE251,1
2191,51475,2025-12-13,JUG-194,PROD-07,UBI-PUE054,1
2192,51476,2023-07-20,JUG-184,PROD-08,UBI-PUE264,1
2193,51477,2024-08-23,JUG-067,PROD-02,UBI-PUE157,2
2194,51478,2026-03-30,JUG-116,PROD-06,UBI-PUE037,1
2195,51478,2026-03-30,JUG-116,PROD-03,UBI-PUE037,1
2196,51479,2025-06-14,JUG-125,PROD-02,UBI-PUE239,1
2197,51479,2025-06-14,JUG-125,PROD-02,UBI-PUE239,2
2198,51480,2026-10-23,JUG-172,PROD-07,UBI-PUE261,1
2199,51480,2026-10-23,JUG-172,PROD-08,UBI-PUE261,2
2200,51481,2024-01-18,JUG-130,PROD-01,UBI-PUE045,2
2201,51481,2024-01-18,JUG-130,PROD-04,UBI-PUE045,3
2202,51482,2023-12-10,JUG-064,PROD-08,UBI-PUE088,1
2203,51483,2025-03-13,JUG-045,PROD-06,UBI-PUE085,1
2204,51484,2025-01-18,JUG-005,PROD-01,UBI-PUE200,1
2205,51484,2025-01-18,JUG-005,PROD-06,UBI-PUE200,1
2206,51485,2024-09-14,JUG-058,PROD-03,UBI-PUE097,1
2207,51486,2025-01-26,JUG-028,PROD-05,UBI-PUE149,3
2208,51487,2023-11-13,JUG-107,PROD-08,UBI-PUE029,1
2210,51488,2025-05-06,JUG-005,PROD-08,UBI-PUE259,1
2211,51489,2024-02-13,JUG-202,PROD-04,UBI-PUE206,1
2212,51490,2025-09-07,JUG-087,PROD-06,UBI-PUE117,1
2213,51491,2025-12-25,JUG-241,PROD-01,UBI-PUE272,1
2214,51491,2025-12-25,JUG-241,PROD-06,UBI-PUE272,1
2215,51492,2026-08-04,JUG-123,PROD-03,UBI-PUE256,1
2216,51492,2026-08-04,JUG-123,PROD-06,UBI-PUE256,1
2217,51493,2024-03-27,JUG-169,PROD-04,UBI-PUE163,1
2218,51493,2024-03-27,JUG-169,PROD-03,UBI-PUE163,3
2219,51494,2024-11-08,JUG-080,PROD-08,UBI-PUE033,1
2220,51495,2025-05-06,JUG-045,PROD-03,UBI-PUE071,1
2221,51495,2025-05-06,JUG-045,PROD-08,UBI-PUE071,1
2222,51496,2024-12-08,JUG-037,PROD-06,UBI-PUE271,2
2223,51497,2024-02-14,JUG-104,PROD-02,UBI-PUE022,1
2224,51497,2024-02-14,JUG-104,PROD-05,UBI-PUE022,1
2225,51498,2024-10-02,JUG-107,PROD-03,UBI-PUE100,1
2226,51499,2024-01-21,JUG-126,PROD-05,UBI-PUE242,1
2228,51500,2024-04-08,JUG-223,PROD-01,UBI-PUE184,1
2229,51501,2026-03-25,JUG-073,PROD-02,UBI-PUE288,2
2230,51502,2023-07-20,JUG-140,PROD-06,UBI-PUE220,1
2231,51503,2026-04-19,JUG-124,PROD-06,UBI-PUE065,1
2232,51504,2024-07-19,JUG-236,PROD-07,UBI-PUE276,1
2233,51505,2026-03-24,JUG-013,PROD-04,UBI-PUE178,1
2234,51506,2025-05-08,JUG-045,PROD-06,UBI-PUE091,3
2235,51507,2025-10-16,JUG-221,PROD-07,UBI-PUE072,2
2236,51508,2026-02-19,JUG-009,PROD-04,UBI-PUE266,1
2237,51509,2023-10-29,JUG-191,PROD-03,UBI-PUE237,1
2238,51510,2025-01-22,JUG-137,PROD-05,UBI-PUE004,1
2239,51511,2023-11-08,JUG-184,PROD-07,UBI-PUE097,1
2240,51512,2024-04-02,JUG-059,PROD-08,UBI-PUE163,1
2242,51512,2024-04-02,JUG-059,PROD-01,UBI-PUE163,1
2243,51513,2024-08-21,JUG-208,PROD-06,UBI-PUE049,1
2244,51514,2024-12-14,JUG-215,PROD-07,UBI-PUE037,1
2245,51514,2024-12-14,JUG-215,PROD-02,UBI-PUE037,2
2246,51514,2024-12-14,JUG-215,PROD-06,UBI-PUE037,1
2247,51515,2024-04-25,JUG-001,PROD-07,UBI-PUE253,2
2248,51516,2025-02-16,JUG-020,PROD-05,UBI-PUE278,1
2249,51517,2024-03-13,JUG-081,PROD-02,UBI-PUE187,1
2250,51518,2024-05-06,JUG-081,PROD-08,UBI-PUE194,1
2251,51519,2024-09-18,JUG-182,PROD-05,UBI-PUE249,2
2252,51520,2023-08-19,JUG-159,PROD-02,UBI-PUE152,1
2254,51520,2023-08-19,JUG-159,PROD-04,UBI-PUE152,1
2255,51521,2025-03-23,JUG-141,PROD-03,UBI-PUE247,2
2256,51522,2025-10-05,JUG-041,PROD-01,UBI-PUE257,1
2257,51523,2025-11-29,JUG-089,PROD-06,UBI-PUE103,2
2258,51523,2025-11-29,JUG-089,PROD-01,UBI-PUE103,1
2259,51524,2026-06-17,JUG-057,PROD-04,UBI-PUE047,1
2260,51525,2024-01-15,JUG-027,PROD-05,UBI-PUE221,1
2261,51525,2024-01-15,JUG-027,PROD-02,UBI-PUE221,2
2262,51526,2025-01-21,JUG-228,PROD-08,UBI-PUE254,2
2263,51527,2024-08-08,JUG-209,PROD-05,UBI-PUE164,1
2264,51528,2023-10-17,JUG-239,PROD-02,UBI-PUE123,1
2265,51529,2024-03-20,JUG-247,PROD-03,UBI-PUE080,3
2266,51529,2024-03-20,JUG-247,PROD-02,UBI-PUE080,1
2267,51530,2024-03-19,JUG-143,PROD-05,UBI-PUE128,1
2268,51531,2023-10-23,JUG-210,PROD-05,UBI-PUE263,3
2269,51532,2026-01-05,JUG-131,PROD-06,UBI-PUE198,1
2270,51533,2026-10-14,JUG-233,PROD-08,UBI-PUE023,3
2271,51533,2026-10-14,JUG-233,PROD-06,UBI-PUE023,2
2272,51534,2026-06-13,JUG-043,PROD-01,UBI-PUE049,1
2273,51534,2026-06-13,JUG-043,PROD-08,UBI-PUE049,1
2274,51534,2026-06-13,JUG-043,PROD-01,UBI-PUE049,3
2275,51535,2025-12-05,JUG-233,PROD-04,UBI-PUE022,1
2276,51536,2025-07-29,JUG-220,PROD-06,UBI-PUE183,1
2277,51537,2024-03-22,JUG-244,PROD-06,UBI-PUE215,1
2278,51537,2024-03-22,JUG-244,PROD-01,UBI-PUE215,3
2279,51538,2025-05-11,JUG-186,PROD-08,UBI-PUE147,1
2280,51538,2025-05-11,JUG-186,PROD-01,UBI-PUE147,1
2281,51538,2025-05-11,JUG-186,PROD-07,UBI-PUE147,1
2282,51539,2025-07-06,JUG-204,PROD-07,UBI-PUE108,1
2283,51539,2025-07-06,JUG-204,PROD-08,UBI-PUE108,1
2284,51540,2023-07-09,JUG-104,PROD-04,UBI-PUE165,1
2285,51541,2025-12-01,JUG-007,PROD-07,UBI-PUE261,1
2286,51542,2024-11-05,JUG-227,PROD-06,UBI-PUE037,1
2287,51543,2024-05-22,JUG-010,PROD-02,UBI-PUE259,1
2288,51544,2024-06-27,JUG-237,PROD-04,UBI-PUE044,1
2289,51545,2024-11-22,JUG-089,PROD-06,UBI-PUE177,1
2290,51545,2024-11-22,JUG-089,PROD-07,UBI-PUE177,3
2291,51546,2025-06-29,JUG-182,PROD-01,UBI-PUE257,2
2292,51546,2025-06-29,JUG-182,PROD-03,UBI-PUE257,1
2293,51547,2024-12-01,JUG-024,PROD-02,UBI-PUE289,1
2294,51547,2024-12-01,JUG-024,PROD-08,UBI-PUE289,1
2295,51548,2026-02-14,JUG-112,PROD-03,UBI-PUE036,3
2296,51548,2026-02-14,JUG-112,PROD-05,UBI-PUE036,1
2298,51549,2026-06-09,JUG-116,PROD-08,UBI-PUE018,2
2299,51550,2025-08-27,JUG-050,PROD-04,UBI-PUE071,1
2300,51551,2025-12-07,JUG-116,PROD-04,UBI-PUE174,2
2301,51551,2025-12-07,JUG-116,PROD-01,UBI-PUE174,1
2302,51552,2024-02-18,JUG-157,PROD-04,UBI-PUE107,1
2303,51553,2025-06-30,JUG-051,PROD-06,UBI-PUE040,1
2304,51554,2023-11-07,JUG-191,PROD-02,UBI-PUE005,1
2305,51554,2023-11-07,JUG-191,PROD-08,UBI-PUE005,2
2307,51556,2025-12-01,JUG-133,PROD-04,UBI-PUE201,1
2308,51556,2025-12-01,JUG-133,PROD-02,UBI-PUE201,1
2310,51558,2024-11-22,JUG-016,PROD-07,UBI-PUE019,1
2311,51559,2025-10-14,JUG-142,PROD-02,UBI-PUE248,1
2313,51560,2026-07-19,JUG-243,PROD-01,UBI-PUE020,2
2314,51560,2026-07-19,JUG-243,PROD-02,UBI-PUE020,1
2315,51561,2024-05-03,JUG-238,PROD-02,UBI-PUE022,1
2316,51562,2024-12-24,JUG-205,PROD-01,UBI-PUE036,1
2317,51563,2023-08-03,JUG-225,PROD-03,UBI-PUE079,1
2318,51564,2023-08-25,JUG-203,PROD-03,UBI-PUE127,3
2319,51564,2023-08-25,JUG-203,PROD-05,UBI-PUE127,1
2320,51565,2024-05-11,JUG-192,PROD-02,UBI-PUE186,1
2321,51566,2026-06-05,JUG-241,PROD-07,UBI-PUE059,2
2322,51567,2025-04-11,JUG-088,PROD-07,UBI-PUE265,1
2323,51568,2025-02-01,JUG-126,PROD-03,UBI-PUE274,1
2324,51569,2025-05-28,JUG-096,PROD-06,UBI-PUE208,1
2326,51569,2025-05-28,JUG-096,PROD-08,UBI-PUE208,1
2327,51570,2026-10-16,JUG-112,PROD-06,UBI-PUE015,1
2328,51571,2025-10-27,JUG-144,PROD-08,UBI-PUE225,3
2329,51571,2025-10-27,JUG-144,PROD-07,UBI-PUE225,1
2330,51572,2025-09-14,JUG-055,PROD-04,UBI-PUE133,1
2331,51573,2024-03-19,JUG-069,PROD-05,UBI-PUE149,3
2332,51573,2024-03-19,JUG-069,PROD-01,UBI-PUE149,1
2333,51574,2024-03-23,JUG-156,PROD-08,UBI-PUE283,1
2334,51575,2025-04-15,JUG-206,PROD-08,UBI-PUE232,1
2335,51576,2024-10-22,JUG-160,PROD-01,UBI-PUE176,1
2336,51577,2025-01-22,JUG-208,PROD-04,UBI-PUE046,1
2337,51578,2025-02-06,JUG-029,PROD-05,UBI-PUE105,1
2338,51579,2025-12-16,JUG-009,PROD-04,UBI-PUE004,1
2339,51579,2025-12-16,JUG-009,PROD-06,UBI-PUE004,1
2340,51580,2025-05-16,JUG-162,PROD-07,UBI-PUE192,1
2341,51580,2025-05-16,JUG-162,PROD-02,UBI-PUE192,1
2342,51580,2025-05-16,JUG-162,PROD-04,UBI-PUE192,1
2343,51581,2023-02-06,JUG-034,PROD-08,UBI-PUE264,2
2344,51582,2025-08-06,JUG-194,PROD-01,UBI-PUE140,1
2345,51582,2025-08-06,JUG-194,PROD-04,UBI-PUE140,1
2346,51583,2025-09-12,JUG-133,PROD-03,UBI-PUE017,1
2347,51584,2024-07-13,JUG-239,PROD-06,UBI-PUE108,1
2348,51585,2025-04-15,JUG-245,PROD-04,UBI-PUE278,1
2349,51586,2023-12-29,JUG-210,PROD-01,UBI-PUE114,1
2350,51586,2023-12-29,JUG-210,PROD-02,UBI-PUE114,1
2351,51587,2023-07-04,JUG-197,PROD-08,UBI-PUE106,1
2352,51588,2026-02-11,JUG-224,PROD-01,UBI-PUE129,1
2353,51589,2026-05-11,JUG-153,PROD-01,UBI-PUE277,1
2354,51590,2025-09-12,JUG-221,PROD-03,UBI-PUE232,1
2355,51591,2024-03-20,JUG-111,PROD-01,UBI-PUE261,1
2356,51591,2024-03-20,JUG-111,PROD-03,UBI-PUE261,1
2357,51591,2024-03-20,JUG-111,PROD-08,UBI-PUE261,1
2358,51592,2025-09-14,JUG-112,PROD-03,UBI-PUE045,3
2359,51592,2025-09-14,JUG-112,PROD-06,UBI-PUE045,1
2360,51593,2024-05-10,JUG-134,PROD-01,UBI-PUE164,1
2361,51594,2025-01-08,JUG-110,PROD-06,UBI-PUE181,1
2362,51595,2024-09-06,JUG-190,PROD-01,UBI-PUE289,1
2363,51596,2025-05-29,JUG-031,PROD-01,UBI-PUE052,1
2364,51597,2024-03-30,JUG-070,PROD-01,UBI-PUE084,2
2365,51598,2024-02-11,JUG-067,PROD-05,UBI-PUE203,1
2366,51599,2024-10-22,JUG-012,PROD-02,UBI-PUE250,1
2368,51600,2026-01-17,JUG-031,PROD-05,UBI-PUE089,3
2369,51601,2024-08-19,JUG-164,PROD-06,UBI-PUE022,2
2370,51601,2024-08-19,JUG-164,PROD-07,UBI-PUE022,1
2371,51602,2025-09-06,JUG-007,PROD-04,UBI-PUE253,1
2373,51603,2024-12-25,JUG-179,PROD-06,UBI-PUE007,2
2374,51604,2026-03-09,JUG-205,PROD-03,UBI-PUE209,1
2375,51605,2026-03-29,JUG-245,PROD-01,UBI-PUE011,1
2376,51606,2025-05-11,JUG-163,PROD-08,UBI-PUE057,1
2377,51607,2026-02-13,JUG-075,PROD-03,UBI-PUE134,1
2378,51607,2026-02-13,JUG-075,PROD-08,UBI-PUE134,1
2379,51608,2023-12-16,JUG-107,PROD-03,UBI-PUE198,1
2380,51609,2025-10-10,JUG-147,PROD-07,UBI-PUE248,1
2381,51610,2024-06-14,JUG-217,PROD-02,UBI-PUE001,1
2382,51611,2023-11-04,JUG-197,PROD-05,UBI-PUE266,1
2383,51611,2023-11-04,JUG-197,PROD-01,UBI-PUE266,1
2384,51612,2024-11-13,JUG-163,PROD-05,UBI-PUE172,1
2385,51613,2023-10-07,JUG-008,PROD-04,UBI-PUE112,2
2386,51613,2023-10-07,JUG-008,PROD-05,UBI-PUE112,1
2387,51614,2024-03-16,JUG-070,PROD-07,UBI-PUE275,1
2388,51614,2024-03-16,JUG-070,PROD-01,UBI-PUE275,1
2389,51615,2026-06-24,JUG-211,PROD-07,UBI-PUE244,1
2390,51616,2024-04-18,JUG-188,PROD-04,UBI-PUE202,1
2391,51616,2024-04-18,JUG-188,PROD-07,UBI-PUE202,1
2392,51616,2024-04-18,JUG-188,PROD-03,UBI-PUE202,2
2393,51617,2026-09-01,JUG-004,PROD-05,UBI-PUE091,1
2394,51617,2026-09-01,JUG-004,PROD-01,UBI-PUE091,1
2395,51618,2024-06-21,JUG-247,PROD-05,UBI-PUE094,1
2396,51619,2025-10-28,JUG-123,PROD-04,UBI-PUE115,1
2397,51620,2023-09-20,JUG-189,PROD-07,UBI-PUE185,1
2398,51621,2024-04-13,JUG-132,PROD-05,UBI-PUE174,1
2399,51622,2025-10-13,JUG-044,PROD-02,UBI-PUE071,1
2400,51623,2024-05-21,JUG-074,PROD-03,UBI-PUE289,2
2401,51624,2025-01-29,JUG-017,PROD-02,UBI-PUE102,1
2402,51625,2025-11-08,JUG-061,PROD-05,UBI-PUE115,1
2403,51625,2025-11-08,JUG-061,PROD-02,UBI-PUE115,1
2404,51625,2025-11-08,JUG-061,PROD-06,UBI-PUE115,1
2405,51626,2025-11-07,JUG-183,PROD-06,UBI-PUE228,1
2406,51627,2026-01-24,JUG-115,PROD-01,UBI-PUE193,1
2407,51627,2026-01-24,JUG-115,PROD-05,UBI-PUE193,2
2408,51628,2025-08-03,JUG-141,PROD-04,UBI-PUE019,1
2409,51629,2025-06-27,JUG-003,PROD-01,UBI-PUE140,1
2410,51630,2024-07-01,JUG-170,PROD-05,UBI-PUE219,1
2411,51631,2024-05-09,JUG-108,PROD-07,UBI-PUE041,1
2412,51632,2023-07-08,JUG-232,PROD-04,UBI-PUE204,1
2413,51633,2024-10-27,JUG-062,PROD-08,UBI-PUE254,2
2414,51634,2024-02-10,JUG-181,PROD-07,UBI-PUE137,3
2415,51635,2025-09-28,JUG-147,PROD-01,UBI-PUE089,1
2416,51636,2026-12-05,JUG-057,PROD-01,UBI-PUE044,1
2417,51637,2023-11-19,JUG-223,PROD-03,UBI-PUE091,2
2418,51638,2023-03-22,JUG-238,PROD-07,UBI-PUE016,1
2419,51639,2025-08-24,JUG-233,PROD-02,UBI-PUE225,1
2420,51640,2026-08-02,JUG-082,PROD-03,UBI-PUE122,2
2421,51641,2026-03-21,JUG-153,PROD-02,UBI-PUE020,1
2422,51642,2023-07-31,JUG-237,PROD-06,UBI-PUE103,1
2423,51642,2023-07-31,JUG-237,PROD-01,UBI-PUE103,1
2424,51643,2026-04-06,JUG-204,PROD-01,UBI-PUE159,3
2425,51643,2026-04-06,JUG-204,PROD-03,UBI-PUE159,1
2426,51644,2024-03-13,JUG-197,PROD-05,UBI-PUE090,1
2427,51645,2024-08-06,JUG-183,PROD-01,UBI-PUE118,1
2428,51646,2024-06-06,JUG-155,PROD-05,UBI-PUE127,1
2429,51647,2024-01-30,JUG-249,PROD-05,UBI-PUE191,1
2430,51648,2025-04-04,JUG-146,PROD-06,UBI-PUE028,1
2431,51648,2025-04-04,JUG-146,PROD-04,UBI-PUE028,1
2432,51649,2023-09-12,JUG-067,PROD-05,UBI-PUE089,1
2433,51650,2024-10-25,JUG-060,PROD-01,UBI-PUE200,1
2434,51651,2025-09-16,JUG-078,PROD-05,UBI-PUE202,1
2435,51652,2025-04-18,JUG-200,PROD-05,UBI-PUE230,1
2436,51653,2025-10-14,JUG-127,PROD-05,UBI-PUE186,1
2437,51653,2025-10-14,JUG-127,PROD-01,UBI-PUE186,2
2438,51654,2024-12-06,JUG-084,PROD-04,UBI-PUE023,1
2439,51655,2024-06-13,JUG-202,PROD-06,UBI-PUE161,1
2440,51656,2023-05-26,JUG-019,PROD-05,UBI-PUE147,1
2441,51657,2026-05-21,JUG-073,PROD-08,UBI-PUE201,1
2442,51658,2025-03-04,JUG-022,PROD-08,UBI-PUE204,1
2443,51659,2026-02-07,JUG-224,PROD-07,UBI-PUE169,1
2444,51660,2026-02-10,JUG-131,PROD-03,UBI-PUE195,1
2445,51661,2023-09-21,JUG-169,PROD-04,UBI-PUE181,1
2446,51661,2023-09-21,JUG-169,PROD-01,UBI-PUE181,2
2447,51661,2023-09-21,JUG-169,PROD-07,UBI-PUE181,1
2449,51662,2024-04-11,JUG-094,PROD-08,UBI-PUE113,1
2450,51663,2023-08-10,JUG-048,PROD-01,UBI-PUE087,1
2451,51664,2024-02-19,JUG-213,PROD-01,UBI-PUE130,1
2452,51664,2024-02-19,JUG-213,PROD-05,UBI-PUE130,1
2453,51664,2024-02-19,JUG-213,PROD-08,UBI-PUE130,1
2455,51666,2024-07-10,JUG-110,PROD-06,UBI-PUE268,2
2456,51666,2024-07-10,JUG-110,PROD-07,UBI-PUE268,1
2458,51667,2024-02-26,JUG-008,PROD-06,UBI-PUE183,1
2459,51667,2024-02-26,JUG-008,PROD-01,UBI-PUE183,1
2460,51668,2023-08-23,JUG-105,PROD-05,UBI-PUE146,1
2461,51669,2023-10-24,JUG-181,PROD-04,UBI-PUE111,1
2462,51670,2024-08-02,JUG-249,PROD-02,UBI-PUE254,1
2463,51671,2025-11-14,JUG-233,PROD-05,UBI-PUE253,3
2464,51672,2024-07-01,JUG-187,PROD-05,UBI-PUE160,1
2465,51673,2026-05-29,JUG-043,PROD-05,UBI-PUE154,1
2466,51674,2025-12-20,JUG-153,PROD-07,UBI-PUE128,2
2467,51674,2025-12-20,JUG-153,PROD-02,UBI-PUE128,1
2468,51675,2023-07-17,JUG-069,PROD-04,UBI-PUE204,1
2469,51676,2025-03-21,JUG-194,PROD-01,UBI-PUE185,1
2470,51677,2023-08-09,JUG-247,PROD-04,UBI-PUE009,1
2471,51677,2023-08-09,JUG-247,PROD-01,UBI-PUE009,2
2472,51678,2025-01-27,JUG-196,PROD-06,UBI-PUE098,2
2473,51679,2024-03-21,JUG-209,PROD-07,UBI-PUE253,3
2474,51680,2025-06-13,JUG-174,PROD-07,UBI-PUE053,1
2475,51680,2025-06-13,JUG-174,PROD-01,UBI-PUE053,1
2476,51680,2025-06-13,JUG-174,PROD-05,UBI-PUE053,2
2477,51681,2025-09-24,JUG-049,PROD-03,UBI-PUE190,1
2478,51682,2025-03-06,JUG-086,PROD-03,UBI-PUE248,1
2479,51682,2025-03-06,JUG-086,PROD-08,UBI-PUE248,1
2480,51683,2024-09-16,JUG-138,PROD-01,UBI-PUE014,1
2481,51684,2025-09-24,JUG-162,PROD-08,UBI-PUE016,1
2482,51685,2024-05-08,JUG-164,PROD-02,UBI-PUE288,1
2483,51685,2024-05-08,JUG-164,PROD-04,UBI-PUE288,2
2484,51686,2025-08-19,JUG-009,PROD-02,UBI-PUE248,1
2485,51686,2025-08-19,JUG-009,PROD-04,UBI-PUE248,1
2486,51687,2025-06-05,JUG-229,PROD-03,UBI-PUE061,1
2487,51688,2025-05-04,JUG-177,PROD-04,UBI-PUE130,1
2488,51688,2025-05-04,JUG-177,PROD-03,UBI-PUE130,1
2489,51689,2023-12-17,JUG-117,PROD-01,UBI-PUE155,1
2490,51690,2024-06-24,JUG-113,PROD-07,UBI-PUE104,1
2491,51691,2025-01-29,JUG-163,PROD-05,UBI-PUE030,1
2492,51691,2025-01-29,JUG-163,PROD-02,UBI-PUE030,2
2493,51691,2025-01-29,JUG-163,PROD-06,UBI-PUE030,1
2494,51692,2026-01-16,JUG-118,PROD-08,UBI-PUE137,2
2495,51693,2026-02-07,JUG-194,PROD-07,UBI-PUE079,1
2497,51694,2024-12-13,JUG-196,PROD-07,UBI-PUE194,1
2498,51695,2024-06-25,JUG-234,PROD-04,UBI-PUE039,2
2499,51696,2026-08-08,JUG-096,PROD-06,UBI-PUE208,2
2500,51696,2026-08-08,JUG-096,PROD-03,UBI-PUE208,1
2501,51697,2024-04-02,JUG-214,PROD-07,UBI-PUE239,1
2502,51697,2024-04-02,JUG-214,PROD-04,UBI-PUE239,1
2503,51698,2025-07-11,JUG-235,PROD-03,UBI-PUE266,1
2504,51699,2025-01-01,JUG-044,PROD-03,UBI-PUE069,1
2505,51700,2025-05-05,JUG-103,PROD-06,UBI-PUE056,1
2506,51701,2026-03-25,JUG-178,PROD-01,UBI-PUE058,2
2507,51702,2025-09-21,JUG-086,PROD-05,UBI-PUE086,1
2508,51702,2025-09-21,JUG-086,PROD-04,UBI-PUE086,1
2509,51702,2025-09-21,JUG-086,PROD-01,UBI-PUE086,1
2510,51703,2026-03-16,JUG-123,PROD-03,UBI-PUE120,1
2511,51704,2026-01-15,JUG-241,PROD-01,UBI-PUE257,1
2512,51705,2026-01-03,JUG-057,PROD-04,UBI-PUE285,1
2513,51706,2023-09-21,JUG-159,PROD-04,UBI-PUE249,2
2514,51706,2023-09-21,JUG-159,PROD-07,UBI-PUE249,2
2515,51707,2025-03-18,JUG-154,PROD-05,UBI-PUE239,1
2516,51708,2025-01-28,JUG-022,PROD-03,UBI-PUE024,1
2517,51708,2025-01-28,JUG-022,PROD-04,UBI-PUE024,1
2518,51708,2025-01-28,JUG-022,PROD-08,UBI-PUE024,1
2519,51709,2026-04-12,JUG-172,PROD-06,UBI-PUE157,1
2520,51710,2025-07-08,JUG-205,PROD-07,UBI-PUE247,1
2521,51711,2025-05-17,JUG-206,PROD-07,UBI-PUE039,1
2522,51712,2024-07-09,JUG-130,PROD-02,UBI-PUE205,1
2523,51712,2024-07-09,JUG-130,PROD-04,UBI-PUE205,2
2524,51713,2025-04-02,JUG-032,PROD-07,UBI-PUE134,2
2525,51714,2025-08-23,JUG-166,PROD-07,UBI-PUE087,2
2526,51715,2024-10-07,JUG-160,PROD-02,UBI-PUE107,1
2527,51716,2024-07-23,JUG-141,PROD-01,UBI-PUE188,1
2528,51717,2024-03-20,JUG-032,PROD-08,UBI-PUE145,1
2529,51717,2024-03-20,JUG-032,PROD-01,UBI-PUE145,1
2530,51717,2024-03-20,JUG-032,PROD-06,UBI-PUE145,1
2531,51718,2025-03-10,JUG-145,PROD-05,UBI-PUE055,1
2532,51719,2024-06-26,JUG-152,PROD-06,UBI-PUE148,1
2533,51720,2024-09-25,JUG-163,PROD-03,UBI-PUE126,1
2534,51721,2025-01-19,JUG-044,PROD-02,UBI-PUE155,1
2535,51721,2025-01-19,JUG-044,PROD-02,UBI-PUE155,2
2536,51722,2023-08-25,JUG-249,PROD-08,UBI-PUE118,1
2537,51723,2026-03-04,JUG-102,PROD-07,UBI-PUE241,1
2538,51723,2026-03-04,JUG-102,PROD-01,UBI-PUE241,2
2540,51724,2024-10-27,JUG-236,PROD-05,UBI-PUE025,1
2541,51725,2023-11-21,JUG-106,PROD-04,UBI-PUE151,3
2542,51726,2024-04-22,JUG-250,PROD-02,UBI-PUE221,1
2543,51727,2025-06-23,JUG-183,PROD-01,UBI-PUE076,3
2544,51727,2025-06-23,JUG-183,PROD-05,UBI-PUE076,2
2545,51728,2024-09-25,JUG-003,PROD-01,UBI-PUE168,1
2546,51728,2024-09-25,JUG-003,PROD-03,UBI-PUE168,1
2548,51729,2024-12-03,JUG-227,PROD-04,UBI-PUE030,1
2550,51731,2026-06-10,JUG-087,PROD-07,UBI-PUE241,1
2551,51731,2026-06-10,JUG-087,PROD-04,UBI-PUE241,1
2552,51732,2023-07-14,JUG-192,PROD-07,UBI-PUE118,2
2553,51733,2024-09-23,JUG-084,PROD-08,UBI-PUE025,2
2554,51734,2024-03-28,JUG-068,PROD-03,UBI-PUE193,1
2555,51734,2024-03-28,JUG-068,PROD-05,UBI-PUE193,1
2557,51735,2025-01-21,JUG-206,PROD-07,UBI-PUE083,1
2559,51736,2024-03-07,JUG-154,PROD-01,UBI-PUE073,3
2560,51737,2024-08-03,JUG-040,PROD-02,UBI-PUE125,1
2561,51738,2023-10-12,JUG-132,PROD-06,UBI-PUE115,1
2562,51738,2023-10-12,JUG-132,PROD-02,UBI-PUE115,1
2564,51739,2025-08-27,JUG-037,PROD-06,UBI-PUE047,1
2565,51739,2025-08-27,JUG-037,PROD-01,UBI-PUE047,1
2567,51740,2024-05-14,JUG-184,PROD-07,UBI-PUE175,2
2568,51740,2024-05-14,JUG-184,PROD-08,UBI-PUE175,1
2569,51741,2026-06-03,JUG-013,PROD-02,UBI-PUE222,1
2570,51742,2025-02-22,JUG-045,PROD-07,UBI-PUE280,3
2571,51742,2025-02-22,JUG-045,PROD-05,UBI-PUE280,1
2572,51742,2025-02-22,JUG-045,PROD-08,UBI-PUE280,2
2573,51743,2025-12-22,JUG-013,PROD-03,UBI-PUE286,1
2574,51744,2025-10-06,JUG-078,PROD-01,UBI-PUE116,1
2575,51745,2023-04-29,JUG-238,PROD-02,UBI-PUE029,1
2576,51745,2023-04-29,JUG-238,PROD-02,UBI-PUE029,2
2577,51746,2024-08-13,JUG-200,PROD-08,UBI-PUE163,1
2578,51746,2024-08-13,JUG-200,PROD-04,UBI-PUE163,1
2579,51746,2024-08-13,JUG-200,PROD-02,UBI-PUE163,1
2580,51747,2025-10-16,JUG-212,PROD-07,UBI-PUE052,1
2581,51748,2025-09-15,JUG-049,PROD-03,UBI-PUE088,1
2582,51749,2026-07-09,JUG-147,PROD-06,UBI-PUE017,1
2583,51750,2025-10-09,JUG-022,PROD-07,UBI-PUE214,1
2584,51750,2025-10-09,JUG-022,PROD-03,UBI-PUE214,1
2585,51751,2024-08-17,JUG-150,PROD-05,UBI-PUE189,1
2586,51752,2024-03-15,JUG-161,PROD-07,UBI-PUE237,1
2587,51753,2026-01-08,JUG-056,PROD-02,UBI-PUE231,1
2588,51753,2026-01-08,JUG-056,PROD-07,UBI-PUE231,1
2589,51754,2025-09-06,JUG-163,PROD-04,UBI-PUE205,1
2590,51755,2024-01-11,JUG-126,PROD-06,UBI-PUE055,1
2591,51756,2023-11-19,JUG-181,PROD-04,UBI-PUE080,1
2592,51757,2024-10-11,JUG-213,PROD-06,UBI-PUE245,1
2593,51758,2025-02-09,JUG-113,PROD-01,UBI-PUE245,1
2594,51759,2023-12-01,JUG-152,PROD-04,UBI-PUE081,1
2595,51760,2025-11-04,JUG-246,PROD-04,UBI-PUE204,1
2596,51761,2024-09-06,JUG-053,PROD-08,UBI-PUE226,1
2597,51761,2024-09-06,JUG-053,PROD-03,UBI-PUE226,1
2598,51762,2025-07-02,JUG-179,PROD-03,UBI-PUE101,1
2599,51763,2023-11-26,JUG-230,PROD-08,UBI-PUE244,2
2600,51763,2023-11-26,JUG-230,PROD-06,UBI-PUE244,1
2601,51764,2025-10-18,JUG-031,PROD-03,UBI-PUE257,1
2602,51765,2024-02-09,JUG-202,PROD-05,UBI-PUE249,1
2603,51766,2024-01-11,JUG-187,PROD-04,UBI-PUE243,1
2604,51766,2024-01-11,JUG-187,PROD-01,UBI-PUE243,1
2605,51767,2024-02-26,JUG-228,PROD-07,UBI-PUE089,1
2606,51768,2024-08-29,JUG-065,PROD-02,UBI-PUE142,1
2607,51769,2025-04-16,JUG-059,PROD-05,UBI-PUE275,1
2608,51770,2026-06-30,JUG-078,PROD-05,UBI-PUE019,1
2610,51771,2024-03-01,JUG-230,PROD-03,UBI-PUE132,2
2611,51771,2024-03-01,JUG-230,PROD-04,UBI-PUE132,1
2613,51772,2023-12-15,JUG-151,PROD-07,UBI-PUE087,1
2614,51772,2023-12-15,JUG-151,PROD-03,UBI-PUE087,2
2615,51772,2023-12-15,JUG-151,PROD-07,UBI-PUE087,2
2616,51773,2025-09-05,JUG-142,PROD-04,UBI-PUE167,1
2617,51774,2025-07-18,JUG-037,PROD-05,UBI-PUE112,2
2618,51775,2026-06-23,JUG-233,PROD-03,UBI-PUE104,2
2619,51776,2024-12-23,JUG-224,PROD-08,UBI-PUE046,1
2620,51777,2025-07-18,JUG-062,PROD-03,UBI-PUE235,1
2621,51778,2023-03-26,JUG-248,PROD-05,UBI-PUE069,2
2622,51779,2025-04-26,JUG-045,PROD-02,UBI-PUE036,1
2623,51780,2025-03-14,JUG-021,PROD-05,UBI-PUE119,1
2624,51780,2025-03-14,JUG-021,PROD-08,UBI-PUE119,1
2625,51781,2024-03-16,JUG-159,PROD-02,UBI-PUE222,1
2626,51782,2024-05-25,JUG-187,PROD-07,UBI-PUE108,3
2627,51782,2024-05-25,JUG-187,PROD-08,UBI-PUE108,1
2628,51783,2025-01-14,JUG-076,PROD-08,UBI-PUE150,1
2629,51784,2024-05-17,JUG-219,PROD-02,UBI-PUE045,2
2630,51785,2024-02-26,JUG-106,PROD-08,UBI-PUE086,1
2631,51785,2024-02-26,JUG-106,PROD-02,UBI-PUE086,1
2632,51786,2024-07-11,JUG-164,PROD-07,UBI-PUE223,1
2633,51786,2024-07-11,JUG-164,PROD-08,UBI-PUE223,1
2634,51786,2024-07-11,JUG-164,PROD-08,UBI-PUE223,2
2635,51787,2024-07-13,JUG-011,PROD-03,UBI-PUE287,1
2636,51788,2023-06-15,JUG-159,PROD-04,UBI-PUE046,1
2637,51788,2023-06-15,JUG-159,PROD-07,UBI-PUE046,1
2638,51789,2024-04-28,JUG-156,PROD-02,UBI-PUE123,3
2639,51790,2024-09-28,JUG-130,PROD-02,UBI-PUE255,1
2640,51790,2024-09-28,JUG-130,PROD-01,UBI-PUE255,1
2641,51791,2023-05-18,JUG-106,PROD-07,UBI-PUE160,1
2642,51791,2023-05-18,JUG-106,PROD-04,UBI-PUE160,1
2643,51792,2026-04-25,JUG-075,PROD-05,UBI-PUE136,1
2644,51793,2024-03-04,JUG-198,PROD-02,UBI-PUE263,1
2645,51794,2024-01-01,JUG-017,PROD-07,UBI-PUE104,1
2646,51795,2024-11-12,JUG-101,PROD-06,UBI-PUE021,1
2647,51796,2025-04-16,JUG-071,PROD-06,UBI-PUE042,1
2648,51796,2025-04-16,JUG-071,PROD-01,UBI-PUE042,1
2649,51797,2024-03-27,JUG-238,PROD-08,UBI-PUE176,1
2650,51798,2024-06-08,JUG-239,PROD-01,UBI-PUE145,1
2651,51799,2025-09-09,JUG-023,PROD-06,UBI-PUE073,1
2652,51800,2026-01-26,JUG-023,PROD-02,UBI-PUE242,1
2653,51800,2026-01-26,JUG-023,PROD-04,UBI-PUE242,1
2654,51801,2026-05-08,JUG-071,PROD-03,UBI-PUE172,3
2655,51802,2023-09-17,JUG-039,PROD-07,UBI-PUE201,3
2656,51803,2024-02-25,JUG-232,PROD-01,UBI-PUE269,2
2657,51804,2023-09-04,JUG-019,PROD-01,UBI-PUE129,2
2658,51804,2023-09-04,JUG-019,PROD-01,UBI-PUE129,1
2659,51805,2023-08-18,JUG-210,PROD-06,UBI-PUE205,1
2660,51806,2024-04-03,JUG-209,PROD-08,UBI-PUE124,1
2661,51807,2025-10-31,JUG-031,PROD-03,UBI-PUE089,1
2662,51808,2023-12-14,JUG-151,PROD-01,UBI-PUE209,1
2664,51809,2024-12-19,JUG-063,PROD-03,UBI-PUE018,1
2665,51810,2023-05-26,JUG-068,PROD-01,UBI-PUE200,1
2666,51811,2025-06-07,JUG-163,PROD-02,UBI-PUE046,2
2667,51812,2024-01-22,JUG-140,PROD-01,UBI-PUE116,2
2668,51812,2024-01-22,JUG-140,PROD-01,UBI-PUE116,1
2669,51812,2024-01-22,JUG-140,PROD-07,UBI-PUE116,2
2670,51813,2025-02-22,JUG-137,PROD-07,UBI-PUE202,1
2671,51813,2025-02-22,JUG-137,PROD-06,UBI-PUE202,1
2672,51813,2025-02-22,JUG-137,PROD-03,UBI-PUE202,1
2673,51814,2023-12-09,JUG-069,PROD-04,UBI-PUE273,1
2674,51815,2024-06-19,JUG-219,PROD-04,UBI-PUE155,1
2675,51815,2024-06-19,JUG-219,PROD-03,UBI-PUE155,2
2676,51816,2024-06-10,JUG-107,PROD-08,UBI-PUE134,1
2677,51816,2024-06-10,JUG-107,PROD-07,UBI-PUE134,1
2678,51817,2025-01-23,JUG-136,PROD-01,UBI-PUE223,1
2679,51818,2026-04-16,JUG-038,PROD-06,UBI-PUE029,1
2680,51819,2024-03-16,JUG-137,PROD-08,UBI-PUE026,1
2681,51819,2024-03-16,JUG-137,PROD-05,UBI-PUE026,1
2682,51820,2023-12-30,JUG-059,PROD-05,UBI-PUE007,1
2683,51821,2026-07-21,JUG-175,PROD-03,UBI-PUE127,1
2684,51822,2025-08-31,JUG-031,PROD-04,UBI-PUE250,1
2685,51823,2025-04-04,JUG-146,PROD-07,UBI-PUE053,1
2686,51824,2024-10-08,JUG-157,PROD-06,UBI-PUE097,1
2687,51824,2024-10-08,JUG-157,PROD-07,UBI-PUE097,1
2688,51824,2024-10-08,JUG-157,PROD-05,UBI-PUE097,2
2689,51825,2023-03-10,JUG-119,PROD-02,UBI-PUE274,3
2690,51826,2025-10-29,JUG-212,PROD-04,UBI-PUE212,1
2692,51827,2025-07-25,JUG-071,PROD-01,UBI-PUE208,1
2693,51828,2025-08-23,JUG-016,PROD-02,UBI-PUE189,1
2694,51829,2025-05-18,JUG-092,PROD-04,UBI-PUE064,1
2695,51830,2024-09-07,JUG-026,PROD-07,UBI-PUE031,1
2696,51831,2025-06-16,JUG-016,PROD-07,UBI-PUE052,1
2697,51832,2024-09-10,JUG-040,PROD-01,UBI-PUE222,3
2698,51833,2023-11-28,JUG-184,PROD-01,UBI-PUE031,1
2699,51834,2023-10-30,JUG-150,PROD-07,UBI-PUE154,1
2700,51835,2026-07-11,JUG-139,PROD-05,UBI-PUE161,1
2701,51835,2026-07-11,JUG-139,PROD-05,UBI-PUE161,2
2702,51836,2023-09-07,JUG-234,PROD-06,UBI-PUE108,1
2703,51837,2025-01-14,JUG-250,PROD-02,UBI-PUE253,1
2704,51838,2026-02-07,JUG-205,PROD-07,UBI-PUE197,3
2705,51839,2026-03-13,JUG-204,PROD-01,UBI-PUE226,1
2706,51840,2025-07-31,JUG-235,PROD-01,UBI-PUE028,1
2707,51841,2024-09-14,JUG-191,PROD-04,UBI-PUE144,1
2709,51842,2023-03-06,JUG-034,PROD-06,UBI-PUE011,1
2710,51843,2025-12-20,JUG-033,PROD-05,UBI-PUE042,1
2711,51844,2025-11-25,JUG-174,PROD-07,UBI-PUE132,3
2712,51845,2026-01-08,JUG-178,PROD-01,UBI-PUE229,1
2713,51846,2025-07-04,JUG-123,PROD-04,UBI-PUE056,1
2714,51847,2026-03-03,JUG-195,PROD-02,UBI-PUE023,2
2715,51847,2026-03-03,JUG-195,PROD-04,UBI-PUE023,1
2716,51848,2025-05-13,JUG-236,PROD-07,UBI-PUE097,1
2717,51849,2023-01-25,JUG-140,PROD-07,UBI-PUE143,1
2718,51850,2023-07-28,JUG-197,PROD-03,UBI-PUE050,1
2719,51851,2025-11-22,JUG-014,PROD-02,UBI-PUE025,1
2720,51851,2025-11-22,JUG-014,PROD-08,UBI-PUE025,2
2721,51851,2025-11-22,JUG-014,PROD-08,UBI-PUE025,3
2722,51852,2026-09-05,JUG-129,PROD-01,UBI-PUE070,1
2723,51853,2024-08-27,JUG-025,PROD-07,UBI-PUE223,1
2724,51854,2024-11-06,JUG-156,PROD-02,UBI-PUE280,1
2725,51854,2024-11-06,JUG-156,PROD-01,UBI-PUE280,1
2726,51854,2024-11-06,JUG-156,PROD-02,UBI-PUE280,2
2727,51855,2024-11-13,JUG-003,PROD-04,UBI-PUE089,1
2728,51855,2024-11-13,JUG-003,PROD-01,UBI-PUE089,1
2729,51855,2024-11-13,JUG-003,PROD-03,UBI-PUE089,1
2730,51856,2024-03-30,JUG-083,PROD-04,UBI-PUE059,1
2731,51856,2024-03-30,JUG-083,PROD-06,UBI-PUE059,1
2732,51857,2025-09-29,JUG-026,PROD-03,UBI-PUE172,1
2733,51858,2025-11-22,JUG-205,PROD-06,UBI-PUE009,1
2734,51859,2025-11-07,JUG-121,PROD-06,UBI-PUE077,1
2735,51860,2026-05-09,JUG-178,PROD-08,UBI-PUE107,1
2736,51861,2026-02-07,JUG-221,PROD-05,UBI-PUE131,1
2737,51862,2024-02-12,JUG-187,PROD-02,UBI-PUE273,1
2738,51863,2024-04-07,JUG-105,PROD-03,UBI-PUE025,3
2739,51863,2024-04-07,JUG-105,PROD-02,UBI-PUE025,1
2740,51863,2024-04-07,JUG-105,PROD-03,UBI-PUE025,2
2741,51864,2024-04-11,JUG-069,PROD-02,UBI-PUE180,1
2742,51864,2024-04-11,JUG-069,PROD-08,UBI-PUE180,1
2744,51865,2025-10-12,JUG-066,PROD-01,UBI-PUE271,1
2745,51866,2024-06-18,JUG-219,PROD-08,UBI-PUE243,2
2746,51867,2023-12-30,JUG-128,PROD-06,UBI-PUE034,1
2747,51868,2024-12-31,JUG-036,PROD-02,UBI-PUE126,1
2748,51869,2025-11-14,JUG-029,PROD-08,UBI-PUE189,1
2749,51870,2026-07-30,JUG-127,PROD-07,UBI-PUE224,1
2750,51871,2024-08-13,JUG-070,PROD-01,UBI-PUE163,1
2751,51872,2026-05-06,JUG-120,PROD-02,UBI-PUE138,1
2752,51873,2023-02-26,JUG-189,PROD-04,UBI-PUE196,1
2753,51874,2025-01-24,JUG-028,PROD-04,UBI-PUE119,1
2754,51875,2026-08-31,JUG-043,PROD-03,UBI-PUE034,1
2755,51875,2026-08-31,JUG-043,PROD-05,UBI-PUE034,1
2756,51875,2026-08-31,JUG-043,PROD-01,UBI-PUE034,1
2757,51876,2026-07-01,JUG-102,PROD-03,UBI-PUE076,2
2758,51876,2026-07-01,JUG-102,PROD-08,UBI-PUE076,1
2759,51877,2024-05-14,JUG-210,PROD-02,UBI-PUE193,2
2760,51878,2026-06-20,JUG-142,PROD-02,UBI-PUE156,1
2761,51879,2025-10-03,JUG-088,PROD-07,UBI-PUE026,1
2762,51880,2024-04-20,JUG-151,PROD-06,UBI-PUE160,1
2763,51880,2024-04-20,JUG-151,PROD-04,UBI-PUE160,1
2764,51881,2025-12-25,JUG-016,PROD-01,UBI-PUE168,1
2765,51881,2025-12-25,JUG-016,PROD-04,UBI-PUE168,1
2766,51882,2024-09-15,JUG-141,PROD-02,UBI-PUE039,1
2767,51883,2024-03-16,JUG-191,PROD-04,UBI-PUE023,1
2768,51884,2026-02-06,JUG-146,PROD-04,UBI-PUE034,1
2769,51885,2023-12-21,JUG-140,PROD-04,UBI-PUE244,2
2770,51886,2024-04-11,JUG-242,PROD-08,UBI-PUE058,1
2771,51886,2024-04-11,JUG-242,PROD-03,UBI-PUE058,1
2772,51887,2026-04-01,JUG-049,PROD-04,UBI-PUE151,1
2773,51888,2024-06-17,JUG-017,PROD-07,UBI-PUE150,1
2774,51888,2024-06-17,JUG-017,PROD-01,UBI-PUE150,1
2775,51889,2026-02-25,JUG-246,PROD-02,UBI-PUE197,1
2776,51889,2026-02-25,JUG-246,PROD-01,UBI-PUE197,1
2778,51890,2026-08-28,JUG-162,PROD-05,UBI-PUE008,2
2779,51890,2026-08-28,JUG-162,PROD-06,UBI-PUE008,1
2780,51891,2024-04-19,JUG-017,PROD-02,UBI-PUE064,1
2781,51892,2025-06-21,JUG-016,PROD-05,UBI-PUE196,1
2782,51892,2025-06-21,JUG-016,PROD-06,UBI-PUE196,1
2783,51893,2026-05-03,JUG-041,PROD-05,UBI-PUE050,1
2784,51893,2026-05-03,JUG-041,PROD-02,UBI-PUE050,1
2785,51894,2024-06-24,JUG-238,PROD-06,UBI-PUE063,3
2786,51895,2025-08-02,JUG-095,PROD-05,UBI-PUE167,1
2787,51896,2026-05-30,JUG-116,PROD-03,UBI-PUE096,1
2788,51897,2026-10-17,JUG-043,PROD-06,UBI-PUE210,1
2789,51897,2026-10-17,JUG-043,PROD-08,UBI-PUE210,1
2790,51898,2025-08-09,JUG-091,PROD-05,UBI-PUE121,1
2791,51898,2025-08-09,JUG-091,PROD-02,UBI-PUE121,1
2792,51899,2025-05-24,JUG-089,PROD-05,UBI-PUE071,1
2793,51899,2025-05-24,JUG-089,PROD-07,UBI-PUE071,1
2795,51900,2024-02-11,JUG-157,PROD-02,UBI-PUE012,1
2796,51901,2025-06-04,JUG-158,PROD-02,UBI-PUE147,2
2797,51901,2025-06-04,JUG-158,PROD-04,UBI-PUE147,2
2798,51902,2025-10-09,JUG-101,PROD-06,UBI-PUE168,1
2799,51903,2023-05-21,JUG-247,PROD-01,UBI-PUE020,2
2800,51904,2024-09-01,JUG-011,PROD-04,UBI-PUE187,1
2801,51905,2026-08-01,JUG-009,PROD-01,UBI-PUE174,1
2802,51906,2023-07-12,JUG-225,PROD-03,UBI-PUE272,1
2803,51907,2026-04-30,JUG-178,PROD-08,UBI-PUE158,1
2805,51907,2026-04-30,JUG-178,PROD-03,UBI-PUE158,1
2806,51908,2026-06-14,JUG-021,PROD-03,UBI-PUE133,1
2807,51909,2023-09-22,JUG-197,PROD-05,UBI-PUE169,1
2808,51910,2023-05-05,JUG-002,PROD-07,UBI-PUE153,1
2809,51911,2025-02-05,JUG-046,PROD-06,UBI-PUE229,2
2811,51912,2024-01-30,JUG-035,PROD-01,UBI-PUE158,1
2812,51913,2023-10-18,JUG-107,PROD-02,UBI-PUE033,2
2813,51913,2023-10-18,JUG-107,PROD-02,UBI-PUE033,1
2814,51913,2023-10-18,JUG-107,PROD-05,UBI-PUE033,1
2815,51914,2026-08-24,JUG-078,PROD-01,UBI-PUE148,2
2816,51915,2025-12-04,JUG-013,PROD-07,UBI-PUE173,1
2817,51916,2025-03-29,JUG-146,PROD-04,UBI-PUE005,1
2818,51917,2024-09-16,JUG-018,PROD-02,UBI-PUE051,2
2819,51917,2024-09-16,JUG-018,PROD-05,UBI-PUE051,1
2820,51918,2025-08-12,JUG-093,PROD-02,UBI-PUE240,1
2821,51919,2023-10-06,JUG-218,PROD-08,UBI-PUE225,3
2822,51920,2023-07-14,JUG-157,PROD-01,UBI-PUE039,1
2823,51921,2026-05-26,JUG-211,PROD-03,UBI-PUE269,1
2824,51921,2026-05-26,JUG-211,PROD-04,UBI-PUE269,1
2825,51922,2025-03-22,JUG-246,PROD-06,UBI-PUE014,1
2826,51922,2025-03-22,JUG-246,PROD-03,UBI-PUE014,1
2827,51923,2025-07-11,JUG-062,PROD-04,UBI-PUE067,1
2828,51923,2025-07-11,JUG-062,PROD-05,UBI-PUE067,2
2829,51924,2024-03-28,JUG-234,PROD-01,UBI-PUE262,2
2830,51925,2026-04-15,JUG-073,PROD-04,UBI-PUE122,1
2831,51925,2026-04-15,JUG-073,PROD-06,UBI-PUE122,1
2832,51926,2024-11-08,JUG-064,PROD-07,UBI-PUE129,1
2833,51926,2024-11-08,JUG-064,PROD-06,UBI-PUE129,1
2834,51926,2024-11-08,JUG-064,PROD-08,UBI-PUE129,1
2835,51927,2024-05-27,JUG-108,PROD-01,UBI-PUE132,1
2836,51928,2024-01-18,JUG-080,PROD-02,UBI-PUE018,1
2837,51929,2025-08-05,JUG-052,PROD-05,UBI-PUE240,1
2838,51930,2025-08-02,JUG-200,PROD-07,UBI-PUE278,1
2839,51931,2024-06-17,JUG-027,PROD-04,UBI-PUE075,2
2840,51931,2024-06-17,JUG-027,PROD-07,UBI-PUE075,1
2841,51931,2024-06-17,JUG-027,PROD-05,UBI-PUE075,1
2842,51932,2025-07-12,JUG-023,PROD-04,UBI-PUE215,1
2843,51933,2024-01-15,JUG-188,PROD-04,UBI-PUE066,1
2844,51934,2025-08-02,JUG-038,PROD-02,UBI-PUE243,3
2845,51935,2025-12-22,JUG-216,PROD-02,UBI-PUE281,1
2846,51935,2025-12-22,JUG-216,PROD-03,UBI-PUE281,1
2847,51936,2024-01-05,JUG-151,PROD-01,UBI-PUE186,1
2848,51937,2024-07-29,JUG-236,PROD-02,UBI-PUE097,1
2849,51938,2025-08-07,JUG-141,PROD-07,UBI-PUE093,2
2850,51939,2025-08-16,JUG-023,PROD-02,UBI-PUE097,1
2851,51940,2026-08-11,JUG-129,PROD-01,UBI-PUE234,1
2852,51940,2026-08-11,JUG-129,PROD-05,UBI-PUE234,1
2853,51941,2024-04-18,JUG-188,PROD-01,UBI-PUE137,1
2854,51942,2023-10-23,JUG-099,PROD-05,UBI-PUE009,1
2855,51943,2024-09-21,JUG-188,PROD-04,UBI-PUE108,1
2856,51944,2023-12-10,JUG-210,PROD-06,UBI-PUE007,1
2857,51945,2025-01-08,JUG-017,PROD-05,UBI-PUE055,1
2858,51946,2024-04-05,JUG-207,PROD-04,UBI-PUE155,2
2859,51947,2025-07-01,JUG-052,PROD-08,UBI-PUE005,1
2860,51948,2024-06-05,JUG-190,PROD-02,UBI-PUE236,1
2861,51949,2023-11-18,JUG-192,PROD-08,UBI-PUE003,1
2862,51950,2026-08-29,JUG-185,PROD-03,UBI-PUE079,1
2863,51950,2026-08-29,JUG-185,PROD-06,UBI-PUE079,1
2864,51951,2023-08-30,JUG-117,PROD-02,UBI-PUE142,2
2865,51952,2025-05-28,JUG-162,PROD-07,UBI-PUE217,2
2866,51952,2025-05-28,JUG-162,PROD-03,UBI-PUE217,1
2867,51953,2026-04-26,JUG-009,PROD-06,UBI-PUE257,2
2868,51953,2026-04-26,JUG-009,PROD-07,UBI-PUE257,2
2870,51954,2024-05-27,JUG-011,PROD-08,UBI-PUE040,1
2871,51955,2025-04-29,JUG-031,PROD-06,UBI-PUE199,3
2872,51956,2024-04-12,JUG-228,PROD-03,UBI-PUE083,1
2873,51957,2025-05-30,JUG-060,PROD-05,UBI-PUE246,1
2874,51957,2025-05-30,JUG-060,PROD-03,UBI-PUE246,1
2875,51958,2025-09-05,JUG-193,PROD-06,UBI-PUE106,3
2876,51959,2024-08-09,JUG-226,PROD-02,UBI-PUE095,1
2877,51960,2025-12-10,JUG-245,PROD-05,UBI-PUE190,1
2878,51960,2025-12-10,JUG-245,PROD-04,UBI-PUE190,1
2879,51961,2025-07-28,JUG-180,PROD-05,UBI-PUE041,1
2880,51962,2026-04-09,JUG-120,PROD-01,UBI-PUE061,1
2881,51962,2026-04-09,JUG-120,PROD-05,UBI-PUE061,1
2882,51963,2025-10-05,JUG-166,PROD-06,UBI-PUE010,1
2883,51964,2024-06-18,JUG-134,PROD-08,UBI-PUE263,1
2884,51965,2025-03-01,JUG-077,PROD-03,UBI-PUE027,1
2885,51966,2026-07-16,JUG-049,PROD-04,UBI-PUE238,1
2886,51967,2023-05-23,JUG-187,PROD-01,UBI-PUE279,1
2887,51968,2023-07-21,JUG-232,PROD-02,UBI-PUE106,1
2888,51969,2024-08-02,JUG-018,PROD-08,UBI-PUE126,1
2889,51970,2024-02-20,JUG-053,PROD-04,UBI-PUE063,1
2890,51970,2024-02-20,JUG-053,PROD-07,UBI-PUE063,1
2891,51971,2026-07-20,JUG-195,PROD-03,UBI-PUE081,2
2892,51972,2025-05-27,JUG-037,PROD-04,UBI-PUE189,1
2893,51972,2025-05-27,JUG-037,PROD-05,UBI-PUE189,1
2894,51973,2024-04-06,JUG-197,PROD-08,UBI-PUE100,1
2896,51974,2023-09-27,JUG-019,PROD-03,UBI-PUE175,1
2897,51974,2023-09-27,JUG-019,PROD-04,UBI-PUE175,1
2898,51975,2025-01-02,JUG-228,PROD-03,UBI-PUE120,1
2899,51976,2024-11-18,JUG-196,PROD-05,UBI-PUE141,1
2900,51976,2024-11-18,JUG-196,PROD-06,UBI-PUE141,1
2901,51977,2026-01-27,JUG-205,PROD-06,UBI-PUE257,1
2902,51978,2025-04-30,JUG-077,PROD-05,UBI-PUE129,1
2903,51978,2025-04-30,JUG-077,PROD-06,UBI-PUE129,1
2904,51979,2023-05-09,JUG-119,PROD-02,UBI-PUE074,1
2905,51980,2024-08-17,JUG-111,PROD-03,UBI-PUE186,1
2906,51981,2024-07-01,JUG-069,PROD-03,UBI-PUE185,1
2907,51982,2024-01-15,JUG-186,PROD-06,UBI-PUE069,2
2908,51982,2024-01-15,JUG-186,PROD-06,UBI-PUE069,1
2909,51983,2024-01-29,JUG-074,PROD-03,UBI-PUE205,1
2910,51984,2024-02-14,JUG-105,PROD-08,UBI-PUE223,1
2911,51985,2025-04-11,JUG-229,PROD-03,UBI-PUE140,1
2912,51986,2025-10-01,JUG-199,PROD-06,UBI-PUE013,1
2913,51986,2025-10-01,JUG-199,PROD-04,UBI-PUE013,1
2914,51987,2025-03-08,JUG-115,PROD-01,UBI-PUE282,1
2916,51988,2026-06-06,JUG-166,PROD-03,UBI-PUE017,1
2917,51989,2026-06-01,JUG-052,PROD-04,UBI-PUE250,1
2918,51990,2023-10-11,JUG-035,PROD-01,UBI-PUE289,2
2919,51991,2025-03-05,JUG-109,PROD-06,UBI-PUE204,1
2920,51991,2025-03-05,JUG-109,PROD-02,UBI-PUE204,1
2921,51992,2025-10-16,JUG-071,PROD-07,UBI-PUE016,1
2922,51993,2025-04-16,JUG-124,PROD-03,UBI-PUE223,1
2923,51994,2025-11-06,JUG-004,PROD-08,UBI-PUE176,1
2924,51995,2025-03-10,JUG-021,PROD-08,UBI-PUE208,2
2925,51996,2025-07-20,JUG-095,PROD-03,UBI-PUE072,1
2926,51997,2025-06-25,JUG-006,PROD-05,UBI-PUE045,1
2927,51997,2025-06-25,JUG-006,PROD-06,UBI-PUE045,2
2928,51998,2024-05-11,JUG-080,PROD-07,UBI-PUE287,1
2929,51999,2025-05-05,JUG-086,PROD-06,UBI-PUE028,2
2930,51999,2025-05-05,JUG-086,PROD-04,UBI-PUE028,1
2931,51999,2025-05-05,JUG-086,PROD-01,UBI-PUE028,1
2932,52000,2023-05-02,JUG-247,PROD-01,UBI-PUE237,1
2933,52001,2025-07-26,JUG-078,PROD-01,UBI-PUE232,1
2934,52002,2024-08-28,JUG-025,PROD-05,UBI-PUE158,1
2935,52003,2026-01-02,JUG-050,PROD-06,UBI-PUE069,1
2936,52003,2026-01-02,JUG-050,PROD-02,UBI-PUE069,1
2937,52004,2024-01-15,JUG-151,PROD-06,UBI-PUE274,1
2938,52005,2024-04-05,JUG-179,PROD-06,UBI-PUE138,2
2939,52005,2024-04-05,JUG-179,PROD-03,UBI-PUE138,3
2940,52005,2024-04-05,JUG-179,PROD-02,UBI-PUE138,1
2941,52006,2026-01-23,JUG-021,PROD-08,UBI-PUE189,1
2942,52007,2025-10-05,JUG-018,PROD-08,UBI-PUE058,1
2943,52007,2025-10-05,JUG-018,PROD-07,UBI-PUE058,1
2944,52008,2025-02-17,JUG-196,PROD-02,UBI-PUE170,1
2945,52008,2025-02-17,JUG-196,PROD-03,UBI-PUE170,1
2946,52009,2023-12-09,JUG-226,PROD-05,UBI-PUE068,2
2947,52010,2026-07-30,JUG-204,PROD-01,UBI-PUE094,3
2948,52010,2026-07-30,JUG-204,PROD-04,UBI-PUE094,1
2949,52010,2026-07-30,JUG-204,PROD-05,UBI-PUE094,1
2950,52011,2024-10-21,JUG-160,PROD-07,UBI-PUE032,1
2951,52012,2026-07-08,JUG-131,PROD-04,UBI-PUE009,1
2952,52012,2026-07-08,JUG-131,PROD-06,UBI-PUE009,1
2953,52013,2024-12-02,JUG-217,PROD-03,UBI-PUE151,1
2954,52014,2024-05-05,JUG-122,PROD-01,UBI-PUE056,1
2955,52015,2026-06-20,JUG-166,PROD-08,UBI-PUE232,3
2956,52015,2026-06-20,JUG-166,PROD-08,UBI-PUE232,2
2957,52016,2025-12-28,JUG-220,PROD-05,UBI-PUE221,1
2958,52017,2024-02-01,JUG-234,PROD-03,UBI-PUE226,1
2959,52018,2026-02-28,JUG-216,PROD-01,UBI-PUE036,1
2960,52018,2026-02-28,JUG-216,PROD-08,UBI-PUE036,2
2961,52019,2023-12-02,JUG-149,PROD-06,UBI-PUE226,1
2964,52020,2025-10-22,JUG-016,PROD-05,UBI-PUE025,2
2965,52021,2024-02-05,JUG-197,PROD-01,UBI-PUE186,2
2966,52022,2023-10-17,JUG-067,PROD-05,UBI-PUE206,1
2967,52022,2023-10-17,JUG-067,PROD-02,UBI-PUE206,1
2968,52023,2023-12-12,JUG-024,PROD-04,UBI-PUE220,1
2969,52023,2023-12-12,JUG-024,PROD-03,UBI-PUE220,1
2970,52024,2023-04-28,JUG-197,PROD-08,UBI-PUE002,1
2971,52025,2024-07-07,JUG-201,PROD-05,UBI-PUE163,1
2972,52026,2025-10-12,JUG-175,PROD-02,UBI-PUE054,1
2973,52027,2026-03-20,JUG-021,PROD-06,UBI-PUE225,1
2974,52027,2026-03-20,JUG-021,PROD-04,UBI-PUE225,1
2975,52028,2023-07-22,JUG-161,PROD-08,UBI-PUE168,1
2976,52029,2024-05-19,JUG-138,PROD-02,UBI-PUE094,1
2978,52030,2025-04-01,JUG-124,PROD-01,UBI-PUE259,1
2979,52030,2025-04-01,JUG-124,PROD-08,UBI-PUE259,1
2980,52030,2025-04-01,JUG-124,PROD-01,UBI-PUE259,2
2981,52031,2026-01-11,JUG-195,PROD-03,UBI-PUE006,1
2982,52031,2026-01-11,JUG-195,PROD-07,UBI-PUE006,1
2983,52032,2025-01-18,JUG-040,PROD-05,UBI-PUE092,1
2984,52032,2025-01-18,JUG-040,PROD-06,UBI-PUE092,1
2985,52033,2024-07-25,JUG-244,PROD-02,UBI-PUE243,1
2986,52033,2024-07-25,JUG-244,PROD-04,UBI-PUE243,1
2987,52034,2025-01-08,JUG-165,PROD-04,UBI-PUE139,3
2988,52035,2023-10-25,JUG-207,PROD-05,UBI-PUE109,1
2989,52035,2023-10-25,JUG-207,PROD-03,UBI-PUE109,1
2990,52036,2024-07-03,JUG-217,PROD-06,UBI-PUE179,3
2991,52037,2025-05-15,JUG-206,PROD-06,UBI-PUE237,1
2992,52037,2025-05-15,JUG-206,PROD-04,UBI-PUE237,1
2993,52038,2023-08-30,JUG-176,PROD-01,UBI-PUE212,1
2994,52038,2023-08-30,JUG-176,PROD-04,UBI-PUE212,2
2995,52039,2024-05-20,JUG-180,PROD-03,UBI-PUE274,1
2996,52040,2025-08-23,JUG-047,PROD-06,UBI-PUE171,1
2997,52041,2025-05-17,JUG-118,PROD-01,UBI-PUE065,1
2998,52041,2025-05-17,JUG-118,PROD-01,UBI-PUE065,3
2999,52042,2026-03-02,JUG-131,PROD-06,UBI-PUE259,1
3000,52042,2026-03-02,JUG-131,PROD-02,UBI-PUE259,1
3001,52043,2025-11-18,JUG-220,PROD-07,UBI-PUE119,1
3002,52044,2025-11-11,JUG-051,PROD-05,UBI-PUE044,1
3003,52045,2024-07-07,JUG-209,PROD-02,UBI-PUE097,1
3004,52046,2024-11-03,JUG-200,PROD-05,UBI-PUE158,2
3005,52047,2024-04-06,JUG-070,PROD-05,UBI-PUE280,1
3006,52048,2023-04-12,JUG-069,PROD-03,UBI-PUE226,1
3007,52049,2024-04-25,JUG-015,PROD-03,UBI-PUE168,1
3008,52050,2023-06-22,JUG-155,PROD-04,UBI-PUE054,2
3009,52051,2025-06-07,JUG-156,PROD-03,UBI-PUE063,1
3010,52052,2025-02-04,JUG-239,PROD-08,UBI-PUE285,2
3011,52053,2024-10-19,JUG-074,PROD-07,UBI-PUE148,1
3012,52053,2024-10-19,JUG-074,PROD-03,UBI-PUE148,1
3013,52053,2024-10-19,JUG-074,PROD-04,UBI-PUE148,1
3014,52054,2026-05-28,JUG-125,PROD-01,UBI-PUE145,1
3015,52055,2025-06-18,JUG-051,PROD-03,UBI-PUE251,1
3016,52056,2023-12-12,JUG-152,PROD-06,UBI-PUE097,3
3017,52057,2026-08-02,JUG-147,PROD-07,UBI-PUE196,1
3018,52058,2024-09-11,JUG-074,PROD-03,UBI-PUE120,1
3019,52059,2026-01-28,JUG-004,PROD-08,UBI-PUE128,1
3020,52059,2026-01-28,JUG-004,PROD-04,UBI-PUE128,2
3021,52060,2026-07-18,JUG-123,PROD-03,UBI-PUE123,1
3022,52061,2026-11-01,JUG-055,PROD-01,UBI-PUE159,2
3023,52062,2024-03-11,JUG-186,PROD-03,UBI-PUE032,1
3024,52063,2024-06-06,JUG-188,PROD-08,UBI-PUE171,1
3025,52064,2025-07-31,JUG-115,PROD-07,UBI-PUE173,1
3026,52064,2025-07-31,JUG-115,PROD-02,UBI-PUE173,3
3028,52065,2026-09-24,JUG-243,PROD-03,UBI-PUE164,2
3029,52066,2024-05-26,JUG-232,PROD-07,UBI-PUE173,1
3030,52066,2024-05-26,JUG-232,PROD-01,UBI-PUE173,1
3031,52067,2025-09-13,JUG-118,PROD-02,UBI-PUE114,1
3032,52068,2024-07-17,JUG-037,PROD-08,UBI-PUE046,1
3033,52068,2024-07-17,JUG-037,PROD-08,UBI-PUE046,2
3034,52069,2026-03-06,JUG-061,PROD-05,UBI-PUE178,2
3035,52069,2026-03-06,JUG-061,PROD-03,UBI-PUE178,1
3036,52070,2025-10-21,JUG-224,PROD-03,UBI-PUE199,2
3037,52071,2025-04-05,JUG-221,PROD-01,UBI-PUE156,3
3038,52072,2023-11-26,JUG-074,PROD-06,UBI-PUE094,2
3039,52072,2023-11-26,JUG-074,PROD-01,UBI-PUE094,1
3040,52072,2023-11-26,JUG-074,PROD-02,UBI-PUE094,1
3041,52073,2024-01-10,JUG-035,PROD-07,UBI-PUE227,1
3042,52073,2024-01-10,JUG-035,PROD-04,UBI-PUE227,1
3043,52074,2026-03-03,JUG-221,PROD-05,UBI-PUE289,1
3045,52075,2023-06-04,JUG-039,PROD-04,UBI-PUE069,1
3046,52076,2024-05-12,JUG-223,PROD-07,UBI-PUE120,1
3047,52077,2025-05-08,JUG-194,PROD-03,UBI-PUE266,2
3048,52077,2025-05-08,JUG-194,PROD-07,UBI-PUE266,1
3049,52077,2025-05-08,JUG-194,PROD-08,UBI-PUE266,1
3050,52078,2024-05-03,JUG-217,PROD-03,UBI-PUE130,3
3051,52078,2024-05-03,JUG-217,PROD-06,UBI-PUE130,1
3052,52079,2023-05-25,JUG-135,PROD-06,UBI-PUE096,3
3053,52079,2023-05-25,JUG-135,PROD-03,UBI-PUE096,1
3054,52080,2024-11-27,JUG-239,PROD-08,UBI-PUE283,1
3055,52081,2023-10-04,JUG-202,PROD-06,UBI-PUE151,1
3056,52082,2024-03-30,JUG-113,PROD-01,UBI-PUE205,1
3057,52082,2024-03-30,JUG-113,PROD-04,UBI-PUE205,2
3058,52083,2024-01-10,JUG-085,PROD-06,UBI-PUE092,1
3059,52083,2024-01-10,JUG-085,PROD-03,UBI-PUE092,1
3061,52084,2024-05-05,JUG-223,PROD-01,UBI-PUE171,1
3062,52085,2024-12-19,JUG-109,PROD-05,UBI-PUE154,1
3063,52085,2024-12-19,JUG-109,PROD-06,UBI-PUE154,1
3064,52086,2023-05-23,JUG-008,PROD-07,UBI-PUE225,1
3065,52087,2024-09-12,JUG-184,PROD-07,UBI-PUE035,1
3066,52087,2024-09-12,JUG-184,PROD-04,UBI-PUE035,1
3067,52088,2025-10-08,JUG-033,PROD-04,UBI-PUE084,1
3068,52088,2025-10-08,JUG-033,PROD-02,UBI-PUE084,1
3069,52089,2023-05-30,JUG-117,PROD-05,UBI-PUE186,1
3070,52090,2024-04-18,JUG-250,PROD-03,UBI-PUE163,1
3071,52091,2024-05-27,JUG-173,PROD-03,UBI-PUE056,1
3073,52092,2025-07-23,JUG-124,PROD-08,UBI-PUE104,1
3074,52093,2024-10-30,JUG-045,PROD-01,UBI-PUE286,1
3075,52093,2024-10-30,JUG-045,PROD-02,UBI-PUE286,1
3076,52094,2024-07-13,JUG-076,PROD-04,UBI-PUE264,1
3077,52095,2024-06-14,JUG-111,PROD-06,UBI-PUE021,2
3078,52095,2024-06-14,JUG-111,PROD-05,UBI-PUE021,2
3079,52096,2026-03-10,JUG-224,PROD-08,UBI-PUE210,1
3080,52097,2024-09-05,JUG-160,PROD-04,UBI-PUE207,2
3081,52098,2024-05-28,JUG-027,PROD-08,UBI-PUE211,1
3082,52098,2024-05-28,JUG-027,PROD-01,UBI-PUE211,1
3083,52099,2026-03-01,JUG-097,PROD-07,UBI-PUE109,1
3084,52099,2026-03-01,JUG-097,PROD-08,UBI-PUE109,1
3085,52099,2026-03-01,JUG-097,PROD-07,UBI-PUE109,2
3086,52100,2023-06-27,JUG-034,PROD-03,UBI-PUE173,1
3087,52101,2025-05-31,JUG-171,PROD-04,UBI-PUE110,2
3088,52102,2026-02-01,JUG-221,PROD-08,UBI-PUE194,1
3089,52103,2024-12-08,JUG-048,PROD-07,UBI-PUE099,1
3091,52104,2024-08-06,JUG-192,PROD-05,UBI-PUE118,1
3092,52105,2025-04-27,JUG-023,PROD-06,UBI-PUE153,1
3093,52105,2025-04-27,JUG-023,PROD-07,UBI-PUE153,2
3094,52105,2025-04-27,JUG-023,PROD-05,UBI-PUE153,1
3095,52106,2024-12-19,JUG-016,PROD-06,UBI-PUE194,1
3096,52107,2025-01-19,JUG-240,PROD-04,UBI-PUE204,1
3097,52107,2025-01-19,JUG-240,PROD-01,UBI-PUE204,1
3098,52108,2024-12-02,JUG-227,PROD-06,UBI-PUE052,1
3099,52108,2024-12-02,JUG-227,PROD-02,UBI-PUE052,2
3100,52109,2024-12-15,JUG-160,PROD-06,UBI-PUE234,1
3102,52111,2026-04-05,JUG-021,PROD-01,UBI-PUE041,1
3103,52111,2026-04-05,JUG-021,PROD-04,UBI-PUE041,1
3104,52111,2026-04-05,JUG-021,PROD-02,UBI-PUE041,2
3106,52113,2025-09-30,JUG-090,PROD-06,UBI-PUE120,1
3107,52114,2026-08-26,JUG-233,PROD-01,UBI-PUE176,1
3109,52115,2024-05-22,JUG-186,PROD-01,UBI-PUE251,1
3110,52116,2023-11-04,JUG-010,PROD-08,UBI-PUE239,1
3111,52117,2025-03-31,JUG-036,PROD-02,UBI-PUE135,2
3112,52118,2023-11-03,JUG-188,PROD-07,UBI-PUE126,1
3113,52118,2023-11-03,JUG-188,PROD-06,UBI-PUE126,2
3114,52118,2023-11-03,JUG-188,PROD-03,UBI-PUE126,1
3115,52119,2025-09-06,JUG-112,PROD-01,UBI-PUE144,1
3116,52120,2026-03-15,JUG-158,PROD-05,UBI-PUE123,1
3117,52120,2026-03-15,JUG-158,PROD-02,UBI-PUE123,1
3118,52121,2025-03-08,JUG-136,PROD-04,UBI-PUE074,1
3119,52121,2025-03-08,JUG-136,PROD-07,UBI-PUE074,1
3120,52122,2025-04-12,JUG-228,PROD-01,UBI-PUE218,3
3121,52123,2025-06-01,JUG-078,PROD-04,UBI-PUE275,1
3122,52123,2025-06-01,JUG-078,PROD-08,UBI-PUE275,1
3124,52124,2025-08-10,JUG-227,PROD-07,UBI-PUE041,1
3125,52124,2025-08-10,JUG-227,PROD-05,UBI-PUE041,2
3126,52124,2025-08-10,JUG-227,PROD-04,UBI-PUE041,1
3127,52125,2023-05-08,JUG-248,PROD-08,UBI-PUE277,1
3128,52125,2023-05-08,JUG-248,PROD-07,UBI-PUE277,2
3129,52126,2025-02-13,JUG-026,PROD-05,UBI-PUE186,1
3130,52127,2024-02-12,JUG-151,PROD-08,UBI-PUE163,1
3131,52128,2025-02-21,JUG-011,PROD-02,UBI-PUE258,1
3132,52128,2025-02-21,JUG-011,PROD-06,UBI-PUE258,1
3134,52129,2026-07-22,JUG-057,PROD-07,UBI-PUE276,1
3135,52130,2023-04-09,JUG-027,PROD-05,UBI-PUE106,2
3136,52131,2023-04-17,JUG-140,PROD-06,UBI-PUE171,1
3138,52132,2024-11-30,JUG-205,PROD-07,UBI-PUE045,1
3139,52133,2023-01-28,JUG-140,PROD-01,UBI-PUE129,1
3140,52134,2024-06-13,JUG-191,PROD-07,UBI-PUE258,2
3141,52135,2024-12-07,JUG-115,PROD-08,UBI-PUE253,1
3142,52136,2023-07-27,JUG-197,PROD-03,UBI-PUE063,1
3143,52137,2025-11-20,JUG-136,PROD-01,UBI-PUE247,2
3144,52138,2026-11-27,JUG-013,PROD-06,UBI-PUE039,1
3145,52139,2024-05-05,JUG-249,PROD-02,UBI-PUE124,1
3146,52140,2026-07-01,JUG-093,PROD-02,UBI-PUE141,1
3147,52141,2024-06-27,JUG-179,PROD-05,UBI-PUE060,3
3148,52142,2024-07-25,JUG-213,PROD-03,UBI-PUE112,1
3149,52143,2024-07-27,JUG-201,PROD-08,UBI-PUE209,1
3150,52144,2023-04-28,JUG-010,PROD-02,UBI-PUE010,1
3151,52145,2026-12-12,JUG-090,PROD-06,UBI-PUE052,1
3152,52146,2025-02-14,JUG-122,PROD-07,UBI-PUE255,1
3154,52147,2025-03-25,JUG-044,PROD-03,UBI-PUE177,1
3155,52147,2025-03-25,JUG-044,PROD-02,UBI-PUE177,1
3156,52148,2023-11-13,JUG-068,PROD-07,UBI-PUE199,1
3157,52149,2024-04-03,JUG-048,PROD-01,UBI-PUE147,1
3158,52149,2024-04-03,JUG-048,PROD-08,UBI-PUE147,1
3159,52149,2024-04-03,JUG-048,PROD-07,UBI-PUE147,1
3160,52150,2024-02-01,JUG-119,PROD-03,UBI-PUE185,1
3161,52151,2026-10-13,JUG-174,PROD-07,UBI-PUE201,2
3162,52151,2026-10-13,JUG-174,PROD-07,UBI-PUE201,1
3163,52152,2025-06-09,JUG-030,PROD-04,UBI-PUE033,2
3164,52152,2025-06-09,JUG-030,PROD-05,UBI-PUE033,1
3165,52153,2024-06-28,JUG-198,PROD-04,UBI-PUE144,1
3166,52153,2024-06-28,JUG-198,PROD-02,UBI-PUE144,1
3168,52154,2025-12-21,JUG-004,PROD-04,UBI-PUE147,1
3169,52154,2025-12-21,JUG-004,PROD-01,UBI-PUE147,1
3170,52155,2024-09-26,JUG-060,PROD-01,UBI-PUE115,2
3171,52156,2024-08-26,JUG-101,PROD-08,UBI-PUE183,1
3172,52157,2025-09-02,JUG-199,PROD-06,UBI-PUE081,1
3173,52158,2026-02-18,JUG-029,PROD-07,UBI-PUE256,1
3174,52159,2025-06-22,JUG-194,PROD-04,UBI-PUE263,1
3175,52159,2025-06-22,JUG-194,PROD-01,UBI-PUE263,2
3176,52159,2025-06-22,JUG-194,PROD-03,UBI-PUE263,2
3177,52160,2023-07-20,JUG-135,PROD-07,UBI-PUE279,3
3178,52161,2025-04-05,JUG-211,PROD-07,UBI-PUE129,1
3179,52161,2025-04-05,JUG-211,PROD-06,UBI-PUE129,1
3180,52162,2024-01-07,JUG-010,PROD-03,UBI-PUE145,1
3181,52163,2024-07-25,JUG-083,PROD-05,UBI-PUE105,2
3182,52163,2024-07-25,JUG-083,PROD-05,UBI-PUE105,1
3183,52164,2023-09-21,JUG-035,PROD-05,UBI-PUE248,2
3184,52165,2023-11-17,JUG-065,PROD-03,UBI-PUE197,1
3185,52166,2026-01-10,JUG-185,PROD-04,UBI-PUE212,1
3186,52167,2024-06-08,JUG-235,PROD-05,UBI-PUE160,1
3187,52167,2024-06-08,JUG-235,PROD-03,UBI-PUE160,2
3188,52168,2024-08-03,JUG-176,PROD-04,UBI-PUE103,1
3189,52169,2025-03-02,JUG-018,PROD-07,UBI-PUE019,1
3190,52169,2025-03-02,JUG-018,PROD-05,UBI-PUE019,1
3191,52170,2026-07-30,JUG-047,PROD-08,UBI-PUE185,1
3192,52170,2026-07-30,JUG-047,PROD-05,UBI-PUE185,1
3193,52170,2026-07-30,JUG-047,PROD-04,UBI-PUE185,2
3194,52171,2024-04-28,JUG-011,PROD-02,UBI-PUE007,1
3195,52172,2026-05-20,JUG-086,PROD-06,UBI-PUE223,1
3196,52172,2026-05-20,JUG-086,PROD-03,UBI-PUE223,1
3197,52172,2026-05-20,JUG-086,PROD-02,UBI-PUE223,1
3198,52173,2024-01-10,JUG-117,PROD-01,UBI-PUE126,1
3199,52174,2024-11-28,JUG-044,PROD-02,UBI-PUE091,2
3200,52174,2024-11-28,JUG-044,PROD-08,UBI-PUE091,1
3201,52175,2026-03-10,JUG-166,PROD-01,UBI-PUE011,1
3202,52176,2025-10-27,JUG-075,PROD-03,UBI-PUE085,1
3203,52177,2026-07-14,JUG-100,PROD-01,UBI-PUE248,1
3204,52177,2026-07-14,JUG-100,PROD-03,UBI-PUE248,1
3205,52178,2025-09-10,JUG-051,PROD-01,UBI-PUE181,1
3207,52180,2023-07-20,JUG-134,PROD-07,UBI-PUE089,1
3208,52181,2025-11-21,JUG-096,PROD-03,UBI-PUE132,2
3209,52181,2025-11-21,JUG-096,PROD-01,UBI-PUE132,1
3210,52181,2025-11-21,JUG-096,PROD-04,UBI-PUE132,1
3211,52182,2023-10-04,JUG-001,PROD-07,UBI-PUE114,1
3212,52183,2025-12-29,JUG-212,PROD-08,UBI-PUE038,1
3213,52184,2024-06-29,JUG-226,PROD-08,UBI-PUE101,1
3214,52185,2024-09-02,JUG-080,PROD-07,UBI-PUE051,1
3215,52186,2024-07-01,JUG-001,PROD-03,UBI-PUE181,1
3216,52186,2024-07-01,JUG-001,PROD-07,UBI-PUE181,1
3217,52186,2024-07-01,JUG-001,PROD-04,UBI-PUE181,1
3218,52187,2023-05-21,JUG-192,PROD-05,UBI-PUE106,1
3219,52188,2025-03-02,JUG-065,PROD-08,UBI-PUE164,1
3220,52189,2024-10-09,JUG-222,PROD-08,UBI-PUE031,1
3221,52190,2023-04-14,JUG-248,PROD-08,UBI-PUE164,1
3222,52191,2024-06-20,JUG-226,PROD-07,UBI-PUE148,2
3223,52192,2024-11-06,JUG-206,PROD-03,UBI-PUE120,3
3224,52193,2024-04-11,JUG-070,PROD-04,UBI-PUE243,1
3225,52194,2025-05-31,JUG-147,PROD-05,UBI-PUE179,1
3226,52194,2025-05-31,JUG-147,PROD-06,UBI-PUE179,2
3227,52195,2025-09-30,JUG-177,PROD-04,UBI-PUE240,1
3228,52196,2024-01-03,JUG-059,PROD-08,UBI-PUE034,2
3229,52197,2024-06-23,JUG-234,PROD-04,UBI-PUE033,1
3230,52198,2025-02-02,JUG-074,PROD-07,UBI-PUE207,1
3231,52199,2025-08-23,JUG-051,PROD-05,UBI-PUE245,1
3232,52200,2025-02-16,JUG-041,PROD-04,UBI-PUE006,1
3233,52201,2023-11-09,JUG-035,PROD-07,UBI-PUE202,1
3234,52202,2024-11-10,JUG-144,PROD-05,UBI-PUE080,1
3235,52203,2024-01-30,JUG-210,PROD-06,UBI-PUE157,1
3236,52204,2023-04-10,JUG-106,PROD-04,UBI-PUE088,2
3237,52204,2023-04-10,JUG-106,PROD-03,UBI-PUE088,1
3238,52205,2023-04-08,JUG-119,PROD-08,UBI-PUE221,1
3239,52205,2023-04-08,JUG-119,PROD-07,UBI-PUE221,1
3240,52206,2026-04-05,JUG-178,PROD-08,UBI-PUE151,1
3241,52206,2026-04-05,JUG-178,PROD-01,UBI-PUE151,1
3242,52207,2024-03-11,JUG-184,PROD-07,UBI-PUE188,1
3243,52207,2024-03-11,JUG-184,PROD-05,UBI-PUE188,1
3244,52207,2024-03-11,JUG-184,PROD-03,UBI-PUE188,2
3245,52208,2024-08-01,JUG-108,PROD-02,UBI-PUE083,1
3246,52208,2024-08-01,JUG-108,PROD-04,UBI-PUE083,1
3247,52209,2025-06-22,JUG-196,PROD-01,UBI-PUE270,3
3248,52209,2025-06-22,JUG-196,PROD-03,UBI-PUE270,1
3249,52209,2025-06-22,JUG-196,PROD-01,UBI-PUE270,1
3250,52210,2025-01-03,JUG-026,PROD-06,UBI-PUE129,1
3251,52211,2025-05-09,JUG-054,PROD-06,UBI-PUE076,1
3252,52211,2025-05-09,JUG-054,PROD-01,UBI-PUE076,1
3253,52211,2025-05-09,JUG-054,PROD-07,UBI-PUE076,1
3254,52212,2023-08-10,JUG-035,PROD-03,UBI-PUE168,3
3255,52212,2023-08-10,JUG-035,PROD-04,UBI-PUE168,1
3256,52213,2023-11-19,JUG-169,PROD-03,UBI-PUE074,1
3257,52213,2023-11-19,JUG-169,PROD-08,UBI-PUE074,2
3258,52213,2023-11-19,JUG-169,PROD-01,UBI-PUE074,1
3259,52214,2024-02-09,JUG-011,PROD-07,UBI-PUE188,1
3260,52214,2024-02-09,JUG-011,PROD-04,UBI-PUE188,1
3261,52215,2026-08-02,JUG-112,PROD-07,UBI-PUE236,1
3262,52216,2023-08-10,JUG-214,PROD-02,UBI-PUE167,1
3263,52217,2024-03-27,JUG-170,PROD-05,UBI-PUE093,1
3264,52218,2025-09-03,JUG-004,PROD-05,UBI-PUE205,1
3265,52219,2025-05-12,JUG-031,PROD-05,UBI-PUE242,1
3266,52220,2023-05-06,JUG-237,PROD-03,UBI-PUE196,3
3267,52221,2024-02-15,JUG-223,PROD-02,UBI-PUE182,1
3268,52222,2025-03-24,JUG-005,PROD-03,UBI-PUE093,1
3269,52223,2026-06-04,JUG-023,PROD-02,UBI-PUE079,1
3271,52224,2024-12-31,JUG-207,PROD-04,UBI-PUE171,1
3272,52224,2024-12-31,JUG-207,PROD-05,UBI-PUE171,1
3274,52225,2024-04-22,JUG-062,PROD-03,UBI-PUE149,1
3275,52225,2024-04-22,JUG-062,PROD-02,UBI-PUE149,1
3276,52225,2024-04-22,JUG-062,PROD-06,UBI-PUE149,1
3277,52226,2024-07-12,JUG-200,PROD-06,UBI-PUE105,1
3278,52227,2024-09-02,JUG-206,PROD-04,UBI-PUE275,1
3279,52228,2024-05-19,JUG-008,PROD-02,UBI-PUE156,2
3280,52228,2024-05-19,JUG-008,PROD-07,UBI-PUE156,1
3281,52229,2025-08-28,JUG-120,PROD-01,UBI-PUE097,2
3282,52230,2024-05-10,JUG-002,PROD-07,UBI-PUE185,3
3283,52230,2024-05-10,JUG-002,PROD-08,UBI-PUE185,1
3284,52230,2024-05-10,JUG-002,PROD-07,UBI-PUE185,2
3285,52231,2026-10-05,JUG-174,PROD-03,UBI-PUE085,1
3286,52232,2025-09-20,JUG-118,PROD-01,UBI-PUE048,1
3287,52233,2025-04-27,JUG-037,PROD-01,UBI-PUE280,1
3288,52234,2025-01-31,JUG-208,PROD-03,UBI-PUE059,1
3289,52235,2025-04-15,JUG-224,PROD-07,UBI-PUE154,1
3290,52235,2025-04-15,JUG-224,PROD-08,UBI-PUE154,2
3291,52235,2025-04-15,JUG-224,PROD-05,UBI-PUE154,1
3292,52236,2024-06-04,JUG-017,PROD-03,UBI-PUE019,1
3293,52237,2024-08-29,JUG-026,PROD-04,UBI-PUE206,1
3294,52238,2024-06-29,JUG-113,PROD-01,UBI-PUE008,1
3295,52239,2024-08-03,JUG-076,PROD-07,UBI-PUE074,2
3296,52240,2024-03-09,JUG-159,PROD-04,UBI-PUE196,2
3297,52240,2024-03-09,JUG-159,PROD-06,UBI-PUE196,1
3298,52241,2025-02-26,JUG-226,PROD-02,UBI-PUE130,1
3299,52242,2024-03-09,JUG-155,PROD-01,UBI-PUE135,1
3300,52242,2024-03-09,JUG-155,PROD-06,UBI-PUE135,1
3301,52243,2026-02-20,JUG-097,PROD-08,UBI-PUE243,2
3302,52244,2025-02-27,JUG-231,PROD-07,UBI-PUE036,1
3303,52245,2024-04-09,JUG-230,PROD-01,UBI-PUE238,1
3304,52245,2024-04-09,JUG-230,PROD-06,UBI-PUE238,1
3305,52246,2026-04-06,JUG-006,PROD-07,UBI-PUE111,1
3306,52247,2024-12-02,JUG-044,PROD-04,UBI-PUE244,1
3307,52248,2024-03-14,JUG-152,PROD-01,UBI-PUE134,1
3308,52248,2024-03-14,JUG-152,PROD-07,UBI-PUE134,1
3309,52249,2025-03-04,JUG-036,PROD-04,UBI-PUE221,1
3310,52250,2025-06-08,JUG-216,PROD-05,UBI-PUE029,1
3311,52251,2024-11-02,JUG-067,PROD-06,UBI-PUE018,1
3312,52252,2024-04-27,JUG-048,PROD-06,UBI-PUE235,1
3313,52252,2024-04-27,JUG-048,PROD-03,UBI-PUE235,1
3314,52253,2026-05-21,JUG-075,PROD-06,UBI-PUE289,3
3315,52254,2025-09-29,JUG-077,PROD-07,UBI-PUE113,2
3316,52255,2026-09-13,JUG-153,PROD-01,UBI-PUE215,1
3317,52256,2025-12-20,JUG-147,PROD-03,UBI-PUE059,1
3318,52256,2025-12-20,JUG-147,PROD-04,UBI-PUE059,1
3319,52257,2025-03-24,JUG-060,PROD-01,UBI-PUE231,2
3320,52258,2025-06-02,JUG-199,PROD-02,UBI-PUE269,1
3321,52258,2025-06-02,JUG-199,PROD-08,UBI-PUE269,1
3322,52259,2024-12-29,JUG-218,PROD-05,UBI-PUE189,1
3324,52260,2023-03-16,JUG-238,PROD-06,UBI-PUE074,2
3325,52260,2023-03-16,JUG-238,PROD-05,UBI-PUE074,1
3326,52261,2024-04-01,JUG-119,PROD-08,UBI-PUE130,1
3327,52262,2024-04-16,JUG-042,PROD-02,UBI-PUE260,1
3328,52263,2023-06-23,JUG-008,PROD-07,UBI-PUE014,1
3329,52263,2023-06-23,JUG-008,PROD-03,UBI-PUE014,1
3330,52264,2024-09-18,JUG-060,PROD-06,UBI-PUE022,1
3332,52265,2025-07-22,JUG-037,PROD-02,UBI-PUE222,1
3333,52266,2025-03-04,JUG-041,PROD-02,UBI-PUE207,1
3334,52267,2025-04-12,JUG-146,PROD-03,UBI-PUE193,1
3335,52267,2025-04-12,JUG-146,PROD-01,UBI-PUE193,2
3336,52268,2026-03-20,JUG-142,PROD-06,UBI-PUE108,1
3337,52269,2026-10-01,JUG-112,PROD-05,UBI-PUE264,1
3338,52270,2024-06-04,JUG-111,PROD-08,UBI-PUE047,1
3339,52271,2026-06-21,JUG-241,PROD-04,UBI-PUE220,1
3340,52271,2026-06-21,JUG-241,PROD-08,UBI-PUE220,1
3341,52272,2025-05-19,JUG-216,PROD-02,UBI-PUE023,1
3342,52273,2023-12-30,JUG-008,PROD-07,UBI-PUE071,1
3343,52274,2024-10-31,JUG-196,PROD-07,UBI-PUE285,1
3344,52274,2024-10-31,JUG-196,PROD-06,UBI-PUE285,1
3345,52275,2025-11-09,JUG-004,PROD-04,UBI-PUE037,1
3346,52275,2025-11-09,JUG-004,PROD-07,UBI-PUE037,1
3347,52276,2023-06-09,JUG-132,PROD-03,UBI-PUE131,1
3348,52277,2025-12-27,JUG-243,PROD-08,UBI-PUE230,2
3349,52278,2025-12-16,JUG-096,PROD-08,UBI-PUE010,1
3350,52279,2023-04-18,JUG-248,PROD-01,UBI-PUE268,1
3351,52280,2024-02-17,JUG-094,PROD-01,UBI-PUE125,1
3352,52281,2026-02-17,JUG-041,PROD-07,UBI-PUE276,1
3353,52282,2026-01-08,JUG-153,PROD-08,UBI-PUE096,1
3354,52283,2025-12-21,JUG-127,PROD-04,UBI-PUE253,1
3355,52284,2024-07-25,JUG-135,PROD-03,UBI-PUE217,2
3356,52285,2024-08-07,JUG-085,PROD-07,UBI-PUE066,1
3357,52286,2025-03-14,JUG-180,PROD-03,UBI-PUE085,1
3359,52288,2025-06-13,JUG-061,PROD-04,UBI-PUE111,1
3360,52289,2026-05-30,JUG-009,PROD-05,UBI-PUE130,1
3361,52290,2025-07-23,JUG-109,PROD-06,UBI-PUE042,1
3362,52290,2025-07-23,JUG-109,PROD-05,UBI-PUE042,1
3363,52291,2025-06-28,JUG-022,PROD-03,UBI-PUE244,1
3364,52292,2025-01-22,JUG-182,PROD-06,UBI-PUE261,1
3365,52292,2025-01-22,JUG-182,PROD-03,UBI-PUE261,1
3366,52292,2025-01-22,JUG-182,PROD-02,UBI-PUE261,1
3367,52293,2025-04-15,JUG-113,PROD-03,UBI-PUE190,3
3368,52293,2025-04-15,JUG-113,PROD-02,UBI-PUE190,1
3369,52293,2025-04-15,JUG-113,PROD-08,UBI-PUE190,1
3370,52294,2026-10-19,JUG-241,PROD-03,UBI-PUE223,1
3371,52294,2026-10-19,JUG-241,PROD-07,UBI-PUE223,3
3372,52295,2026-01-25,JUG-014,PROD-01,UBI-PUE191,2
3373,52296,2025-09-06,JUG-077,PROD-08,UBI-PUE240,1
3374,52297,2026-01-01,JUG-046,PROD-04,UBI-PUE242,1
3375,52298,2026-03-20,JUG-127,PROD-01,UBI-PUE264,1
3376,52299,2026-06-29,JUG-056,PROD-03,UBI-PUE176,1
3377,52299,2026-06-29,JUG-056,PROD-02,UBI-PUE176,1
3378,52300,2024-09-25,JUG-019,PROD-08,UBI-PUE174,2
3379,52300,2024-09-25,JUG-019,PROD-07,UBI-PUE174,1
