id_renglon,venta_id,fecha_venta,jugador_id,producto_id,ubicacion_id,cantidad
1,50001,2024-03-18,JUG-206,PROD-01,UBI-PUE288,1.0
2,50001,2024-03-18,JUG-206,PROD-08,UBI-PUE288,2.0
3,50002,2024-01-29,JUG-034,PROD-07,UBI-PUE042,1.0
4,50002,2024-01-29,JUG-034,PROD-08,UBI-PUE042,1.0
5,50002,2024-01-29,JUG-034,PROD-03,UBI-PUE042,1.0
6,50003,2024-04-18,JUG-189,PROD-01,UBI-PUE281,2.0
7,50004,2025-07-20,JUG-082,PROD-02,UBI-PUE110,2.0
8,50004,2025-07-20,JUG-082,PROD-01,UBI-PUE110,1.0
9,50004,2025-07-20,JUG-082,PROD-06,UBI-PUE110,3.0
10,50005,2024-08-29,JUG-244,PROD-02,UBI-PUE039,
11,50005,2024-08-29,JUG-244,PROD-07,UBI-PUE039,1.0
12,50006,2024-09-18,JUG-054,PROD-04,UBI-PUE191,3.0
13,50007,2025-01-09,JUG-063,PROD-08,UBI-PUE048,3.0
14,50008,2023-12-25,JUG-225,PROD-08,UBI-PUE226,1.0
15,50009,2025-05-30,JUG-211,PROD-08,UBI-PUE114,1.0
16,50010,2024-03-11,JUG-213,PROD-04,UBI-PUE204,1.0
17,50010,2024-03-11,JUG-213,PROD-06,UBI-PUE204,1.0
18,50011,2025-06-26,JUG-112,PROD-02,UBI-PUE129,1.0
19,50012,2025-07-10,JUG-030,PROD-01,UBI-PUE029,1.0
20,50013,2026-03-30,JUG-243,PROD-04,UBI-PUE029,1.0
21,50014,2026-07-30,JUG-166,PROD-01,UBI-PUE246,1.0
22,50014,2026-07-30,JUG-166,PROD-02,UBI-PUE246,1.0
23,50015,2024-05-12,JUG-192,PROD-06,UBI-PUE004,2.0
24,50016,2026-06-05,JUG-043,PROD-01,UBI-PUE176,1.0
25,50016,2026-06-05,JUG-043,PROD-05,UBI-PUE176,3.0
26,50016,2026-06-05,JUG-043,PROD-08,UBI-PUE176,1.0
27,50017,2023-11-23,JUG-226,PROD-06,UBI-PUE117,1.0
28,50018,2023-09-23,JUG-149,PROD-06,UBI-PUE053,2.0
29,50019,2025-06-21,JUG-044,PROD-07,UBI-PUE105,1.0
30,50019,2025-06-21,JUG-044,PROD-08,UBI-PUE105,1.0
31,50019,2025-06-21,JUG-044,PROD-04,UBI-PUE105,1.0
32,50020,2025-02-05,JUG-242,PROD-03,UBI-PUE239,2.0
33,50021,2025-07-31,JUG-163,PROD-04,UBI-PUE142,1.0
34,50021,2025-07-31,JUG-163,PROD-06,UBI-PUE142,2.0
35,50022,2025-02-10,JUG-217,PROD-04,UBI-PUE018,2.0
36,50023,2025-07-01,JUG-179,PROD-01,UBI-PUE004,1.0
37,50023,2025-07-01,JUG-179,PROD-07,UBI-PUE004,1.0
38,50023,2025-07-01,JUG-179,PROD-02,UBI-PUE004,1.0
39,50024,2026-08-14,JUG-009,PROD-08,UBI-PUE073,1.0
40,50025,2025-06-03,JUG-216,PROD-07,UBI-PUE023,1.0
41,50026,2025-05-20,JUG-146,PROD-03,UBI-PUE263,
42,50027,2025-12-12,JUG-144,PROD-06,UBI-PUE266,2.0
43,50028,2024-07-08,JUG-237,PROD-08,UBI-PUE175,1.0
44,50028,2024-07-08,JUG-237,PROD-03,UBI-PUE175,1.0
45,50028,2024-07-08,JUG-237,PROD-03,UBI-PUE175,1.0
46,50029,2024-03-01,JUG-150,PROD-06,UBI-PUE091,1.0
47,50030,2026-03-01,JUG-004,PROD-04,UBI-PUE013,1.0
48,50030,2026-03-01,JUG-004,PROD-07,UBI-PUE013,1.0
49,50030,2026-03-01,JUG-004,PROD-04,UBI-PUE013,1.0
50,50031,2026-01-18,JUG-043,PROD-07,UBI-PUE136,2.0
51,50032,2024-06-18,JUG-053,PROD-03,UBI-PUE218,1.0
52,50032,2024-06-18,JUG-053,PROD-04,UBI-PUE218,1.0
53,50032,2024-06-18,JUG-053,PROD-07,UBI-PUE218,1.0
54,50033,2026-01-26,JUG-007,PROD-03,UBI-PUE277,1.0
55,50033,2026-01-26,JUG-007,PROD-01,UBI-PUE277,2.0
56,50034,2023-05-31,JUG-161,PROD-01,UBI-PUE128,1.0
57,50035,2025-07-01,JUG-229,PROD-03,UBI-PUE123,1.0
58,50036,2026-03-29,JUG-005,PROD-07,UBI-PUE128,1.0
59,50037,2026-02-26,JUG-212,PROD-05,UBI-PUE112,1.0
60,50038,2025-06-07,JUG-003,PROD-04,UBI-PUE125,1.0
61,50039,2025-07-20,JUG-236,PROD-04,UBI-PUE167,1.0
62,50040,2025-08-16,JUG-100,PROD-08,UBI-PUE018,1.0
63,50040,2025-08-16,JUG-100,PROD-05,UBI-PUE018,1.0
64,50041,2025-09-16,JUG-006,PROD-02,UBI-PUE284,1.0
65,50042,2024-05-13,JUG-019,PROD-01,UBI-PUE183,1.0
66,50042,2024-05-13,JUG-019,PROD-06,UBI-PUE183,1.0
67,50043,2023-08-18,JUG-184,PROD-04,UBI-PUE083,1.0
68,50043,2023-08-18,JUG-184,PROD-03,UBI-PUE083,1.0
69,50044,2024-06-04,JUG-025,PROD-05,UBI-PUE080,1.0
70,50044,2024-06-04,JUG-025,PROD-04,UBI-PUE080,1.0
71,50045,2025-04-14,JUG-193,PROD-02,UBI-PUE070,1.0
72,50045,2025-04-14,JUG-193,PROD-03,UBI-PUE070,1.0
73,50045,2025-04-14,JUG-193,PROD-06,UBI-PUE070,2.0
74,50046,2024-12-18,JUG-138,PROD-08,UBI-PUE203,1.0
75,50047,2024-08-26,JUG-249,PROD-08,UBI-PUE149,1.0
76,50047,2024-08-26,JUG-249,PROD-07,UBI-PUE149,1.0
77,50048,2026-07-11,JUG-096,PROD-08,UBI-PUE178,1.0
78,50048,2026-07-11,JUG-096,PROD-08,UBI-PUE178,1.0
79,50049,2023-10-25,JUG-169,PROD-04,UBI-PUE124,2.0
80,50050,2024-06-04,JUG-210,PROD-01,UBI-PUE187,1.0
81,50050,2024-06-04,JUG-210,PROD-03,UBI-PUE187,1.0
82,50050,2024-06-04,JUG-210,PROD-08,UBI-PUE187,1.0
83,50051,2024-04-20,JUG-015,PROD-01,UBI-PUE011,1.0
84,50052,2024-10-26,JUG-227,PROD-02,UBI-PUE176,1.0
85,50052,2024-10-26,JUG-227,PROD-02,UBI-PUE176,1.0
86,50052,2024-10-26,JUG-227,PROD-04,UBI-PUE176,1.0
87,50053,2024-02-01,JUG-001,PROD-05,UBI-PUE276,2.0
88,50054,2025-02-25,JUG-095,PROD-07,UBI-PUE042,1.0
89,50054,2025-02-25,JUG-095,PROD-05,UBI-PUE042,1.0
90,50054,2025-02-25,JUG-095,PROD-03,UBI-PUE042,1.0
91,50055,2025-08-13,JUG-133,PROD-06,UBI-PUE201,1.0
92,50055,2025-08-13,JUG-133,PROD-04,UBI-PUE201,3.0
93,50056,2024-07-02,JUG-160,PROD-01,UBI-PUE185,2.0
94,50057,2025-06-30,JUG-136,PROD-06,UBI-PUE050,1.0
95,50058,2025-07-30,JUG-145,PROD-01,UBI-PUE283,1.0
96,50058,2025-07-30,JUG-145,PROD-02,UBI-PUE283,1.0
97,50059,2025-01-28,JUG-246,PROD-07,UBI-PUE192,1.0
98,50060,2025-01-09,JUG-156,PROD-01,UBI-PUE070,1.0
99,50061,2025-08-09,JUG-216,PROD-02,UBI-PUE080,1.0
100,50062,2026-01-22,JUG-005,PROD-03,UBI-PUE259,1.0
101,50063,2025-03-29,JUG-066,PROD-02,UBI-PUE244,1.0
102,50063,2025-03-29,JUG-066,PROD-06,UBI-PUE244,1.0
103,50064,2026-06-16,JUG-043,PROD-02,UBI-PUE233,1.0
104,50065,2026-06-11,JUG-216,PROD-08,UBI-PUE257,1.0
105,50065,2026-06-11,JUG-216,PROD-08,UBI-PUE257,1.0
106,50066,2025-03-31,JUG-028,PROD-05,UBI-PUE198,1.0
107,50067,2025-12-11,JUG-066,PROD-03,UBI-PUE064,1.0
108,50067,2025-12-11,JUG-066,PROD-04,UBI-PUE064,1.0
109,50067,2025-12-11,JUG-066,PROD-08,UBI-PUE064,1.0
110,50068,2024-03-08,JUG-184,PROD-08,UBI-PUE262,2.0
111,50069,2025-10-02,JUG-086,PROD-03,UBI-PUE210,3.0
112,50069,2025-10-02,JUG-086,PROD-04,UBI-PUE210,1.0
113,50069,2025-10-02,JUG-086,PROD-06,UBI-PUE210,1.0
114,50070,2024-02-15,JUG-187,PROD-07,UBI-PUE030,1.0
115,50071,2024-01-16,JUG-225,PROD-03,UBI-PUE051,1.0
116,50072,2025-06-09,JUG-077,PROD-06,UBI-PUE132,1.0
117,50073,2025-10-04,JUG-021,PROD-08,UBI-PUE033,1.0
118,50073,2025-10-04,JUG-021,PROD-02,UBI-PUE033,2.0
119,50073,2025-10-04,JUG-021,PROD-07,UBI-PUE033,1.0
120,50074,2024-06-12,JUG-062,PROD-02,UBI-PUE013,1.0
121,50075,2026-01-20,JUG-038,PROD-06,UBI-PUE118,1.0
122,50075,2026-01-20,JUG-038,PROD-01,UBI-PUE118,1.0
123,50075,2026-01-20,JUG-038,PROD-06,UBI-PUE118,1.0
124,50076,2024-03-22,JUG-084,PROD-05,UBI-PUE052,1.0
125,50076,2024-03-22,JUG-084,PROD-06,UBI-PUE052,1.0
126,50077,2023-07-26,JUG-106,PROD-08,UBI-PUE135,1.0
127,50078,2026-04-30,JUG-022,PROD-05,UBI-PUE131,1.0
128,50079,2026-04-17,JUG-052,PROD-06,UBI-PUE171,2.0
129,50080,2025-02-15,JUG-088,PROD-03,UBI-PUE209,
130,50080,2025-02-15,JUG-088,PROD-07,UBI-PUE209,1.0
131,50080,2025-02-15,JUG-088,PROD-07,UBI-PUE209,1.0
132,50081,2025-05-14,JUG-180,PROD-02,UBI-PUE007,1.0
133,50082,2026-02-18,JUG-221,PROD-06,UBI-PUE122,3.0
134,50083,2024-12-23,JUG-130,PROD-02,UBI-PUE214,1.0
135,50083,2024-12-23,JUG-130,PROD-01,UBI-PUE214,3.0
136,50083,2024-12-23,JUG-130,PROD-02,UBI-PUE214,1.0
137,50084,2023-11-19,JUG-065,PROD-03,UBI-PUE149,1.0
138,50084,2023-11-19,JUG-065,PROD-07,UBI-PUE149,1.0
139,50084,2023-11-19,JUG-065,PROD-03,UBI-PUE149,1.0
140,50085,2025-03-02,JUG-246,PROD-07,UBI-PUE199,1.0
141,50085,2025-03-02,JUG-246,PROD-03,UBI-PUE199,1.0
142,50086,2025-11-20,JUG-007,PROD-05,UBI-PUE216,1.0
143,50087,2025-05-10,JUG-228,PROD-05,UBI-PUE102,1.0
144,50088,2025-01-13,JUG-226,PROD-08,UBI-PUE278,1.0
145,50088,2025-01-13,JUG-226,PROD-07,UBI-PUE278,1.0
146,50089,2025-12-02,JUG-036,PROD-05,UBI-PUE053,1.0
147,50089,2025-12-02,JUG-036,PROD-02,UBI-PUE053,1.0
148,50089,2025-12-02,JUG-036,PROD-01,UBI-PUE053,1.0
149,50090,2026-01-23,JUG-116,PROD-04,UBI-PUE127,1.0
150,50091,2025-03-26,JUG-118,PROD-07,UBI-PUE010,1.0
151,50092,2024-11-14,JUG-036,PROD-04,UBI-PUE006,2.0
152,50093,2025-10-10,JUG-182,PROD-05,UBI-PUE058,1.0
153,50094,2025-02-07,JUG-126,PROD-08,UBI-PUE162,1.0
154,50094,2025-02-07,JUG-126,PROD-08,UBI-PUE162,1.0
155,50094,2025-02-07,JUG-126,PROD-02,UBI-PUE162,1.0
156,50095,2024-05-06,JUG-032,PROD-07,UBI-PUE147,2.0
157,50096,2025-01-24,JUG-084,PROD-05,UBI-PUE013,1.0
158,50096,2025-01-24,JUG-084,PROD-06,UBI-PUE013,0.0
159,50096,2025-01-24,JUG-084,PROD-07,UBI-PUE013,2.0
160,50097,2024-12-15,JUG-181,PROD-02,UBI-PUE228,1.0
161,50098,2023-10-27,JUG-150,PROD-08,UBI-PUE203,1.0
162,50099,2023-12-24,JUG-094,PROD-07,UBI-PUE171,1.0
163,50100,2026-03-24,JUG-115,PROD-05,UBI-PUE015,1.0
164,50101,2025-05-19,JUG-180,PROD-04,UBI-PUE252,1.0
165,50101,2025-05-19,JUG-180,PROD-08,UBI-PUE252,1.0
166,50101,2025-05-19,JUG-180,PROD-05,UBI-PUE252,2.0
167,50102,2024-10-14,JUG-089,PROD-07,UBI-PUE193,1.0
168,50103,2025-06-02,JUG-144,PROD-01,UBI-PUE159,1.0
169,50104,2023-06-30,JUG-189,PROD-05,UBI-PUE153,1.0
170,50104,2023-06-30,JUG-189,PROD-06,UBI-PUE153,1.0
171,50104,2023-06-30,JUG-189,PROD-08,UBI-PUE153,1.0
172,50105,2025-08-11,JUG-240,PROD-06,UBI-PUE023,3.0
173,50106,2026-08-27,JUG-082,PROD-01,UBI-PUE021,1.0
174,50106,2026-08-27,JUG-082,PROD-01,UBI-PUE021,1.0
175,50107,2025-05-19,JUG-235,PROD-04,UBI-PUE187,1.0
176,50107,2025-05-19,JUG-235,PROD-05,UBI-PUE187,1.0
177,50108,2024-07-06,JUG-148,PROD-05,UBI-PUE196,2.0
178,50109,2026-03-21,JUG-136,PROD-04,UBI-PUE231,1.0
179,50109,2026-03-21,JUG-136,PROD-07,UBI-PUE231,1.0
180,50110,2025-06-25,JUG-177,PROD-06,UBI-PUE050,1.0
181,50111,2025-02-06,JUG-036,PROD-08,UBI-PUE259,2.0
182,50112,2024-10-25,JUG-025,PROD-08,UBI-PUE261,1.0
183,50112,2024-10-25,JUG-025,PROD-08,UBI-PUE261,1.0
184,50113,2026-08-25,JUG-047,PROD-07,UBI-PUE160,1.0
185,50113,2026-08-25,JUG-047,PROD-02,UBI-PUE160,2.0
186,50114,2024-11-11,JUG-037,PROD-05,UBI-PUE034,1.0
187,50115,2026-07-20,JUG-102,PROD-03,UBI-PUE211,2.0
188,50115,2026-07-20,JUG-102,PROD-05,UBI-PUE211,2.0
189,50116,2023-03-25,JUG-132,PROD-05,UBI-PUE111,1.0
190,50116,2023-03-25,JUG-132,PROD-04,UBI-PUE111,1.0
191,50116,2023-03-25,JUG-132,PROD-05,UBI-PUE111,2.0
192,50117,2025-02-15,JUG-228,PROD-08,UBI-PUE248,1.0
193,50117,2025-02-15,JUG-228,PROD-06,UBI-PUE248,1.0
194,50118,2025-09-30,JUG-145,PROD-01,UBI-PUE022,1.0
195,50118,2025-09-30,JUG-145,PROD-01,UBI-PUE022,1.0
196,50119,2024-04-23,JUG-003,PROD-03,UBI-PUE008,1.0
197,50120,2024-02-13,JUG-010,PROD-03,UBI-PUE165,2.0
198,50120,2024-02-13,JUG-010,PROD-05,UBI-PUE165,1.0
199,50121,2024-06-18,JUG-042,PROD-04,UBI-PUE105,1.0
200,50122,2024-06-18,JUG-238,PROD-04,UBI-PUE067,1.0
201,50123,2024-05-01,JUG-035,PROD-08,UBI-PUE183,1.0
202,50123,2024-05-01,JUG-035,PROD-07,UBI-PUE183,1.0
203,50124,2025-01-27,JUG-024,PROD-05,UBI-PUE014,1.0
204,50124,2025-01-27,JUG-024,PROD-02,UBI-PUE014,1.0
205,50125,2025-11-16,JUG-166,PROD-03,UBI-PUE216,1.0
206,50126,2025-05-27,JUG-177,PROD-06,UBI-PUE134,1.0
207,50126,2025-05-27,JUG-177,PROD-08,UBI-PUE134,1.0
208,50127,2024-09-17,JUG-183,PROD-05,UBI-PUE232,1.0
209,50128,2025-01-05,JUG-231,PROD-03,UBI-PUE056,1.0
210,50128,2025-01-05,JUG-231,PROD-08,UBI-PUE056,1.0
211,50128,2025-01-05,JUG-231,PROD-02,UBI-PUE056,1.0
212,50129,2026-12-06,JUG-049,PROD-03,UBI-PUE135,1.0
213,50129,2026-12-06,JUG-049,PROD-01,UBI-PUE135,1.0
214,50130,2025-07-24,JUG-144,PROD-07,UBI-PUE068,2.0
215,50130,2025-07-24,JUG-144,PROD-03,UBI-PUE068,1.0
216,50131,2025-11-13,JUG-139,PROD-03,UBI-PUE036,1.0
217,50132,2025-05-25,JUG-020,PROD-07,UBI-PUE233,1.0
218,50133,2023-12-31,JUG-217,PROD-03,UBI-PUE089,1.0
219,50133,2023-12-31,JUG-217,PROD-06,UBI-PUE089,1.0
220,50134,2024-05-15,JUG-134,PROD-08,UBI-PUE157,1.0
221,50135,2024-08-25,JUG-108,PROD-01,UBI-PUE239,3.0
222,50136,2026-06-10,JUG-047,PROD-04,UBI-PUE252,2.0
223,50137,2025-03-14,JUG-124,PROD-01,UBI-PUE257,1.0
224,50137,2025-03-14,JUG-124,PROD-03,UBI-PUE257,1.0
225,50138,2024-08-23,JUG-012,PROD-01,UBI-PUE026,1.0
226,50139,2026-10-15,JUG-073,PROD-04,UBI-PUE019,3.0
227,50139,2026-10-15,JUG-073,PROD-07,UBI-PUE019,1.0
228,50140,2025-11-13,JUG-044,PROD-08,UBI-PUE217,2.0
229,50141,2025-03-12,JUG-086,PROD-08,UBI-PUE035,1.0
230,50142,2023-11-12,JUG-213,PROD-05,UBI-PUE042,1.0
231,50143,2025-08-24,JUG-171,PROD-06,UBI-PUE025,2.0
232,50144,2025-01-28,JUG-246,PROD-04,UBI-PUE161,0.0
233,50145,2024-11-12,JUG-111,PROD-05,UBI-PUE241,1.0
234,50146,2025-10-20,JUG-009,PROD-05,UBI-PUE079,1.0
235,50147,2023-10-26,JUG-213,PROD-07,UBI-PUE128,3.0
236,50147,2023-10-26,JUG-213,PROD-04,UBI-PUE128,1.0
237,50148,2023-04-09,JUG-225,PROD-05,UBI-PUE040,1.0
238,50149,2024-07-22,JUG-063,PROD-05,UBI-PUE090,
239,50150,2025-06-02,JUG-046,PROD-04,UBI-PUE252,3.0
240,50151,2023-12-29,JUG-215,PROD-04,UBI-PUE200,1.0
241,50152,2026-06-29,JUG-147,PROD-03,UBI-PUE020,1.0
242,50152,2026-06-29,JUG-147,PROD-08,UBI-PUE020,1.0
243,50153,2025-11-06,JUG-194,PROD-01,UBI-PUE073,1.0
244,50153,2025-11-06,JUG-194,PROD-03,UBI-PUE073,1.0
245,50153,2025-11-06,JUG-194,PROD-01,UBI-PUE073,3.0
246,50154,2023-06-14,JUG-128,PROD-03,UBI-PUE077,1.0
247,50155,2024-03-07,JUG-039,PROD-07,UBI-PUE004,1.0
248,50155,2024-03-07,JUG-039,PROD-04,UBI-PUE004,1.0
249,50155,2024-03-07,JUG-039,PROD-04,UBI-PUE004,1.0
250,50156,2024-12-30,JUG-182,PROD-07,UBI-PUE274,1.0
251,50157,2023-01-24,JUG-039,PROD-08,UBI-PUE070,1.0
252,50158,2024-11-16,JUG-017,PROD-04,UBI-PUE088,1.0
253,50159,2023-12-07,JUG-143,PROD-07,UBI-PUE243,2.0
254,50159,2023-12-07,JUG-143,PROD-01,UBI-PUE243,1.0
255,50160,2024-01-23,JUG-130,PROD-06,UBI-PUE205,1.0
256,50161,2024-11-08,JUG-186,PROD-07,UBI-PUE171,1.0
257,50162,2024-07-15,JUG-200,PROD-06,UBI-PUE061,1.0
258,50163,2026-05-08,JUG-004,PROD-05,UBI-PUE015,1.0
259,50164,2024-11-17,JUG-037,PROD-08,UBI-PUE146,1.0
260,50165,2026-04-25,JUG-087,PROD-01,UBI-PUE033,1.0
261,50165,2026-04-25,JUG-087,PROD-04,UBI-PUE033,2.0
262,50166,2026-09-17,JUG-087,PROD-04,UBI-PUE130,1.0
263,50166,2026-09-17,JUG-087,PROD-02,UBI-PUE130,1.0
264,50166,2026-09-17,JUG-087,PROD-04,UBI-PUE130,1.0
265,50167,2023-07-21,JUG-072,PROD-02,UBI-PUE017,1.0
266,50168,2025-02-23,JUG-122,PROD-02,UBI-PUE256,1.0
267,50168,2025-02-23,JUG-122,PROD-04,UBI-PUE256,3.0
268,50169,2025-06-12,JUG-023,PROD-08,UBI-PUE264,1.0
269,50169,2025-06-12,JUG-023,PROD-03,UBI-PUE264,1.0
270,50169,2025-06-12,JUG-023,PROD-07,UBI-PUE264,1.0
271,50170,2025-09-04,JUG-175,PROD-05,UBI-PUE139,1.0
272,50171,2023-12-21,JUG-155,PROD-02,UBI-PUE136,0.0
273,50171,2023-12-21,JUG-155,PROD-07,UBI-PUE136,3.0
274,50171,2023-12-21,JUG-155,PROD-02,UBI-PUE136,1.0
275,50172,2023-03-21,JUG-027,PROD-01,UBI-PUE134,1.0
276,50172,2023-03-21,JUG-027,PROD-06,UBI-PUE134,2.0
277,50173,2024-05-18,JUG-186,PROD-03,UBI-PUE210,1.0
278,50173,2024-05-18,JUG-186,PROD-05,UBI-PUE210,1.0
279,50174,2023-12-31,JUG-170,PROD-04,UBI-PUE150,2.0
280,50175,2025-01-24,JUG-182,PROD-01,UBI-PUE009,1.0
281,50175,2025-01-24,JUG-182,PROD-01,UBI-PUE009,1.0
282,50176,2025-09-16,JUG-102,PROD-04,UBI-PUE118,1.0
283,50177,2024-06-19,JUG-132,PROD-04,UBI-PUE023,3.0
284,50177,2024-06-19,JUG-132,PROD-03,UBI-PUE023,1.0
285,50177,2024-06-19,JUG-132,PROD-05,UBI-PUE023,1.0
286,50178,2026-05-27,JUG-100,PROD-06,UBI-PUE276,1.0
287,50178,2026-05-27,JUG-100,PROD-06,UBI-PUE276,1.0
288,50179,2026-02-27,JUG-075,PROD-07,UBI-PUE230,1.0
289,50179,2026-02-27,JUG-075,PROD-03,UBI-PUE230,1.0
290,50180,2024-01-21,JUG-197,PROD-08,UBI-PUE108,2.0
291,50180,2024-01-21,JUG-197,PROD-06,UBI-PUE108,1.0
292,50180,2024-01-21,JUG-197,PROD-02,UBI-PUE108,2.0
293,50181,2024-05-08,JUG-247,PROD-01,UBI-PUE155,1.0
294,50181,2024-05-08,JUG-247,PROD-07,UBI-PUE155,1.0
295,50182,2024-05-24,JUG-141,PROD-08,UBI-PUE109,1.0
296,50183,2025-02-11,JUG-025,PROD-01,UBI-PUE117,1.0
297,50183,2025-02-11,JUG-025,PROD-01,UBI-PUE117,1.0
298,50183,2025-02-11,JUG-025,PROD-04,UBI-PUE117,2.0
299,50184,2026-06-29,JUG-038,PROD-07,UBI-PUE182,1.0
300,50185,2025-12-17,JUG-082,PROD-03,UBI-PUE053,1.0
301,50186,2024-10-23,JUG-229,PROD-07,UBI-PUE093,1.0
302,50186,2024-10-23,JUG-229,PROD-02,UBI-PUE093,1.0
303,50186,2024-10-23,JUG-229,PROD-05,UBI-PUE093,1.0
304,50187,2024-03-10,JUG-170,PROD-07,UBI-PUE126,1.0
305,50188,2026-02-25,JUG-096,PROD-02,UBI-PUE099,1.0
306,50189,2024-06-16,JUG-154,PROD-02,UBI-PUE210,1.0
307,50189,2024-06-16,JUG-154,PROD-05,UBI-PUE210,2.0
308,50190,2024-09-15,JUG-242,PROD-03,UBI-PUE192,1.0
309,50191,2024-11-20,JUG-136,PROD-05,UBI-PUE109,2.0
310,50192,2023-04-14,JUG-187,PROD-07,UBI-PUE009,1.0
311,50193,2026-02-24,JUG-185,PROD-02,UBI-PUE088,2.0
312,50193,2026-02-24,JUG-185,PROD-07,UBI-PUE088,1.0
313,50193,2026-02-24,JUG-185,PROD-05,UBI-PUE088,1.0
314,50194,2024-10-11,JUG-026,PROD-03,UBI-PUE015,1.0
315,50194,2024-10-11,JUG-026,PROD-08,UBI-PUE015,1.0
316,50194,2024-10-11,JUG-026,PROD-06,UBI-PUE015,1.0
317,50195,2024-09-02,JUG-226,PROD-03,UBI-PUE184,2.0
318,50195,2024-09-02,JUG-226,PROD-03,UBI-PUE184,1.0
319,50196,2025-11-28,JUG-174,PROD-02,UBI-PUE092,1.0
320,50197,2026-06-16,JUG-050,PROD-03,UBI-PUE055,1.0
321,50198,2024-11-24,JUG-196,PROD-04,UBI-PUE206,1.0
322,50198,2024-11-24,JUG-196,PROD-02,UBI-PUE206,1.0
323,50198,2024-11-24,JUG-196,PROD-03,UBI-PUE206,1.0
324,50199,2023-09-23,JUG-001,PROD-05,UBI-PUE174,2.0
325,50199,2023-09-23,JUG-001,PROD-04,UBI-PUE174,1.0
326,50200,2025-01-18,JUG-246,PROD-03,UBI-PUE144,1.0
327,50201,2024-06-16,JUG-028,PROD-05,UBI-PUE023,1.0
328,50202,2024-01-16,JUG-113,PROD-03,UBI-PUE118,1.0
329,50203,2026-02-18,JUG-212,PROD-01,UBI-PUE065,1.0
330,50204,2024-06-30,JUG-076,PROD-04,UBI-PUE225,2.0
331,50205,2024-03-14,JUG-173,PROD-01,UBI-PUE148,1.0
332,50206,2026-06-24,JUG-175,PROD-01,UBI-PUE052,1.0
333,50207,2026-03-12,JUG-007,PROD-02,UBI-PUE066,1.0
334,50207,2026-03-12,JUG-007,PROD-01,UBI-PUE066,0.0
335,50207,2026-03-12,JUG-007,PROD-04,UBI-PUE066,1.0
336,50208,2025-02-04,JUG-018,PROD-06,UBI-PUE092,1.0
337,50209,2024-04-05,JUG-152,PROD-02,UBI-PUE269,2.0
338,50210,2025-06-10,JUG-121,PROD-01,UBI-PUE252,1.0
339,50211,2025-05-30,JUG-240,PROD-02,UBI-PUE055,1.0
340,50211,2025-05-30,JUG-240,PROD-03,UBI-PUE055,1.0
341,50212,2025-11-29,JUG-146,PROD-03,UBI-PUE067,2.0
342,50213,2026-02-18,JUG-224,PROD-04,UBI-PUE137,2.0
343,50213,2026-02-18,JUG-224,PROD-01,UBI-PUE137,2.0
344,50213,2026-02-18,JUG-224,PROD-02,UBI-PUE137,1.0
345,50214,2026-12-19,JUG-050,PROD-01,UBI-PUE054,2.0
346,50214,2026-12-19,JUG-050,PROD-02,UBI-PUE054,1.0
347,50215,2024-10-22,JUG-017,PROD-04,UBI-PUE029,1.0
348,50215,2024-10-22,JUG-017,PROD-02,UBI-PUE029,1.0
349,50216,2025-08-02,JUG-022,PROD-05,UBI-PUE264,1.0
350,50217,2024-07-25,JUG-083,PROD-02,UBI-PUE189,1.0
351,50218,2024-12-14,JUG-076,PROD-05,UBI-PUE056,2.0
352,50218,2024-12-14,JUG-076,PROD-04,UBI-PUE056,1.0
353,50219,2024-02-19,JUG-084,PROD-04,UBI-PUE230,1.0
354,50220,2025-07-05,JUG-073,PROD-07,UBI-PUE145,1.0
355,50221,2025-02-20,JUG-089,PROD-01,UBI-PUE199,1.0
356,50222,2024-10-24,JUG-226,PROD-02,UBI-PUE105,1.0
357,50222,2024-10-24,JUG-226,PROD-07,UBI-PUE105,1.0
358,50222,2024-10-24,JUG-226,PROD-01,UBI-PUE105,1.0
359,50223,2024-07-11,JUG-184,PROD-04,UBI-PUE189,1.0
360,50224,2024-02-09,JUG-230,PROD-03,UBI-PUE277,1.0
361,50224,2024-02-09,JUG-230,PROD-01,UBI-PUE277,1.0
362,50225,2024-05-28,JUG-197,PROD-08,UBI-PUE227,1.0
363,50225,2024-05-28,JUG-197,PROD-03,UBI-PUE227,1.0
364,50226,2025-04-23,JUG-205,PROD-05,UBI-PUE263,1.0
365,50226,2025-04-23,JUG-205,PROD-07,UBI-PUE263,1.0
366,50227,2024-07-04,JUG-198,PROD-01,UBI-PUE009,1.0
367,50227,2024-07-04,JUG-198,PROD-08,UBI-PUE009,1.0
368,50228,2025-05-30,JUG-166,PROD-02,UBI-PUE187,1.0
369,50229,2025-06-05,JUG-030,PROD-01,UBI-PUE261,1.0
370,50230,2025-03-17,JUG-145,PROD-01,UBI-PUE108,1.0
371,50231,2025-01-08,JUG-040,PROD-05,UBI-PUE178,1.0
372,50232,2024-11-24,JUG-001,PROD-04,UBI-PUE177,1.0
373,50233,2026-02-07,JUG-231,PROD-03,UBI-PUE135,1.0
374,50233,2026-02-07,JUG-231,PROD-07,UBI-PUE135,1.0
375,50233,2026-02-07,JUG-231,PROD-04,UBI-PUE135,3.0
376,50234,2025-08-17,JUG-007,PROD-01,UBI-PUE038,1.0
377,50234,2025-08-17,JUG-007,PROD-07,UBI-PUE038,1.0
378,50234,2025-08-17,JUG-007,PROD-02,UBI-PUE038,1.0
379,50235,2024-10-02,JUG-179,PROD-03,UBI-PUE152,1.0
380,50235,2024-10-02,JUG-179,PROD-06,UBI-PUE152,1.0
381,50236,2025-01-31,JUG-230,PROD-08,UBI-PUE010,1.0
382,50237,2025-09-29,JUG-054,PROD-02,UBI-PUE211,1.0
383,50237,2025-09-29,JUG-054,PROD-08,UBI-PUE211,3.0
384,50237,2025-09-29,JUG-054,PROD-07,UBI-PUE211,
385,50238,2026-11-06,JUG-087,PROD-07,UBI-PUE025,1.0
386,50238,2026-11-06,JUG-087,PROD-07,UBI-PUE025,1.0
387,50239,2024-06-10,JUG-028,PROD-06,UBI-PUE148,1.0
388,50240,2025-03-30,JUG-103,PROD-05,UBI-PUE226,2.0
389,50240,2025-03-30,JUG-103,PROD-06,UBI-PUE226,1.0
390,50241,2024-09-22,JUG-200,PROD-06,UBI-PUE017,2.0
391,50242,2024-11-28,JUG-101,PROD-01,UBI-PUE078,1.0
392,50242,2024-11-28,JUG-101,PROD-07,UBI-PUE078,1.0
393,50243,2025-08-08,JUG-073,PROD-01,UBI-PUE272,1.0
394,50244,2026-05-31,JUG-168,PROD-06,UBI-PUE111,1.0
395,50245,2026-04-15,JUG-178,PROD-02,UBI-PUE222,1.0
396,50246,2024-01-11,JUG-169,PROD-03,UBI-PUE171,1.0
397,50247,2023-06-10,JUG-155,PROD-07,UBI-PUE235,1.0
398,50247,2023-06-10,JUG-155,PROD-05,UBI-PUE235,2.0
399,50248,2024-09-18,JUG-157,PROD-08,UBI-PUE179,1.0
400,50248,2024-09-18,JUG-157,PROD-03,UBI-PUE179,1.0
401,50248,2024-09-18,JUG-157,PROD-01,UBI-PUE179,1.0
402,50249,2024-06-26,JUG-155,PROD-06,UBI-PUE094,1.0
403,50250,2024-07-16,JUG-250,PROD-04,UBI-PUE087,1.0
404,50250,2024-07-16,JUG-250,PROD-05,UBI-PUE087,2.0
405,50251,2024-08-06,JUG-081,PROD-07,UBI-PUE214,1.0
406,50251,2024-08-06,JUG-081,PROD-07,UBI-PUE214,1.0
407,50251,2024-08-06,JUG-081,PROD-07,UBI-PUE214,1.0
408,50252,2026-01-04,JUG-216,PROD-03,UBI-PUE011,1.0
409,50253,2026-01-29,JUG-114,PROD-05,UBI-PUE168,1.0
410,50253,2026-01-29,JUG-114,PROD-06,UBI-PUE168,1.0
411,50254,2025-09-29,JUG-102,PROD-03,UBI-PUE003,1.0
412,50254,2025-09-29,JUG-102,PROD-06,UBI-PUE003,3.0
413,50255,2024-03-28,JUG-210,PROD-01,UBI-PUE084,1.0
414,50255,2024-03-28,JUG-210,PROD-06,UBI-PUE084,1.0
415,50256,2024-03-16,JUG-039,PROD-05,UBI-PUE271,1.0
416,50257,2024-02-23,JUG-003,PROD-03,UBI-PUE289,2.0
417,50258,2025-08-07,JUG-243,PROD-01,UBI-PUE257,1.0
418,50258,2025-08-07,JUG-243,PROD-03,UBI-PUE257,1.0
419,50259,2024-08-11,JUG-059,PROD-03,UBI-PUE231,1.0
420,50260,2026-05-03,JUG-097,PROD-01,UBI-PUE282,
421,50261,2025-10-27,JUG-115,PROD-04,UBI-PUE002,1.0
422,50262,2024-07-19,JUG-219,PROD-04,UBI-PUE037,1.0
423,50262,2024-07-19,JUG-219,PROD-01,UBI-PUE037,1.0
424,50262,2024-07-19,JUG-219,PROD-05,UBI-PUE037,1.0
425,50263,2024-10-23,JUG-058,PROD-02,UBI-PUE068,1.0
426,50264,2024-09-20,JUG-230,PROD-06,UBI-PUE197,1.0
427,50265,2025-09-07,JUG-163,PROD-06,UBI-PUE287,2.0
428,50266,2026-04-24,JUG-009,PROD-08,UBI-PUE080,2.0
429,50267,2023-12-12,JUG-099,PROD-02,UBI-PUE143,1.0
430,50268,2024-07-15,JUG-197,PROD-07,UBI-PUE134,1.0
431,50269,2025-04-10,JUG-227,PROD-04,UBI-PUE226,2.0
432,50270,2024-06-28,JUG-015,PROD-04,UBI-PUE199,1.0
433,50271,2025-04-16,JUG-044,PROD-04,UBI-PUE004,1.0
434,50271,2025-04-16,JUG-044,PROD-07,UBI-PUE004,1.0
435,50272,2025-07-14,JUG-182,PROD-06,UBI-PUE179,1.0
436,50272,2025-07-14,JUG-182,PROD-01,UBI-PUE179,1.0
437,50272,2025-07-14,JUG-182,PROD-08,UBI-PUE179,1.0
438,50273,2024-06-07,JUG-161,PROD-07,UBI-PUE272,1.0
439,50274,2024-06-30,JUG-250,PROD-07,UBI-PUE250,1.0
440,50275,2025-06-24,JUG-062,PROD-05,UBI-PUE088,1.0
441,50275,2025-06-24,JUG-062,PROD-01,UBI-PUE088,1.0
442,50276,2024-11-09,JUG-088,PROD-05,UBI-PUE053,1.0
443,50276,2024-11-09,JUG-088,PROD-01,UBI-PUE053,1.0
444,50277,2025-04-08,JUG-216,PROD-08,UBI-PUE232,1.0
445,50278,2026-02-01,JUG-166,PROD-05,UBI-PUE239,1.0
446,50279,2026-06-01,JUG-013,PROD-02,UBI-PUE034,1.0
447,50280,2025-04-11,JUG-200,PROD-01,UBI-PUE248,
448,50281,2026-04-28,JUG-175,PROD-02,UBI-PUE244,1.0
449,50281,2026-04-28,JUG-175,PROD-02,UBI-PUE244,1.0
450,50281,2026-04-28,JUG-175,PROD-06,UBI-PUE244,1.0
451,50282,2024-05-22,JUG-094,PROD-06,UBI-PUE126,1.0
452,50282,2024-05-22,JUG-094,PROD-02,UBI-PUE126,1.0
453,50283,2024-04-30,JUG-008,PROD-04,UBI-PUE246,1.0
454,50284,2024-07-25,JUG-150,PROD-06,UBI-PUE073,1.0
455,50285,2024-11-23,JUG-026,PROD-06,UBI-PUE111,1.0
456,50286,2024-08-12,JUG-227,PROD-01,UBI-PUE038,1.0
457,50286,2024-08-12,JUG-227,PROD-04,UBI-PUE038,1.0
458,50287,2025-01-24,JUG-230,PROD-03,UBI-PUE136,1.0
459,50287,2025-01-24,JUG-230,PROD-06,UBI-PUE136,1.0
460,50287,2025-01-24,JUG-230,PROD-08,UBI-PUE136,2.0
461,50288,2024-08-11,JUG-065,PROD-05,UBI-PUE266,1.0
462,50289,2024-09-30,JUG-165,PROD-05,UBI-PUE138,1.0
463,50289,2024-09-30,JUG-165,PROD-04,UBI-PUE138,1.0
464,50290,2026-09-07,JUG-043,PROD-06,UBI-PUE241,1.0
465,50290,2026-09-07,JUG-043,PROD-08,UBI-PUE241,2.0
466,50291,2023-05-25,JUG-192,PROD-02,UBI-PUE140,1.0
467,50292,2024-08-26,JUG-037,PROD-02,UBI-PUE033,2.0
468,50293,2023-05-16,JUG-070,PROD-02,UBI-PUE045,1.0
469,50294,2025-07-04,JUG-092,PROD-07,UBI-PUE093,1.0
470,50294,2025-07-04,JUG-092,PROD-07,UBI-PUE093,1.0
471,50295,2024-10-26,JUG-213,PROD-05,UBI-PUE040,2.0
472,50295,2024-10-26,JUG-213,PROD-04,UBI-PUE040,1.0
473,50296,2023-12-07,JUG-017,PROD-01,UBI-PUE157,1.0
474,50296,2023-12-07,JUG-017,PROD-06,UBI-PUE157,1.0
475,50297,2023-10-29,JUG-248,PROD-07,UBI-PUE257,1.0
476,50297,2023-10-29,JUG-248,PROD-03,UBI-PUE257,1.0
477,50298,2023-09-04,JUG-128,PROD-07,UBI-PUE218,1.0
478,50298,2023-09-04,JUG-128,PROD-05,UBI-PUE218,1.0
479,50299,2023-12-08,JUG-191,PROD-03,UBI-PUE053,1.0
480,50300,2023-11-25,JUG-169,PROD-01,UBI-PUE234,1.0
481,50300,2023-11-25,JUG-169,PROD-05,UBI-PUE234,1.0
482,50300,2023-11-25,JUG-169,PROD-01,UBI-PUE234,1.0
483,50301,2023-10-27,JUG-002,PROD-02,UBI-PUE133,1.0
484,50301,2023-10-27,JUG-002,PROD-02,UBI-PUE133,1.0
485,50302,2025-03-31,JUG-058,PROD-07,UBI-PUE181,1.0
486,50303,2024-03-06,JUG-028,PROD-01,UBI-PUE065,1.0
487,50303,2024-03-06,JUG-028,PROD-01,UBI-PUE065,1.0
488,50304,2024-01-15,JUG-099,PROD-01,UBI-PUE139,1.0
489,50304,2024-01-15,JUG-099,PROD-05,UBI-PUE139,1.0
490,50304,2024-01-15,JUG-099,PROD-06,UBI-PUE139,1.0
491,50305,2023-03-31,JUG-008,PROD-04,UBI-PUE025,2.0
492,50306,2024-07-14,JUG-032,PROD-02,UBI-PUE175,1.0
493,50307,2024-01-25,JUG-223,PROD-05,UBI-PUE264,1.0
494,50308,2025-08-17,JUG-092,PROD-08,UBI-PUE276,1.0
495,50309,2025-09-27,JUG-013,PROD-01,UBI-PUE086,3.0
496,50309,2025-09-27,JUG-013,PROD-07,UBI-PUE086,1.0
497,50310,2024-04-29,JUG-045,PROD-04,UBI-PUE126,1.0
498,50311,2023-09-07,JUG-148,PROD-02,UBI-PUE199,1.0
499,50311,2023-09-07,JUG-148,PROD-05,UBI-PUE199,1.0
500,50311,2023-09-07,JUG-148,PROD-02,UBI-PUE199,1.0
501,50312,2023-07-01,JUG-128,PROD-07,UBI-PUE134,1.0
502,50313,2026-09-06,JUG-129,PROD-02,UBI-PUE261,1.0
503,50314,2026-02-22,JUG-162,PROD-05,UBI-PUE127,1.0
504,50315,2025-06-12,JUG-158,PROD-06,UBI-PUE122,1.0
505,50315,2025-06-12,JUG-158,PROD-07,UBI-PUE122,
506,50316,2026-07-19,JUG-114,PROD-02,UBI-PUE154,1.0
507,50316,2026-07-19,JUG-114,PROD-04,UBI-PUE154,1.0
508,50317,2023-11-02,JUG-238,PROD-05,UBI-PUE079,1.0
509,50318,2025-09-28,JUG-086,PROD-06,UBI-PUE005,1.0
510,50318,2025-09-28,JUG-086,PROD-05,UBI-PUE005,1.0
511,50319,2024-07-27,JUG-192,PROD-06,UBI-PUE099,1.0
512,50319,2024-07-27,JUG-192,PROD-02,UBI-PUE099,2.0
513,50320,2024-09-01,JUG-054,PROD-04,UBI-PUE235,1.0
514,50321,2024-06-02,JUG-180,PROD-06,UBI-PUE220,1.0
515,50321,2024-06-02,JUG-180,PROD-03,UBI-PUE220,1.0
516,50321,2024-06-02,JUG-180,PROD-05,UBI-PUE220,1.0
517,50322,2025-10-14,JUG-004,PROD-08,UBI-PUE136,1.0
518,50323,2025-06-02,JUG-177,PROD-07,UBI-PUE249,1.0
519,50324,2025-12-02,JUG-139,PROD-02,UBI-PUE057,1.0
520,50325,2025-04-08,JUG-026,PROD-02,UBI-PUE180,1.0
521,50326,2026-06-26,JUG-097,PROD-06,UBI-PUE220,1.0
522,50327,2024-01-29,JUG-008,PROD-07,UBI-PUE202,1.0
523,50327,2024-01-29,JUG-008,PROD-02,UBI-PUE202,1.0
524,50328,2025-03-07,JUG-156,PROD-02,UBI-PUE191,1.0
525,50328,2025-03-07,JUG-156,PROD-07,UBI-PUE191,2.0
526,50329,2025-10-29,JUG-041,PROD-06,UBI-PUE193,1.0
527,50329,2025-10-29,JUG-041,PROD-08,UBI-PUE193,1.0
528,50329,2025-10-29,JUG-041,PROD-06,UBI-PUE193,2.0
529,50330,2023-07-20,JUG-249,PROD-01,UBI-PUE186,1.0
530,50330,2023-07-20,JUG-249,PROD-04,UBI-PUE186,1.0
531,50330,2023-07-20,JUG-249,PROD-02,UBI-PUE186,1.0
532,50331,2023-11-22,JUG-152,PROD-06,UBI-PUE080,1.0
533,50331,2023-11-22,JUG-152,PROD-05,UBI-PUE080,1.0
534,50332,2023-12-24,JUG-122,PROD-02,UBI-PUE092,1.0
535,50333,2024-08-20,JUG-217,PROD-01,UBI-PUE180,2.0
536,50333,2024-08-20,JUG-217,PROD-07,UBI-PUE180,1.0
537,50334,2023-12-29,JUG-019,PROD-05,UBI-PUE060,1.0
538,50334,2023-12-29,JUG-019,PROD-04,UBI-PUE060,2.0
539,50334,2023-12-29,JUG-019,PROD-01,UBI-PUE060,1.0
540,50335,2023-09-10,JUG-067,PROD-06,UBI-PUE250,1.0
541,50336,2024-09-25,JUG-025,PROD-03,UBI-PUE211,1.0
542,50337,2025-02-09,JUG-042,PROD-06,UBI-PUE193,1.0
543,50337,2025-02-09,JUG-042,PROD-03,UBI-PUE193,1.0
544,50338,2025-11-30,JUG-177,PROD-04,UBI-PUE105,2.0
545,50339,2024-01-06,JUG-203,PROD-08,UBI-PUE269,1.0
546,50339,2024-01-06,JUG-203,PROD-06,UBI-PUE269,1.0
547,50340,2023-12-21,JUG-222,PROD-01,UBI-PUE147,1.0
548,50341,2025-09-30,JUG-055,PROD-05,UBI-PUE216,1.0
549,50342,2024-12-23,JUG-239,PROD-07,UBI-PUE169,1.0
550,50342,2024-12-23,JUG-239,PROD-07,UBI-PUE169,1.0
551,50343,2025-05-20,JUG-164,PROD-02,UBI-PUE051,1.0
552,50344,2023-10-26,JUG-181,PROD-06,UBI-PUE052,1.0
553,50344,2023-10-26,JUG-181,PROD-02,UBI-PUE052,1.0
554,50345,2026-02-25,JUG-245,PROD-06,UBI-PUE184,1.0
555,50346,2024-06-13,JUG-099,PROD-07,UBI-PUE221,1.0
556,50347,2024-04-08,JUG-019,PROD-08,UBI-PUE273,1.0
557,50348,2026-04-11,JUG-030,PROD-05,UBI-PUE182,1.0
558,50348,2026-04-11,JUG-030,PROD-01,UBI-PUE182,1.0
559,50349,2026-08-08,JUG-009,PROD-05,UBI-PUE215,1.0
560,50350,2025-04-03,JUG-179,PROD-07,UBI-PUE159,3.0
561,50351,2024-09-30,JUG-080,PROD-06,UBI-PUE063,1.0
562,50352,2023-10-31,JUG-148,PROD-08,UBI-PUE277,1.0
563,50353,2024-12-11,JUG-107,PROD-08,UBI-PUE096,1.0
564,50354,2025-04-09,JUG-044,PROD-02,UBI-PUE288,1.0
565,50355,2026-05-16,JUG-221,PROD-07,UBI-PUE103,1.0
566,50355,2026-05-16,JUG-221,PROD-08,UBI-PUE103,1.0
567,50356,2024-07-31,JUG-059,PROD-08,UBI-PUE157,1.0
568,50357,2025-09-26,JUG-182,PROD-04,UBI-PUE246,2.0
569,50357,2025-09-26,JUG-182,PROD-06,UBI-PUE246,1.0
570,50357,2025-09-26,JUG-182,PROD-04,UBI-PUE246,3.0
571,50358,2023-10-02,JUG-155,PROD-02,UBI-PUE288,1.0
572,50359,2025-07-01,JUG-205,PROD-07,UBI-PUE143,1.0
573,50360,2023-06-26,JUG-169,PROD-07,UBI-PUE031,1.0
574,50361,2023-08-17,JUG-048,PROD-03,UBI-PUE201,1.0
575,50362,2024-10-26,JUG-207,PROD-03,UBI-PUE006,2.0
576,50363,2024-10-08,JUG-201,PROD-06,UBI-PUE278,1.0
577,50364,2024-06-13,JUG-247,PROD-03,UBI-PUE058,1.0
578,50364,2024-06-13,JUG-247,PROD-07,UBI-PUE058,1.0
579,50365,2025-04-27,JUG-100,PROD-05,UBI-PUE052,1.0
580,50366,2025-09-01,JUG-046,PROD-08,UBI-PUE273,2.0
581,50367,2024-07-09,JUG-157,PROD-08,UBI-PUE273,1.0
582,50368,2025-01-21,JUG-171,PROD-08,UBI-PUE112,2.0
583,50368,2025-01-21,JUG-171,PROD-03,UBI-PUE112,3.0
584,50369,2025-10-11,JUG-013,PROD-08,UBI-PUE117,1.0
585,50370,2023-08-28,JUG-099,PROD-07,UBI-PUE230,1.0
586,50371,2024-08-21,JUG-226,PROD-04,UBI-PUE187,1.0
587,50372,2025-09-23,JUG-026,PROD-08,UBI-PUE060,1.0
588,50373,2024-08-08,JUG-111,PROD-03,UBI-PUE098,2.0
589,50374,2026-12-03,JUG-087,PROD-03,UBI-PUE004,1.0
590,50375,2024-01-21,JUG-198,PROD-07,UBI-PUE260,2.0
591,50376,2025-10-08,JUG-049,PROD-03,UBI-PUE046,2.0
592,50376,2025-10-08,JUG-049,PROD-06,UBI-PUE046,1.0
593,50377,2023-07-01,JUG-159,PROD-04,UBI-PUE114,2.0
594,50377,2023-07-01,JUG-159,PROD-03,UBI-PUE114,1.0
595,50378,2025-12-01,JUG-061,PROD-08,UBI-PUE107,1.0
596,50378,2025-12-01,JUG-061,PROD-06,UBI-PUE107,1.0
597,50379,2024-07-25,JUG-167,PROD-03,UBI-PUE221,1.0
598,50380,2026-01-10,JUG-121,PROD-08,UBI-PUE278,2.0
599,50381,2025-11-14,JUG-208,PROD-04,UBI-PUE261,1.0
600,50381,2025-11-14,JUG-208,PROD-02,UBI-PUE261,0.0
601,50382,2023-05-07,JUG-002,PROD-02,UBI-PUE131,1.0
602,50383,2024-12-15,JUG-098,PROD-02,UBI-PUE030,1.0
603,50384,2025-10-23,JUG-118,PROD-04,UBI-PUE226,2.0
604,50385,2025-02-03,JUG-209,PROD-08,UBI-PUE068,1.0
605,50385,2025-02-03,JUG-209,PROD-07,UBI-PUE068,1.0
606,50386,2024-06-01,JUG-186,PROD-06,UBI-PUE275,2.0
607,50386,2024-06-01,JUG-186,PROD-01,UBI-PUE275,1.0
608,50387,2026-07-07,JUG-172,PROD-03,UBI-PUE180,3.0
609,50388,2026-08-26,JUG-147,PROD-08,UBI-PUE129,1.0
610,50389,2023-11-21,JUG-222,PROD-02,UBI-PUE191,1.0
611,50390,2026-03-11,JUG-224,PROD-05,UBI-PUE267,1.0
612,50390,2026-03-11,JUG-224,PROD-01,UBI-PUE267,3.0
613,50391,2024-08-20,JUG-151,PROD-06,UBI-PUE194,2.0
614,50392,2026-07-03,JUG-087,PROD-06,UBI-PUE016,2.0
615,50392,2026-07-03,JUG-087,PROD-07,UBI-PUE016,1.0
616,50392,2026-07-03,JUG-087,PROD-01,UBI-PUE016,1.0
617,50393,2024-04-17,JUG-225,PROD-08,UBI-PUE282,1.0
618,50394,2025-04-21,JUG-103,PROD-02,UBI-PUE033,1.0
619,50395,2024-03-07,JUG-242,PROD-02,UBI-PUE175,1.0
620,50396,2023-11-15,JUG-135,PROD-07,UBI-PUE134,1.0
621,50397,2024-10-01,JUG-042,PROD-03,UBI-PUE028,2.0
622,50397,2024-10-01,JUG-042,PROD-04,UBI-PUE028,1.0
623,50398,2025-05-22,JUG-154,PROD-02,UBI-PUE283,1.0
624,50399,2023-07-20,JUG-159,PROD-06,UBI-PUE015,1.0
625,50399,2023-07-20,JUG-159,PROD-08,UBI-PUE015,1.0
626,50399,2023-07-20,JUG-159,PROD-02,UBI-PUE015,1.0
627,50400,2024-11-09,JUG-017,PROD-08,UBI-PUE162,1.0
628,50401,2024-11-01,JUG-217,PROD-08,UBI-PUE047,1.0
629,50401,2024-11-01,JUG-217,PROD-02,UBI-PUE047,1.0
630,50402,2026-02-23,JUG-174,PROD-04,UBI-PUE171,1.0
631,50403,2024-06-03,JUG-151,PROD-03,UBI-PUE208,1.0
632,50403,2024-06-03,JUG-151,PROD-02,UBI-PUE208,1.0
633,50404,2026-09-23,JUG-097,PROD-07,UBI-PUE261,1.0
634,50405,2024-04-28,JUG-206,PROD-04,UBI-PUE172,1.0
635,50405,2024-04-28,JUG-206,PROD-08,UBI-PUE172,1.0
636,50406,2026-06-21,JUG-153,PROD-06,UBI-PUE213,1.0
637,50407,2024-11-13,JUG-191,PROD-01,UBI-PUE126,1.0
638,50408,2025-03-13,JUG-179,PROD-02,UBI-PUE180,1.0
639,50409,2025-10-05,JUG-216,PROD-06,UBI-PUE055,1.0
640,50409,2025-10-05,JUG-216,PROD-06,UBI-PUE055,1.0
641,50409,2025-10-05,JUG-216,PROD-08,UBI-PUE055,1.0
642,50410,2024-10-07,JUG-157,PROD-04,UBI-PUE189,0.0
643,50411,2026-06-21,JUG-033,PROD-08,UBI-PUE076,1.0
644,50412,2024-04-12,JUG-206,PROD-07,UBI-PUE028,1.0
645,50413,2024-08-08,JUG-200,PROD-06,UBI-PUE077,1.0
646,50413,2024-08-08,JUG-200,PROD-05,UBI-PUE077,1.0
647,50413,2024-08-08,JUG-200,PROD-06,UBI-PUE077,1.0
648,50414,2024-02-01,JUG-207,PROD-07,UBI-PUE051,2.0
649,50415,2025-04-15,JUG-200,PROD-01,UBI-PUE099,1.0
650,50416,2025-03-22,JUG-196,PROD-04,UBI-PUE235,2.0
651,50417,2025-07-14,JUG-114,PROD-08,UBI-PUE155,0.0
652,50417,2025-07-14,JUG-114,PROD-03,UBI-PUE155,1.0
653,50418,2025-03-11,JUG-026,PROD-01,UBI-PUE160,1.0
654,50419,2025-03-10,JUG-224,PROD-05,UBI-PUE216,3.0
655,50420,2024-02-19,JUG-249,PROD-02,UBI-PUE248,1.0
656,50421,2023-12-24,JUG-192,PROD-07,UBI-PUE111,1.0
657,50422,2025-03-29,JUG-190,PROD-08,UBI-PUE256,1.0
658,50422,2025-03-29,JUG-190,PROD-03,UBI-PUE256,1.0
659,50422,2025-03-29,JUG-190,PROD-08,UBI-PUE256,0.0
660,50423,2025-03-06,JUG-086,PROD-08,UBI-PUE172,1.0
661,50424,2023-04-02,JUG-170,PROD-01,UBI-PUE141,1.0
662,50425,2025-08-29,JUG-138,PROD-07,UBI-PUE084,1.0
663,50426,2025-01-08,JUG-207,PROD-03,UBI-PUE141,1.0
664,50426,2025-01-08,JUG-207,PROD-03,UBI-PUE141,1.0
665,50427,2025-10-31,JUG-166,PROD-04,UBI-PUE227,1.0
666,50428,2025-07-12,JUG-022,PROD-01,UBI-PUE258,1.0
667,50428,2025-07-12,JUG-022,PROD-04,UBI-PUE258,1.0
668,50428,2025-07-12,JUG-022,PROD-02,UBI-PUE258,1.0
669,50429,2026-05-13,JUG-075,PROD-06,UBI-PUE200,1.0
670,50430,2026-08-21,JUG-043,PROD-06,UBI-PUE037,1.0
671,50431,2026-05-24,JUG-221,PROD-05,UBI-PUE203,1.0
672,50432,2026-12-28,JUG-057,PROD-05,UBI-PUE052,2.0
673,50433,2026-04-22,JUG-090,PROD-04,UBI-PUE226,1.0
674,50434,2025-03-24,JUG-032,PROD-04,UBI-PUE156,1.0
675,50434,2025-03-24,JUG-032,PROD-04,UBI-PUE156,1.0
676,50435,2025-01-16,JUG-246,PROD-05,UBI-PUE096,1.0
677,50436,2025-08-06,JUG-031,PROD-03,UBI-PUE081,1.0
678,50436,2025-08-06,JUG-031,PROD-03,UBI-PUE081,1.0
679,50437,2024-11-20,JUG-194,PROD-08,UBI-PUE026,3.0
680,50437,2024-11-20,JUG-194,PROD-05,UBI-PUE026,3.0
681,50438,2026-08-28,JUG-038,PROD-07,UBI-PUE236,3.0
682,50439,2025-12-17,JUG-123,PROD-02,UBI-PUE090,1.0
683,50439,2025-12-17,JUG-123,PROD-04,UBI-PUE090,1.0
684,50440,2024-03-25,JUG-167,PROD-04,UBI-PUE193,1.0
685,50441,2025-02-19,JUG-011,PROD-04,UBI-PUE111,1.0
686,50442,2024-09-22,JUG-154,PROD-08,UBI-PUE120,1.0
687,50443,2025-01-09,JUG-040,PROD-03,UBI-PUE037,1.0
688,50444,2025-08-02,JUG-006,PROD-07,UBI-PUE052,1.0
689,50445,2024-04-04,JUG-215,PROD-02,UBI-PUE132,1.0
690,50445,2024-04-04,JUG-215,PROD-04,UBI-PUE132,1.0
691,50446,2025-08-29,JUG-118,PROD-01,UBI-PUE012,1.0
692,50447,2025-05-28,JUG-092,PROD-05,UBI-PUE190,1.0
693,50447,2025-05-28,JUG-092,PROD-05,UBI-PUE190,1.0
694,50448,2024-02-17,JUG-157,PROD-08,UBI-PUE107,2.0
695,50449,2024-05-22,JUG-148,PROD-07,UBI-PUE086,3.0
696,50449,2024-05-22,JUG-148,PROD-06,UBI-PUE086,1.0
697,50449,2024-05-22,JUG-148,PROD-03,UBI-PUE086,
698,50450,2023-05-28,JUG-159,PROD-04,UBI-PUE235,1.0
699,50451,2026-03-13,JUG-082,PROD-03,UBI-PUE238,2.0
700,50452,2025-07-03,JUG-103,PROD-04,UBI-PUE177,2.0
701,50453,2025-01-22,JUG-154,PROD-06,UBI-PUE162,1.0
702,50453,2025-01-22,JUG-154,PROD-05,UBI-PUE162,1.0
703,50454,2025-02-23,JUG-074,PROD-07,UBI-PUE103,1.0
704,50455,2025-02-05,JUG-224,PROD-03,UBI-PUE203,1.0
705,50455,2025-02-05,JUG-224,PROD-01,UBI-PUE203,3.0
706,50455,2025-02-05,JUG-224,PROD-04,UBI-PUE203,1.0
707,50456,2025-02-18,JUG-121,PROD-07,UBI-PUE162,1.0
708,50457,2023-07-24,JUG-135,PROD-02,UBI-PUE075,1.0
709,50458,2024-09-16,JUG-209,PROD-04,UBI-PUE129,1.0
710,50459,2023-12-20,JUG-034,PROD-06,UBI-PUE038,1.0
711,50460,2024-10-30,JUG-063,PROD-08,UBI-PUE038,1.0
712,50461,2025-08-15,JUG-051,PROD-05,UBI-PUE056,1.0
713,50462,2023-08-17,JUG-069,PROD-06,UBI-PUE144,1.0
714,50463,2025-10-27,JUG-093,PROD-05,UBI-PUE130,1.0
715,50463,2025-10-27,JUG-093,PROD-06,UBI-PUE130,1.0
716,50464,2026-04-30,JUG-021,PROD-08,UBI-PUE069,1.0
717,50465,2025-08-30,JUG-241,PROD-04,UBI-PUE036,2.0
718,50466,2026-07-28,JUG-125,PROD-08,UBI-PUE169,1.0
719,50467,2025-03-29,JUG-224,PROD-07,UBI-PUE074,3.0
720,50468,2026-01-02,JUG-142,PROD-02,UBI-PUE139,1.0
721,50469,2024-07-23,JUG-150,PROD-08,UBI-PUE060,1.0
722,50470,2024-04-30,JUG-132,PROD-07,UBI-PUE129,1.0
723,50471,2026-10-03,JUG-153,PROD-01,UBI-PUE250,1.0
724,50472,2024-06-10,JUG-206,PROD-02,UBI-PUE045,2.0
725,50473,2024-03-13,JUG-106,PROD-07,UBI-PUE085,1.0
726,50474,2023-10-14,JUG-238,PROD-07,UBI-PUE273,1.0
727,50474,2023-10-14,JUG-238,PROD-06,UBI-PUE273,1.0
728,50475,2024-11-09,JUG-053,PROD-03,UBI-PUE114,2.0
729,50476,2024-04-27,JUG-140,PROD-02,UBI-PUE152,1.0
730,50476,2024-04-27,JUG-140,PROD-02,UBI-PUE152,1.0
731,50477,2024-01-19,JUG-035,PROD-03,UBI-PUE182,2.0
732,50478,2025-06-05,JUG-042,PROD-03,UBI-PUE148,3.0
733,50479,2023-06-01,JUG-210,PROD-08,UBI-PUE111,1.0
734,50480,2025-07-24,JUG-038,PROD-01,UBI-PUE069,2.0
735,50481,2024-11-15,JUG-080,PROD-05,UBI-PUE118,1.0
736,50481,2024-11-15,JUG-080,PROD-08,UBI-PUE118,1.0
737,50482,2025-02-13,JUG-136,PROD-07,UBI-PUE262,1.0
738,50483,2024-03-21,JUG-244,PROD-08,UBI-PUE185,1.0
739,50483,2024-03-21,JUG-244,PROD-04,UBI-PUE185,1.0
740,50483,2024-03-21,JUG-244,PROD-06,UBI-PUE185,1.0
741,50484,2025-07-26,JUG-101,PROD-04,UBI-PUE127,1.0
742,50485,2026-04-25,JUG-021,PROD-03,UBI-PUE086,1.0
743,50485,2026-04-25,JUG-021,PROD-01,UBI-PUE086,1.0
744,50486,2025-02-27,JUG-115,PROD-04,UBI-PUE053,1.0
745,50487,2023-11-07,JUG-159,PROD-07,UBI-PUE264,1.0
746,50488,2025-03-30,JUG-062,PROD-05,UBI-PUE024,1.0
747,50489,2024-11-10,JUG-194,PROD-03,UBI-PUE280,1.0
748,50490,2024-12-07,JUG-179,PROD-03,UBI-PUE152,1.0
749,50491,2025-01-04,JUG-060,PROD-04,UBI-PUE206,1.0
750,50492,2026-02-17,JUG-212,PROD-01,UBI-PUE253,3.0
751,50493,2023-04-15,JUG-008,PROD-06,UBI-PUE224,1.0
752,50494,2023-05-05,JUG-197,PROD-08,UBI-PUE172,1.0
753,50495,2025-07-11,JUG-100,PROD-07,UBI-PUE032,1.0
754,50496,2024-02-06,JUG-140,PROD-07,UBI-PUE017,1.0
755,50497,2024-04-29,JUG-064,PROD-04,UBI-PUE174,1.0
756,50498,2023-04-23,JUG-170,PROD-07,UBI-PUE137,3.0
757,50499,2023-10-24,JUG-223,PROD-02,UBI-PUE222,1.0
758,50500,2023-05-28,JUG-119,PROD-02,UBI-PUE117,1.0
759,50501,2023-04-15,JUG-223,PROD-05,UBI-PUE239,1.0
760,50502,2023-07-04,JUG-234,PROD-02,UBI-PUE126,1.0
761,50502,2023-07-04,JUG-234,PROD-04,UBI-PUE126,2.0
762,50503,2026-02-02,JUG-177,PROD-05,UBI-PUE194,1.0
763,50504,2024-04-24,JUG-085,PROD-04,UBI-PUE052,1.0
764,50505,2025-03-27,JUG-061,PROD-04,UBI-PUE228,1.0
765,50506,2024-06-22,JUG-012,PROD-01,UBI-PUE137,1.0
766,50506,2024-06-22,JUG-012,PROD-05,UBI-PUE137,1.0
767,50507,2025-08-29,JUG-052,PROD-01,UBI-PUE126,1.0
768,50508,2026-10-04,JUG-033,PROD-07,UBI-PUE200,1.0
769,50508,2026-10-04,JUG-033,PROD-08,UBI-PUE200,1.0
770,50508,2026-10-04,JUG-033,PROD-04,UBI-PUE200,1.0
771,50509,2025-09-18,JUG-091,PROD-06,UBI-PUE288,1.0
772,50509,2025-09-18,JUG-091,PROD-04,UBI-PUE288,1.0
773,50510,2024-02-22,JUG-053,PROD-08,UBI-PUE119,1.0
774,50511,2026-01-14,JUG-087,PROD-08,UBI-PUE123,1.0
775,50511,2026-01-14,JUG-087,PROD-02,UBI-PUE123,1.0
776,50512,2025-10-28,JUG-102,PROD-01,UBI-PUE058,1.0
777,50512,2025-10-28,JUG-102,PROD-07,UBI-PUE058,1.0
778,50513,2025-11-01,JUG-221,PROD-06,UBI-PUE067,1.0
779,50513,2025-11-01,JUG-221,PROD-07,UBI-PUE067,1.0
780,50514,2024-01-28,JUG-198,PROD-04,UBI-PUE214,1.0
781,50515,2026-02-19,JUG-007,PROD-05,UBI-PUE195,2.0
782,50515,2026-02-19,JUG-007,PROD-01,UBI-PUE195,1.0
783,50516,2024-06-25,JUG-244,PROD-06,UBI-PUE184,1.0
784,50517,2024-03-16,JUG-104,PROD-02,UBI-PUE003,3.0
785,50518,2024-04-17,JUG-028,PROD-06,UBI-PUE054,2.0
786,50518,2024-04-17,JUG-028,PROD-04,UBI-PUE054,1.0
787,50519,2026-03-24,JUG-100,PROD-05,UBI-PUE027,1.0
788,50520,2026-03-25,JUG-139,PROD-03,UBI-PUE128,1.0
789,50520,2026-03-25,JUG-139,PROD-04,UBI-PUE128,1.0
790,50521,2025-03-04,JUG-015,PROD-01,UBI-PUE163,1.0
791,50521,2025-03-04,JUG-015,PROD-05,UBI-PUE163,2.0
792,50522,2024-04-03,JUG-059,PROD-08,UBI-PUE153,1.0
793,50522,2024-04-03,JUG-059,PROD-05,UBI-PUE153,2.0
794,50523,2025-10-24,JUG-146,PROD-07,UBI-PUE012,1.0
795,50524,2026-01-26,JUG-086,PROD-06,UBI-PUE048,1.0
796,50525,2025-05-17,JUG-041,PROD-03,UBI-PUE021,1.0
797,50526,2025-01-13,JUG-098,PROD-05,UBI-PUE081,1.0
798,50526,2025-01-13,JUG-098,PROD-05,UBI-PUE081,2.0
799,50526,2025-01-13,JUG-098,PROD-07,UBI-PUE081,2.0
800,50527,2025-06-12,JUG-083,PROD-02,UBI-PUE233,1.0
801,50527,2025-06-12,JUG-083,PROD-02,UBI-PUE233,1.0
802,50528,2024-02-26,JUG-128,PROD-03,UBI-PUE101,1.0
803,50528,2024-02-26,JUG-128,PROD-04,UBI-PUE101,1.0
804,50529,2025-07-25,JUG-142,PROD-07,UBI-PUE204,2.0
805,50530,2025-09-14,JUG-089,PROD-04,UBI-PUE042,1.0
806,50530,2025-09-14,JUG-089,PROD-04,UBI-PUE042,1.0
807,50530,2025-09-14,JUG-089,PROD-03,UBI-PUE042,1.0
808,50531,2024-06-09,JUG-236,PROD-05,UBI-PUE150,1.0
809,50532,2026-03-08,JUG-004,PROD-07,UBI-PUE260,1.0
810,50532,2026-03-08,JUG-004,PROD-07,UBI-PUE260,1.0
811,50532,2026-03-08,JUG-004,PROD-04,UBI-PUE260,1.0
812,50533,2024-09-06,JUG-182,PROD-06,UBI-PUE160,1.0
813,50533,2024-09-06,JUG-182,PROD-02,UBI-PUE160,0.0
814,50533,2024-09-06,JUG-182,PROD-04,UBI-PUE160,1.0
815,50534,2024-02-08,JUG-237,PROD-05,UBI-PUE248,1.0
816,50535,2024-10-25,JUG-222,PROD-06,UBI-PUE216,1.0
817,50536,2025-09-01,JUG-052,PROD-01,UBI-PUE217,1.0
818,50537,2023-06-14,JUG-192,PROD-01,UBI-PUE087,1.0
819,50538,2023-05-04,JUG-247,PROD-03,UBI-PUE140,1.0
820,50539,2024-05-06,JUG-206,PROD-03,UBI-PUE282,3.0
821,50539,2024-05-06,JUG-206,PROD-04,UBI-PUE282,2.0
822,50539,2024-05-06,JUG-206,PROD-08,UBI-PUE282,1.0
823,50540,2024-06-23,JUG-192,PROD-08,UBI-PUE147,1.0
824,50541,2025-07-07,JUG-154,PROD-07,UBI-PUE056,1.0
825,50542,2025-03-28,JUG-244,PROD-04,UBI-PUE255,2.0
826,50543,2023-09-18,JUG-215,PROD-07,UBI-PUE204,2.0
827,50543,2023-09-18,JUG-215,PROD-03,UBI-PUE204,1.0
828,50543,2023-09-18,JUG-215,PROD-06,UBI-PUE204,1.0
829,50544,2026-03-10,JUG-029,PROD-04,UBI-PUE162,1.0
830,50544,2026-03-10,JUG-029,PROD-06,UBI-PUE162,1.0
831,50545,2025-10-08,JUG-233,PROD-07,UBI-PUE121,2.0
832,50545,2025-10-08,JUG-233,PROD-01,UBI-PUE121,1.0
833,50546,2025-05-01,JUG-138,PROD-01,UBI-PUE059,1.0
834,50547,2025-03-30,JUG-046,PROD-08,UBI-PUE126,2.0
835,50548,2024-11-04,JUG-035,PROD-02,UBI-PUE093,1.0
836,50548,2024-11-04,JUG-035,PROD-05,UBI-PUE093,1.0
837,50548,2024-11-04,JUG-035,PROD-04,UBI-PUE093,1.0
838,50549,2024-05-10,JUG-048,PROD-07,UBI-PUE151,1.0
839,50550,2026-03-29,JUG-224,PROD-06,UBI-PUE118,1.0
840,50551,2025-11-01,JUG-125,PROD-03,UBI-PUE014,1.0
841,50552,2023-07-25,JUG-140,PROD-01,UBI-PUE062,1.0
842,50552,2023-07-25,JUG-140,PROD-06,UBI-PUE062,1.0
843,50553,2024-10-27,JUG-067,PROD-01,UBI-PUE068,1.0
844,50554,2026-01-01,JUG-112,PROD-06,UBI-PUE208,1.0
845,50555,2024-02-18,JUG-161,PROD-05,UBI-PUE028,1.0
846,50556,2024-08-01,JUG-032,PROD-02,UBI-PUE236,1.0
847,50557,2024-07-03,JUG-042,PROD-04,UBI-PUE279,1.0
848,50557,2024-07-03,JUG-042,PROD-07,UBI-PUE279,1.0
849,50558,2024-08-13,JUG-207,PROD-03,UBI-PUE232,1.0
850,50559,2024-12-31,JUG-064,PROD-04,UBI-PUE024,1.0
851,50560,2023-06-01,JUG-027,PROD-03,UBI-PUE083,1.0
852,50561,2024-05-29,JUG-235,PROD-02,UBI-PUE124,1.0
853,50562,2023-10-20,JUG-248,PROD-05,UBI-PUE236,1.0
854,50563,2026-06-16,JUG-142,PROD-06,UBI-PUE162,1.0
855,50564,2024-08-13,JUG-092,PROD-07,UBI-PUE006,1.0
856,50565,2025-11-02,JUG-221,PROD-08,UBI-PUE159,1.0
857,50565,2025-11-02,JUG-221,PROD-01,UBI-PUE159,2.0
858,50566,2025-08-01,JUG-092,PROD-01,UBI-PUE175,1.0
859,50567,2024-04-27,JUG-081,PROD-01,UBI-PUE079,2.0
860,50568,2025-09-26,JUG-095,PROD-06,UBI-PUE133,2.0
861,50569,2025-10-22,JUG-057,PROD-02,UBI-PUE029,2.0
862,50570,2024-01-12,JUG-027,PROD-01,UBI-PUE270,1.0
863,50570,2024-01-12,JUG-027,PROD-01,UBI-PUE270,1.0
864,50570,2024-01-12,JUG-027,PROD-07,UBI-PUE270,1.0
865,50571,2025-02-06,JUG-163,PROD-02,UBI-PUE026,1.0
866,50572,2025-09-15,JUG-071,PROD-08,UBI-PUE126,1.0
867,50573,2024-02-03,JUG-167,PROD-08,UBI-PUE190,1.0
868,50574,2023-12-29,JUG-067,PROD-08,UBI-PUE261,1.0
869,50575,2024-03-05,JUG-040,PROD-07,UBI-PUE010,1.0
870,50576,2025-10-18,JUG-195,PROD-07,UBI-PUE213,3.0
871,50577,2023-10-06,JUG-176,PROD-06,UBI-PUE007,1.0
872,50578,2025-07-27,JUG-018,PROD-08,UBI-PUE002,2.0
873,50579,2024-05-26,JUG-053,PROD-02,UBI-PUE172,1.0
874,50580,2024-06-13,JUG-062,PROD-07,UBI-PUE119,1.0
875,50581,2026-04-14,JUG-038,PROD-05,UBI-PUE232,1.0
876,50582,2023-07-25,JUG-106,PROD-08,UBI-PUE082,1.0
877,50582,2023-07-25,JUG-106,PROD-06,UBI-PUE082,3.0
878,50583,2024-06-26,JUG-002,PROD-06,UBI-PUE142,1.0
879,50584,2023-11-25,JUG-207,PROD-06,UBI-PUE220,
880,50584,2023-11-25,JUG-207,PROD-01,UBI-PUE220,3.0
881,50585,2023-12-13,JUG-150,PROD-07,UBI-PUE020,2.0
882,50586,2024-08-08,JUG-088,PROD-08,UBI-PUE251,2.0
883,50587,2024-06-04,JUG-106,PROD-08,UBI-PUE002,1.0
884,50587,2024-06-04,JUG-106,PROD-02,UBI-PUE002,1.0
885,50587,2024-06-04,JUG-106,PROD-04,UBI-PUE002,1.0
886,50588,2025-08-30,JUG-073,PROD-05,UBI-PUE180,1.0
887,50588,2025-08-30,JUG-073,PROD-08,UBI-PUE180,1.0
888,50589,2025-06-15,JUG-114,PROD-01,UBI-PUE270,2.0
889,50590,2026-06-05,JUG-216,PROD-01,UBI-PUE098,1.0
890,50591,2023-10-14,JUG-128,PROD-05,UBI-PUE051,1.0
891,50592,2024-03-15,JUG-126,PROD-06,UBI-PUE026,1.0
892,50593,2024-06-14,JUG-059,PROD-06,UBI-PUE228,1.0
893,50593,2024-06-14,JUG-059,PROD-05,UBI-PUE228,1.0
894,50594,2026-08-03,JUG-147,PROD-06,UBI-PUE257,1.0
895,50595,2025-02-27,JUG-171,PROD-02,UBI-PUE083,1.0
896,50595,2025-02-27,JUG-171,PROD-06,UBI-PUE083,1.0
897,50596,2024-12-14,JUG-217,PROD-03,UBI-PUE051,1.0
898,50597,2026-07-04,JUG-014,PROD-02,UBI-PUE285,2.0
899,50598,2024-08-04,JUG-235,PROD-05,UBI-PUE026,2.0
900,50598,2024-08-04,JUG-235,PROD-01,UBI-PUE026,2.0
901,50598,2024-08-04,JUG-235,PROD-01,UBI-PUE026,1.0
902,50599,2023-11-12,JUG-039,PROD-08,UBI-PUE227,2.0
903,50600,2026-02-23,JUG-118,PROD-07,UBI-PUE102,3.0
904,50600,2026-02-23,JUG-118,PROD-02,UBI-PUE102,1.0
905,50601,2024-01-12,JUG-039,PROD-02,UBI-PUE171,2.0
906,50602,2025-04-11,JUG-036,PROD-01,UBI-PUE185,1.0
907,50603,2024-07-26,JUG-154,PROD-06,UBI-PUE080,2.0
908,50604,2025-03-03,JUG-065,PROD-06,UBI-PUE055,1.0
909,50605,2025-03-26,JUG-076,PROD-06,UBI-PUE204,1.0
910,50606,2026-11-18,JUG-013,PROD-03,UBI-PUE193,1.0
911,50606,2026-11-18,JUG-013,PROD-03,UBI-PUE193,1.0
912,50607,2023-03-31,JUG-238,PROD-07,UBI-PUE099,2.0
913,50608,2024-07-14,JUG-239,PROD-08,UBI-PUE275,2.0
914,50609,2024-06-05,JUG-222,PROD-02,UBI-PUE091,1.0
915,50610,2025-10-20,JUG-193,PROD-01,UBI-PUE249,3.0
916,50610,2025-10-20,JUG-193,PROD-02,UBI-PUE249,1.0
917,50611,2026-02-11,JUG-056,PROD-05,UBI-PUE067,1.0
918,50612,2025-08-30,JUG-171,PROD-03,UBI-PUE220,1.0
919,50612,2025-08-30,JUG-171,PROD-07,UBI-PUE220,1.0
920,50613,2026-04-09,JUG-211,PROD-08,UBI-PUE284,1.0
921,50614,2025-01-01,JUG-054,PROD-06,UBI-PUE119,1.0
922,50615,2023-07-02,JUG-203,PROD-05,UBI-PUE072,1.0
923,50616,2023-04-10,JUG-232,PROD-04,UBI-PUE198,1.0
924,50617,2025-09-10,JUG-047,PROD-01,UBI-PUE231,1.0
925,50618,2026-05-10,JUG-052,PROD-02,UBI-PUE269,2.0
926,50619,2024-02-26,JUG-074,PROD-06,UBI-PUE248,1.0
927,50620,2024-07-15,JUG-025,PROD-08,UBI-PUE248,1.0
928,50620,2024-07-15,JUG-025,PROD-05,UBI-PUE248,1.0
929,50621,2024-08-09,JUG-215,PROD-06,UBI-PUE062,1.0
930,50622,2025-02-09,JUG-109,PROD-08,UBI-PUE116,1.0
931,50622,2025-02-09,JUG-109,PROD-08,UBI-PUE116,1.0
932,50623,2024-10-09,JUG-018,PROD-05,UBI-PUE181,1.0
933,50623,2024-10-09,JUG-018,PROD-02,UBI-PUE181,2.0
934,50624,2025-07-05,JUG-133,PROD-04,UBI-PUE285,1.0
935,50625,2025-07-14,JUG-062,PROD-03,UBI-PUE008,1.0
936,50626,2025-11-08,JUG-125,PROD-04,UBI-PUE230,1.0
937,50626,2025-11-08,JUG-125,PROD-05,UBI-PUE230,1.0
938,50626,2025-11-08,JUG-125,PROD-07,UBI-PUE230,1.0
939,50627,2024-10-24,JUG-011,PROD-02,UBI-PUE095,3.0
940,50628,2024-04-07,JUG-181,PROD-01,UBI-PUE012,3.0
941,50628,2024-04-07,JUG-181,PROD-04,UBI-PUE012,1.0
942,50629,2025-09-11,JUG-185,PROD-07,UBI-PUE263,1.0
943,50629,2025-09-11,JUG-185,PROD-06,UBI-PUE263,1.0
944,50630,2023-06-14,JUG-202,PROD-05,UBI-PUE113,1.0
945,50631,2025-07-09,JUG-211,PROD-01,UBI-PUE127,2.0
946,50631,2025-07-09,JUG-211,PROD-08,UBI-PUE127,1.0
947,50632,2026-11-28,JUG-004,PROD-02,UBI-PUE069,1.0
948,50632,2026-11-28,JUG-004,PROD-05,UBI-PUE069,2.0
949,50632,2026-11-28,JUG-004,PROD-02,UBI-PUE069,1.0
950,50633,2024-02-22,JUG-119,PROD-03,UBI-PUE005,1.0
951,50633,2024-02-22,JUG-119,PROD-05,UBI-PUE005,1.0
952,50633,2024-02-22,JUG-119,PROD-08,UBI-PUE005,3.0
953,50634,2025-05-28,JUG-124,PROD-03,UBI-PUE183,1.0
954,50635,2024-05-27,JUG-067,PROD-03,UBI-PUE275,1.0
955,50636,2026-05-03,JUG-177,PROD-01,UBI-PUE089,1.0
956,50637,2025-07-27,JUG-007,PROD-02,UBI-PUE047,1.0
957,50638,2024-09-20,JUG-003,PROD-02,UBI-PUE214,1.0
958,50639,2024-01-15,JUG-181,PROD-07,UBI-PUE137,1.0
959,50640,2024-03-23,JUG-137,PROD-05,UBI-PUE159,1.0
960,50641,2023-09-27,JUG-218,PROD-04,UBI-PUE238,1.0
961,50642,2026-03-30,JUG-116,PROD-01,UBI-PUE110,1.0
962,50643,2024-09-15,JUG-110,PROD-05,UBI-PUE091,2.0
963,50644,2025-06-09,JUG-131,PROD-08,UBI-PUE054,1.0
964,50645,2025-04-12,JUG-121,PROD-06,UBI-PUE097,1.0
965,50645,2025-04-12,JUG-121,PROD-06,UBI-PUE097,1.0
966,50645,2025-04-12,JUG-121,PROD-05,UBI-PUE097,1.0
967,50646,2025-12-08,JUG-026,PROD-05,UBI-PUE168,1.0
968,50647,2024-12-04,JUG-198,PROD-01,UBI-PUE021,1.0
969,50648,2024-09-10,JUG-015,PROD-04,UBI-PUE199,1.0
970,50649,2024-08-13,JUG-130,PROD-04,UBI-PUE222,1.0
971,50649,2024-08-13,JUG-130,PROD-01,UBI-PUE222,1.0
972,50649,2024-08-13,JUG-130,PROD-07,UBI-PUE222,1.0
973,50650,2024-10-30,JUG-218,PROD-08,UBI-PUE122,2.0
974,50650,2024-10-30,JUG-218,PROD-08,UBI-PUE122,1.0
975,50651,2025-10-26,JUG-013,PROD-04,UBI-PUE094,1.0
976,50651,2025-10-26,JUG-013,PROD-07,UBI-PUE094,1.0
977,50652,2026-08-20,JUG-195,PROD-03,UBI-PUE252,1.0
978,50653,2025-03-11,JUG-208,PROD-07,UBI-PUE226,1.0
979,50653,2025-03-11,JUG-208,PROD-02,UBI-PUE226,3.0
980,50653,2025-03-11,JUG-208,PROD-01,UBI-PUE226,1.0
981,50654,2025-02-03,JUG-113,PROD-02,UBI-PUE262,1.0
982,50654,2025-02-03,JUG-113,PROD-03,UBI-PUE262,1.0
983,50655,2026-02-16,JUG-013,PROD-04,UBI-PUE156,1.0
984,50656,2023-07-27,JUG-072,PROD-07,UBI-PUE013,1.0
985,50657,2025-10-30,JUG-096,PROD-07,UBI-PUE166,1.0
986,50658,2024-05-12,JUG-104,PROD-06,UBI-PUE263,1.0
987,50659,2024-03-01,JUG-186,PROD-02,UBI-PUE151,1.0
988,50660,2025-06-05,JUG-045,PROD-04,UBI-PUE208,1.0
989,50661,2024-02-18,JUG-225,PROD-01,UBI-PUE145,2.0
990,50661,2024-02-18,JUG-225,PROD-03,UBI-PUE145,1.0
991,50662,2025-06-14,JUG-190,PROD-07,UBI-PUE174,1.0
992,50663,2026-04-25,JUG-241,PROD-01,UBI-PUE051,3.0
993,50664,2023-10-20,JUG-170,PROD-02,UBI-PUE235,1.0
994,50664,2023-10-20,JUG-170,PROD-07,UBI-PUE235,3.0
995,50665,2026-06-11,JUG-142,PROD-03,UBI-PUE137,2.0
996,50666,2024-05-24,JUG-197,PROD-05,UBI-PUE196,1.0
997,50666,2024-05-24,JUG-197,PROD-07,UBI-PUE196,2.0
998,50667,2025-01-23,JUG-098,PROD-02,UBI-PUE234,2.0
999,50667,2025-01-23,JUG-098,PROD-03,UBI-PUE234,1.0
1000,50667,2025-01-23,JUG-098,PROD-08,UBI-PUE234,2.0
1001,50668,2024-08-22,JUG-213,PROD-06,UBI-PUE100,1.0
1002,50669,2025-04-17,JUG-219,PROD-01,UBI-PUE010,1.0
1003,50669,2025-04-17,JUG-219,PROD-01,UBI-PUE010,1.0
1004,50670,2025-06-29,JUG-037,PROD-05,UBI-PUE228,1.0
1005,50671,2026-06-20,JUG-139,PROD-08,UBI-PUE031,1.0
1006,50672,2024-07-16,JUG-209,PROD-07,UBI-PUE027,2.0
1007,50673,2025-09-02,JUG-014,PROD-08,UBI-PUE188,3.0
1008,50673,2025-09-02,JUG-014,PROD-03,UBI-PUE188,1.0
1009,50674,2024-11-05,JUG-074,PROD-05,UBI-PUE173,1.0
1010,50675,2025-11-29,JUG-204,PROD-04,UBI-PUE154,1.0
1011,50676,2023-11-30,JUG-218,PROD-04,UBI-PUE204,1.0
1012,50676,2023-11-30,JUG-218,PROD-01,UBI-PUE204,1.0
1013,50677,2026-04-28,JUG-093,PROD-03,UBI-PUE013,1.0
1014,50678,2025-03-01,JUG-190,PROD-07,UBI-PUE124,1.0
1015,50679,2023-09-05,JUG-159,PROD-05,UBI-PUE244,1.0
1016,50679,2023-09-05,JUG-159,PROD-08,UBI-PUE244,2.0
1017,50680,2026-02-16,JUG-153,PROD-03,UBI-PUE118,1.0
1018,50680,2026-02-16,JUG-153,PROD-07,UBI-PUE118,1.0
1019,50681,2024-10-01,JUG-144,PROD-04,UBI-PUE181,1.0
1020,50682,2024-06-12,JUG-104,PROD-02,UBI-PUE035,
1021,50683,2024-09-22,JUG-157,PROD-02,UBI-PUE226,2.0
1022,50684,2024-11-03,JUG-226,PROD-06,UBI-PUE004,1.0
1023,50685,2025-02-14,JUG-076,PROD-02,UBI-PUE094,1.0
1024,50685,2025-02-14,JUG-076,PROD-06,UBI-PUE094,2.0
1025,50686,2023-10-24,JUG-151,PROD-08,UBI-PUE156,1.0
1026,50687,2026-11-27,JUG-175,PROD-01,UBI-PUE091,1.0
1027,50688,2024-03-20,JUG-222,PROD-01,UBI-PUE104,3.0
1028,50688,2024-03-20,JUG-222,PROD-06,UBI-PUE104,1.0
1029,50689,2024-01-09,JUG-134,PROD-03,UBI-PUE196,1.0
1030,50689,2024-01-09,JUG-134,PROD-05,UBI-PUE196,1.0
1031,50690,2023-12-28,JUG-099,PROD-05,UBI-PUE248,1.0
1032,50691,2024-09-30,JUG-230,PROD-03,UBI-PUE066,2.0
1033,50692,2023-07-10,JUG-237,PROD-04,UBI-PUE113,1.0
1034,50693,2026-02-28,JUG-175,PROD-08,UBI-PUE246,1.0
1035,50694,2025-05-20,JUG-138,PROD-01,UBI-PUE040,1.0
1036,50694,2025-05-20,JUG-138,PROD-07,UBI-PUE040,1.0
1037,50695,2024-07-12,JUG-242,PROD-08,UBI-PUE154,1.0
1038,50696,2023-11-22,JUG-217,PROD-07,UBI-PUE247,1.0
1039,50697,2023-10-04,JUG-189,PROD-05,UBI-PUE218,1.0
1040,50697,2023-10-04,JUG-189,PROD-06,UBI-PUE218,1.0
1041,50698,2025-05-27,JUG-095,PROD-04,UBI-PUE008,1.0
1042,50699,2024-11-24,JUG-018,PROD-01,UBI-PUE177,1.0
1043,50700,2025-12-03,JUG-047,PROD-01,UBI-PUE151,
1044,50701,2023-12-14,JUG-215,PROD-01,UBI-PUE016,1.0
1045,50701,2023-12-14,JUG-215,PROD-06,UBI-PUE016,1.0
1046,50702,2023-11-06,JUG-025,PROD-01,UBI-PUE059,1.0
1047,50703,2025-07-27,JUG-061,PROD-01,UBI-PUE067,1.0
1048,50704,2024-05-14,JUG-106,PROD-03,UBI-PUE279,2.0
1049,50705,2024-10-31,JUG-173,PROD-06,UBI-PUE036,1.0
1050,50706,2024-10-12,JUG-080,PROD-06,UBI-PUE215,1.0
1051,50707,2023-03-17,JUG-189,PROD-08,UBI-PUE047,1.0
1052,50708,2026-12-24,JUG-087,PROD-02,UBI-PUE123,1.0
1053,50709,2025-09-28,JUG-058,PROD-08,UBI-PUE178,3.0
1054,50710,2024-03-23,JUG-107,PROD-02,UBI-PUE224,1.0
1055,50711,2024-04-01,JUG-203,PROD-03,UBI-PUE143,1.0
1056,50711,2024-04-01,JUG-203,PROD-04,UBI-PUE143,1.0
1057,50712,2025-07-03,JUG-156,PROD-07,UBI-PUE155,1.0
1058,50712,2025-07-03,JUG-156,PROD-07,UBI-PUE155,3.0
1059,50713,2025-09-20,JUG-231,PROD-07,UBI-PUE001,1.0
1060,50713,2025-09-20,JUG-231,PROD-04,UBI-PUE001,2.0
1061,50713,2025-09-20,JUG-231,PROD-01,UBI-PUE001,1.0
1062,50714,2025-08-04,JUG-168,PROD-01,UBI-PUE067,3.0
1063,50714,2025-08-04,JUG-168,PROD-08,UBI-PUE067,3.0
1064,50715,2024-10-28,JUG-044,PROD-04,UBI-PUE221,1.0
1065,50715,2024-10-28,JUG-044,PROD-07,UBI-PUE221,1.0
1066,50716,2025-09-19,JUG-145,PROD-05,UBI-PUE287,1.0
1067,50717,2025-12-28,JUG-013,PROD-07,UBI-PUE013,1.0
1068,50718,2026-09-16,JUG-174,PROD-05,UBI-PUE080,1.0
1069,50718,2026-09-16,JUG-174,PROD-05,UBI-PUE080,1.0
1070,50719,2026-04-15,JUG-021,PROD-05,UBI-PUE148,1.0
1071,50719,2026-04-15,JUG-021,PROD-08,UBI-PUE148,2.0
1072,50720,2025-08-23,JUG-041,PROD-03,UBI-PUE195,1.0
1073,50720,2025-08-23,JUG-041,PROD-06,UBI-PUE195,1.0
1074,50721,2025-12-10,JUG-071,PROD-06,UBI-PUE143,1.0
1075,50721,2025-12-10,JUG-071,PROD-08,UBI-PUE143,2.0
1076,50722,2026-02-15,JUG-033,PROD-03,UBI-PUE182,1.0
1077,50722,2026-02-15,JUG-033,PROD-08,UBI-PUE182,1.0
1078,50723,2024-09-17,JUG-150,PROD-04,UBI-PUE116,3.0
1079,50724,2025-04-19,JUG-041,PROD-05,UBI-PUE185,1.0
1080,50725,2025-05-19,JUG-118,PROD-05,UBI-PUE223,2.0
1081,50725,2025-05-19,JUG-118,PROD-05,UBI-PUE223,1.0
1082,50725,2025-05-19,JUG-118,PROD-01,UBI-PUE223,1.0
1083,50726,2025-12-20,JUG-142,PROD-03,UBI-PUE287,1.0
1084,50726,2025-12-20,JUG-142,PROD-08,UBI-PUE287,1.0
1085,50726,2025-12-20,JUG-142,PROD-06,UBI-PUE287,1.0
1086,50727,2026-07-25,JUG-131,PROD-03,UBI-PUE034,1.0
1087,50728,2025-02-11,JUG-206,PROD-03,UBI-PUE017,3.0
1088,50729,2024-10-21,JUG-171,PROD-03,UBI-PUE215,1.0
1089,50730,2025-03-02,JUG-029,PROD-08,UBI-PUE112,1.0
1090,50731,2024-12-24,JUG-126,PROD-03,UBI-PUE185,0.0
1091,50732,2024-04-30,JUG-001,PROD-02,UBI-PUE105,2.0
1092,50732,2024-04-30,JUG-001,PROD-01,UBI-PUE105,1.0
1093,50732,2024-04-30,JUG-001,PROD-04,UBI-PUE105,2.0
1094,50733,2025-10-30,JUG-241,PROD-01,UBI-PUE163,1.0
1095,50733,2025-10-30,JUG-241,PROD-01,UBI-PUE163,2.0
1096,50734,2025-07-14,JUG-196,PROD-01,UBI-PUE082,1.0
1097,50735,2024-10-24,JUG-163,PROD-03,UBI-PUE002,1.0
1098,50736,2023-12-15,JUG-034,PROD-03,UBI-PUE080,1.0
1099,50736,2023-12-15,JUG-034,PROD-06,UBI-PUE080,1.0
1100,50736,2023-12-15,JUG-034,PROD-06,UBI-PUE080,2.0
1101,50737,2025-08-20,JUG-205,PROD-08,UBI-PUE112,2.0
1102,50738,2025-07-12,JUG-058,PROD-02,UBI-PUE010,1.0
1103,50739,2026-06-24,JUG-185,PROD-05,UBI-PUE179,2.0
1104,50739,2026-06-24,JUG-185,PROD-04,UBI-PUE179,1.0
1105,50739,2026-06-24,JUG-185,PROD-08,UBI-PUE179,1.0
1106,50740,2024-08-19,JUG-226,PROD-03,UBI-PUE041,1.0
1107,50740,2024-08-19,JUG-226,PROD-02,UBI-PUE041,1.0
1108,50741,2025-11-08,JUG-049,PROD-01,UBI-PUE288,1.0
1109,50742,2025-10-19,JUG-120,PROD-06,UBI-PUE082,1.0
1110,50743,2024-01-08,JUG-234,PROD-02,UBI-PUE079,1.0
1111,50744,2025-09-24,JUG-205,PROD-04,UBI-PUE090,1.0
1112,50745,2024-01-24,JUG-074,PROD-06,UBI-PUE124,1.0
1113,50745,2024-01-24,JUG-074,PROD-05,UBI-PUE124,
1114,50746,2024-09-26,JUG-230,PROD-03,UBI-PUE221,1.0
1115,50747,2023-10-23,JUG-094,PROD-06,UBI-PUE087,1.0
1116,50748,2025-09-20,JUG-211,PROD-08,UBI-PUE203,2.0
1117,50749,2024-12-17,JUG-228,PROD-01,UBI-PUE209,1.0
1118,50750,2026-09-30,JUG-057,PROD-07,UBI-PUE212,1.0
1119,50750,2026-09-30,JUG-057,PROD-06,UBI-PUE212,2.0
1120,50751,2024-08-04,JUG-181,PROD-03,UBI-PUE248,1.0
1121,50751,2024-08-04,JUG-181,PROD-06,UBI-PUE248,1.0
1122,50752,2026-01-17,JUG-131,PROD-03,UBI-PUE264,1.0
1123,50753,2024-03-04,JUG-024,PROD-07,UBI-PUE107,1.0
1124,50753,2024-03-04,JUG-024,PROD-02,UBI-PUE107,2.0
1125,50754,2023-11-03,JUG-225,PROD-02,UBI-PUE247,1.0
1126,50754,2023-11-03,JUG-225,PROD-07,UBI-PUE247,3.0
1127,50755,2023-12-16,JUG-080,PROD-02,UBI-PUE047,1.0
1128,50756,2025-02-13,JUG-060,PROD-08,UBI-PUE149,0.0
1129,50757,2023-10-28,JUG-173,PROD-06,UBI-PUE067,1.0
1130,50758,2026-01-13,JUG-172,PROD-08,UBI-PUE050,1.0
1131,50759,2025-06-03,JUG-041,PROD-01,UBI-PUE119,3.0
1132,50760,2024-10-16,JUG-108,PROD-07,UBI-PUE058,1.0
1133,50761,2026-03-17,JUG-082,PROD-08,UBI-PUE053,1.0
1134,50762,2024-05-04,JUG-081,PROD-02,UBI-PUE032,1.0
1135,50763,2024-08-16,JUG-080,PROD-01,UBI-PUE240,1.0
1136,50764,2024-07-26,JUG-138,PROD-02,UBI-PUE091,1.0
1137,50765,2023-07-14,JUG-197,PROD-05,UBI-PUE141,1.0
1138,50766,2026-07-03,JUG-153,PROD-01,UBI-PUE043,1.0
1139,50767,2024-08-10,JUG-098,PROD-03,UBI-PUE154,1.0
1140,50768,2023-10-01,JUG-104,PROD-05,UBI-PUE201,1.0
1141,50768,2023-10-01,JUG-104,PROD-04,UBI-PUE201,2.0
1142,50769,2026-09-28,JUG-055,PROD-01,UBI-PUE056,1.0
1143,50770,2023-05-01,JUG-069,PROD-08,UBI-PUE005,1.0
1144,50771,2023-07-29,JUG-189,PROD-03,UBI-PUE286,1.0
1145,50772,2024-08-28,JUG-143,PROD-07,UBI-PUE152,2.0
1146,50773,2024-09-21,JUG-151,PROD-04,UBI-PUE215,2.0
1147,50774,2025-08-01,JUG-196,PROD-02,UBI-PUE058,3.0
1148,50775,2025-05-06,JUG-154,PROD-07,UBI-PUE116,2.0
1149,50776,2025-05-14,JUG-178,PROD-04,UBI-PUE267,2.0
1150,50776,2025-05-14,JUG-178,PROD-07,UBI-PUE267,1.0
1151,50777,2023-11-19,JUG-080,PROD-06,UBI-PUE225,1.0
1152,50777,2023-11-19,JUG-080,PROD-01,UBI-PUE225,1.0
1153,50778,2025-05-25,JUG-023,PROD-02,UBI-PUE115,1.0
1154,50779,2026-09-02,JUG-123,PROD-04,UBI-PUE090,1.0
1155,50780,2025-06-05,JUG-036,PROD-08,UBI-PUE002,1.0
1156,50781,2024-11-13,JUG-130,PROD-07,UBI-PUE174,1.0
1157,50782,2026-01-15,JUG-196,PROD-06,UBI-PUE224,1.0
1158,50783,2026-07-12,JUG-091,PROD-05,UBI-PUE121,1.0
1159,50784,2023-06-11,JUG-140,PROD-06,UBI-PUE147,1.0
1160,50785,2024-03-10,JUG-157,PROD-07,UBI-PUE006,2.0
1161,50786,2024-01-27,JUG-053,PROD-05,UBI-PUE251,1.0
1162,50786,2024-01-27,JUG-053,PROD-05,UBI-PUE251,2.0
1163,50787,2025-10-24,JUG-116,PROD-03,UBI-PUE153,2.0
1164,50787,2025-10-24,JUG-116,PROD-02,UBI-PUE153,1.0
1165,50787,2025-10-24,JUG-116,PROD-04,UBI-PUE153,1.0
1166,50788,2025-12-25,JUG-078,PROD-06,UBI-PUE075,1.0
1167,50788,2025-12-25,JUG-078,PROD-08,UBI-PUE075,1.0
1168,50788,2025-12-25,JUG-078,PROD-08,UBI-PUE075,1.0
1169,50789,2026-01-14,JUG-030,PROD-08,UBI-PUE012,3.0
1170,50790,2025-05-22,JUG-156,PROD-03,UBI-PUE098,1.0
1171,50791,2026-07-22,JUG-043,PROD-03,UBI-PUE228,2.0
1172,50792,2023-12-21,JUG-053,PROD-05,UBI-PUE100,
1173,50792,2023-12-21,JUG-053,PROD-06,UBI-PUE100,1.0
1174,50793,2025-07-27,JUG-182,PROD-01,UBI-PUE140,1.0
1175,50794,2024-02-03,JUG-187,PROD-06,UBI-PUE039,1.0
1176,50795,2023-08-08,JUG-170,PROD-08,UBI-PUE233,2.0
1177,50796,2023-12-22,JUG-126,PROD-03,UBI-PUE088,1.0
1178,50796,2023-12-22,JUG-126,PROD-06,UBI-PUE088,3.0
1179,50797,2025-07-21,JUG-163,PROD-07,UBI-PUE130,1.0
1180,50798,2024-12-11,JUG-219,PROD-08,UBI-PUE223,1.0
1181,50799,2025-12-24,JUG-029,PROD-06,UBI-PUE030,1.0
1182,50799,2025-12-24,JUG-029,PROD-01,UBI-PUE030,2.0
1183,50799,2025-12-24,JUG-029,PROD-05,UBI-PUE030,1.0
1184,50800,2024-06-21,JUG-015,PROD-06,UBI-PUE174,1.0
1185,50801,2025-11-17,JUG-162,PROD-06,UBI-PUE110,1.0
1186,50801,2025-11-17,JUG-162,PROD-01,UBI-PUE110,1.0
1187,50802,2023-12-25,JUG-218,PROD-05,UBI-PUE262,1.0
1188,50803,2024-07-30,JUG-163,PROD-06,UBI-PUE223,1.0
1189,50804,2024-05-01,JUG-170,PROD-04,UBI-PUE233,1.0
1190,50804,2024-05-01,JUG-170,PROD-07,UBI-PUE233,2.0
1191,50805,2024-12-04,JUG-015,PROD-01,UBI-PUE153,1.0
1192,50806,2025-02-01,JUG-136,PROD-08,UBI-PUE111,1.0
1193,50807,2024-08-25,JUG-219,PROD-06,UBI-PUE193,1.0
1194,50808,2026-02-05,JUG-166,PROD-06,UBI-PUE231,1.0
1195,50808,2026-02-05,JUG-166,PROD-03,UBI-PUE231,1.0
1196,50809,2026-11-27,JUG-090,PROD-01,UBI-PUE169,3.0
1197,50809,2026-11-27,JUG-090,PROD-03,UBI-PUE169,1.0
1198,50810,2025-03-14,JUG-190,PROD-05,UBI-PUE220,2.0
1199,50810,2025-03-14,JUG-190,PROD-08,UBI-PUE220,1.0
1200,50811,2025-03-09,JUG-164,PROD-07,UBI-PUE217,1.0
1201,50812,2025-03-14,JUG-196,PROD-06,UBI-PUE035,1.0
1202,50812,2025-03-14,JUG-196,PROD-08,UBI-PUE035,1.0
1203,50813,2024-06-19,JUG-191,PROD-08,UBI-PUE011,2.0
1204,50814,2025-01-25,JUG-209,PROD-08,UBI-PUE059,1.0
1205,50814,2025-01-25,JUG-209,PROD-08,UBI-PUE059,1.0
1206,50815,2023-12-09,JUG-169,PROD-02,UBI-PUE071,1.0
1207,50816,2026-04-26,JUG-139,PROD-01,UBI-PUE145,1.0
1208,50817,2023-12-01,JUG-217,PROD-02,UBI-PUE033,1.0
1209,50818,2024-03-16,JUG-083,PROD-02,UBI-PUE163,1.0
1210,50819,2026-03-06,JUG-220,PROD-01,UBI-PUE098,1.0
1211,50819,2026-03-06,JUG-220,PROD-01,UBI-PUE098,3.0
1212,50820,2023-12-19,JUG-084,PROD-05,UBI-PUE203,1.0
1213,50821,2026-03-06,JUG-071,PROD-05,UBI-PUE277,1.0
1214,50822,2024-10-25,JUG-242,PROD-02,UBI-PUE017,2.0
1215,50822,2024-10-25,JUG-242,PROD-06,UBI-PUE017,1.0
1216,50822,2024-10-25,JUG-242,PROD-07,UBI-PUE017,3.0
1217,50823,2023-07-06,JUG-002,PROD-04,UBI-PUE185,1.0
1218,50823,2023-07-06,JUG-002,PROD-07,UBI-PUE185,1.0
1219,50824,2024-06-03,JUG-135,PROD-06,UBI-PUE189,1.0
1220,50825,2026-11-09,JUG-033,PROD-06,UBI-PUE240,1.0
1221,50826,2023-12-14,JUG-064,PROD-01,UBI-PUE081,1.0
1222,50827,2026-05-25,JUG-077,PROD-03,UBI-PUE011,2.0
1223,50827,2026-05-25,JUG-077,PROD-05,UBI-PUE011,2.0
1224,50828,2025-02-08,JUG-111,PROD-07,UBI-PUE014,1.0
1225,50829,2023-11-23,JUG-214,PROD-06,UBI-PUE116,1.0
1226,50829,2023-11-23,JUG-214,PROD-04,UBI-PUE116,1.0
1227,50829,2023-11-23,JUG-214,PROD-08,UBI-PUE116,1.0
1228,50830,2024-04-22,JUG-062,PROD-03,UBI-PUE286,1.0
1229,50830,2024-04-22,JUG-062,PROD-02,UBI-PUE286,1.0
1230,50830,2024-04-22,JUG-062,PROD-02,UBI-PUE286,1.0
1231,50831,2025-11-23,JUG-022,PROD-06,UBI-PUE023,1.0
1232,50831,2025-11-23,JUG-022,PROD-07,UBI-PUE023,1.0
1233,50832,2024-06-07,JUG-239,PROD-06,UBI-PUE231,1.0
1234,50833,2025-06-10,JUG-163,PROD-03,UBI-PUE065,1.0
1235,50834,2024-02-26,JUG-167,PROD-03,UBI-PUE089,1.0
1236,50834,2024-02-26,JUG-167,PROD-06,UBI-PUE089,1.0
1237,50835,2024-07-05,JUG-206,PROD-01,UBI-PUE275,1.0
1238,50836,2024-06-17,JUG-019,PROD-06,UBI-PUE255,1.0
1239,50836,2024-06-17,JUG-019,PROD-07,UBI-PUE255,1.0
1240,50836,2024-06-17,JUG-019,PROD-03,UBI-PUE255,1.0
1241,50837,2025-01-17,JUG-190,PROD-06,UBI-PUE226,1.0
1242,50838,2024-09-02,JUG-111,PROD-07,UBI-PUE166,2.0
1243,50839,2024-12-20,JUG-032,PROD-05,UBI-PUE011,1.0
1244,50840,2026-01-21,JUG-171,PROD-04,UBI-PUE136,1.0
1245,50840,2026-01-21,JUG-171,PROD-02,UBI-PUE136,1.0
1246,50841,2024-02-08,JUG-132,PROD-03,UBI-PUE024,1.0
1247,50841,2024-02-08,JUG-132,PROD-03,UBI-PUE024,1.0
1248,50842,2024-05-21,JUG-107,PROD-06,UBI-PUE171,1.0
1249,50842,2024-05-21,JUG-107,PROD-02,UBI-PUE171,1.0
1250,50843,2025-04-05,JUG-141,PROD-01,UBI-PUE103,2.0
1251,50844,2024-06-11,JUG-081,PROD-03,UBI-PUE133,1.0
1252,50844,2024-06-11,JUG-081,PROD-02,UBI-PUE133,1.0
1253,50844,2024-06-11,JUG-081,PROD-01,UBI-PUE133,1.0
1254,50845,2023-12-31,JUG-148,PROD-06,UBI-PUE166,1.0
1255,50846,2023-11-29,JUG-244,PROD-07,UBI-PUE268,1.0
1256,50847,2023-06-01,JUG-135,PROD-08,UBI-PUE250,1.0
1257,50847,2023-06-01,JUG-135,PROD-07,UBI-PUE250,2.0
1258,50848,2024-06-10,JUG-207,PROD-05,UBI-PUE163,2.0
1259,50848,2024-06-10,JUG-207,PROD-08,UBI-PUE163,1.0
1260,50849,2025-03-26,JUG-190,PROD-02,UBI-PUE018,1.0
1261,50850,2025-05-27,JUG-044,PROD-01,UBI-PUE089,1.0
1262,50850,2025-05-27,JUG-044,PROD-08,UBI-PUE089,1.0
1263,50851,2025-08-28,JUG-178,PROD-06,UBI-PUE112,1.0
1264,50851,2025-08-28,JUG-178,PROD-02,UBI-PUE112,1.0
1265,50852,2024-09-28,JUG-209,PROD-02,UBI-PUE060,2.0
1266,50853,2025-08-02,JUG-136,PROD-02,UBI-PUE091,2.0
1267,50854,2023-12-11,JUG-002,PROD-08,UBI-PUE061,1.0
1268,50855,2023-09-27,JUG-188,PROD-01,UBI-PUE230,2.0
1269,50856,2025-09-05,JUG-124,PROD-03,UBI-PUE125,3.0
1270,50857,2024-01-07,JUG-032,PROD-04,UBI-PUE085,1.0
1271,50858,2024-07-26,JUG-187,PROD-03,UBI-PUE118,1.0
1272,50859,2026-04-09,JUG-087,PROD-03,UBI-PUE192,3.0
1273,50860,2023-11-06,JUG-160,PROD-06,UBI-PUE281,2.0
1274,50861,2025-04-21,JUG-003,PROD-08,UBI-PUE253,1.0
1275,50861,2025-04-21,JUG-003,PROD-06,UBI-PUE253,2.0
1276,50861,2025-04-21,JUG-003,PROD-01,UBI-PUE253,2.0
1277,50862,2024-03-11,JUG-019,PROD-01,UBI-PUE250,1.0
1278,50862,2024-03-11,JUG-019,PROD-06,UBI-PUE250,0.0
1279,50863,2024-04-22,JUG-213,PROD-06,UBI-PUE118,2.0
1280,50863,2024-04-22,JUG-213,PROD-04,UBI-PUE118,2.0
1281,50863,2024-04-22,JUG-213,PROD-03,UBI-PUE118,1.0
1282,50864,2025-06-13,JUG-088,PROD-05,UBI-PUE087,1.0
1283,50864,2025-06-13,JUG-088,PROD-06,UBI-PUE087,2.0
1284,50865,2026-10-06,JUG-129,PROD-08,UBI-PUE067,1.0
1285,50866,2025-01-13,JUG-107,PROD-03,UBI-PUE274,1.0
1286,50867,2024-02-24,JUG-019,PROD-06,UBI-PUE137,1.0
1287,50868,2024-04-26,JUG-037,PROD-08,UBI-PUE208,1.0
1288,50869,2024-08-10,JUG-157,PROD-03,UBI-PUE201,0.0
1289,50870,2024-03-03,JUG-157,PROD-05,UBI-PUE272,2.0
1290,50871,2023-12-21,JUG-157,PROD-07,UBI-PUE028,1.0
1291,50872,2025-11-09,JUG-199,PROD-08,UBI-PUE007,1.0
1292,50873,2025-12-30,JUG-036,PROD-04,UBI-PUE110,1.0
1293,50874,2025-05-16,JUG-137,PROD-05,UBI-PUE046,1.0
1294,50875,2023-08-09,JUG-132,PROD-05,UBI-PUE282,1.0
1295,50876,2026-03-27,JUG-211,PROD-02,UBI-PUE048,1.0
1296,50877,2026-03-27,JUG-014,PROD-03,UBI-PUE287,1.0
1297,50877,2026-03-27,JUG-014,PROD-03,UBI-PUE287,1.0
1298,50878,2025-01-24,JUG-239,PROD-02,UBI-PUE203,2.0
1299,50879,2024-02-19,JUG-134,PROD-05,UBI-PUE064,1.0
1300,50880,2025-02-14,JUG-196,PROD-04,UBI-PUE278,1.0
1301,50880,2025-02-14,JUG-196,PROD-05,UBI-PUE278,2.0
1302,50881,2025-08-21,JUG-129,PROD-05,UBI-PUE254,3.0
1303,50881,2025-08-21,JUG-129,PROD-06,UBI-PUE254,2.0
1304,50881,2025-08-21,JUG-129,PROD-01,UBI-PUE254,1.0
1305,50882,2025-08-15,JUG-091,PROD-02,UBI-PUE268,1.0
1306,50883,2024-05-05,JUG-234,PROD-08,UBI-PUE071,1.0
1307,50884,2023-09-24,JUG-203,PROD-05,UBI-PUE249,1.0
1308,50884,2023-09-24,JUG-203,PROD-04,UBI-PUE249,2.0
1309,50885,2026-11-04,JUG-090,PROD-06,UBI-PUE181,1.0
1310,50885,2026-11-04,JUG-090,PROD-04,UBI-PUE181,1.0
1311,50886,2025-04-26,JUG-036,PROD-03,UBI-PUE152,2.0
1312,50886,2025-04-26,JUG-036,PROD-03,UBI-PUE152,1.0
1313,50887,2026-02-01,JUG-096,PROD-02,UBI-PUE180,1.0
1314,50887,2026-02-01,JUG-096,PROD-05,UBI-PUE180,1.0
1315,50888,2026-04-08,JUG-142,PROD-05,UBI-PUE103,1.0
1316,50889,2024-08-19,JUG-191,PROD-06,UBI-PUE036,1.0
1317,50890,2024-04-25,JUG-074,PROD-03,UBI-PUE007,1.0
1318,50890,2024-04-25,JUG-074,PROD-07,UBI-PUE007,1.0
1319,50891,2025-06-24,JUG-110,PROD-03,UBI-PUE118,2.0
1320,50891,2025-06-24,JUG-110,PROD-02,UBI-PUE118,1.0
1321,50891,2025-06-24,JUG-110,PROD-04,UBI-PUE118,1.0
1322,50892,2023-07-26,JUG-247,PROD-07,UBI-PUE254,1.0
1323,50893,2026-06-05,JUG-021,PROD-01,UBI-PUE086,1.0
1324,50893,2026-06-05,JUG-021,PROD-07,UBI-PUE086,1.0
1325,50893,2026-06-05,JUG-021,PROD-06,UBI-PUE086,1.0
1326,50894,2025-06-17,JUG-018,PROD-05,UBI-PUE128,1.0
1327,50894,2025-06-17,JUG-018,PROD-08,UBI-PUE128,1.0
1328,50894,2025-06-17,JUG-018,PROD-05,UBI-PUE128,2.0
1329,50895,2025-02-11,JUG-242,PROD-08,UBI-PUE192,1.0
1330,50896,2025-07-15,JUG-061,PROD-07,UBI-PUE253,1.0
1331,50897,2024-05-10,JUG-152,PROD-04,UBI-PUE237,1.0
1332,50898,2023-04-04,JUG-187,PROD-06,UBI-PUE135,2.0
1333,50898,2023-04-04,JUG-187,PROD-01,UBI-PUE135,1.0
1334,50899,2025-07-13,JUG-139,PROD-01,UBI-PUE050,2.0
1335,50900,2024-09-08,JUG-207,PROD-04,UBI-PUE193,1.0
1336,50900,2024-09-08,JUG-207,PROD-02,UBI-PUE193,1.0
1337,50901,2024-06-24,JUG-070,PROD-05,UBI-PUE212,1.0
1338,50901,2024-06-24,JUG-070,PROD-07,UBI-PUE212,1.0
1339,50901,2024-06-24,JUG-070,PROD-06,UBI-PUE212,1.0
1340,50902,2025-06-22,JUG-138,PROD-03,UBI-PUE270,1.0
1341,50903,2023-05-04,JUG-159,PROD-07,UBI-PUE276,1.0
1342,50904,2023-02-25,JUG-189,PROD-01,UBI-PUE192,1.0
1343,50904,2023-02-25,JUG-189,PROD-04,UBI-PUE192,3.0
1344,50905,2025-03-25,JUG-199,PROD-01,UBI-PUE283,1.0
1345,50905,2025-03-25,JUG-199,PROD-08,UBI-PUE283,1.0
1346,50906,2023-07-13,JUG-128,PROD-02,UBI-PUE242,1.0
1347,50907,2024-02-02,JUG-161,PROD-08,UBI-PUE176,1.0
1348,50908,2026-05-28,JUG-127,PROD-06,UBI-PUE156,1.0
1349,50909,2024-06-02,JUG-203,PROD-03,UBI-PUE241,1.0
1350,50910,2023-11-29,JUG-074,PROD-03,UBI-PUE244,2.0
1351,50911,2024-12-07,JUG-042,PROD-03,UBI-PUE265,3.0
1352,50911,2024-12-07,JUG-042,PROD-05,UBI-PUE265,1.0
1353,50912,2026-05-23,JUG-014,PROD-01,UBI-PUE039,1.0
1354,50913,2026-06-08,JUG-174,PROD-02,UBI-PUE169,1.0
1355,50913,2026-06-08,JUG-174,PROD-07,UBI-PUE169,1.0
1356,50914,2025-01-12,JUG-053,PROD-03,UBI-PUE222,1.0
1357,50915,2025-02-08,JUG-111,PROD-05,UBI-PUE248,1.0
1358,50916,2026-03-25,JUG-031,PROD-01,UBI-PUE132,2.0
1359,50916,2026-03-25,JUG-031,PROD-02,UBI-PUE132,1.0
1360,50917,2024-07-10,JUG-019,PROD-07,UBI-PUE161,1.0
1361,50918,2025-07-28,JUG-051,PROD-04,UBI-PUE282,1.0
1362,50919,2026-02-15,JUG-078,PROD-01,UBI-PUE232,2.0
1363,50920,2025-05-25,JUG-058,PROD-05,UBI-PUE127,1.0
1364,50921,2025-01-15,JUG-200,PROD-02,UBI-PUE023,1.0
1365,50922,2024-12-22,JUG-025,PROD-05,UBI-PUE197,1.0
1366,50923,2026-07-31,JUG-091,PROD-06,UBI-PUE062,1.0
1367,50924,2025-06-20,JUG-045,PROD-05,UBI-PUE072,1.0
1368,50924,2025-06-20,JUG-045,PROD-04,UBI-PUE072,1.0
1369,50925,2025-05-14,JUG-164,PROD-03,UBI-PUE088,2.0
1370,50925,2025-05-14,JUG-164,PROD-07,UBI-PUE088,1.0
1371,50925,2025-05-14,JUG-164,PROD-08,UBI-PUE088,2.0
1372,50926,2025-09-01,JUG-041,PROD-02,UBI-PUE164,1.0
1373,50926,2025-09-01,JUG-041,PROD-06,UBI-PUE164,1.0
1374,50926,2025-09-01,JUG-041,PROD-06,UBI-PUE164,1.0
1375,50927,2025-11-16,JUG-075,PROD-03,UBI-PUE168,1.0
1376,50928,2024-01-17,JUG-192,PROD-06,UBI-PUE166,1.0
1377,50929,2024-09-06,JUG-169,PROD-08,UBI-PUE087,1.0
1378,50930,2024-05-03,JUG-184,PROD-08,UBI-PUE273,1.0
1379,50931,2024-06-03,JUG-181,PROD-08,UBI-PUE244,1.0
1380,50931,2024-06-03,JUG-181,PROD-08,UBI-PUE244,1.0
1381,50932,2025-06-15,JUG-224,PROD-07,UBI-PUE075,1.0
1382,50933,2026-08-02,JUG-220,PROD-04,UBI-PUE277,3.0
1383,50934,2024-04-16,JUG-218,PROD-01,UBI-PUE187,1.0
1384,50935,2024-05-23,JUG-010,PROD-01,UBI-PUE249,
1385,50935,2024-05-23,JUG-010,PROD-01,UBI-PUE249,1.0
1386,50936,2024-03-20,JUG-150,PROD-02,UBI-PUE018,1.0
1387,50937,2024-04-26,JUG-069,PROD-07,UBI-PUE229,1.0
1388,50937,2024-04-26,JUG-069,PROD-06,UBI-PUE229,1.0
1389,50938,2025-08-13,JUG-018,PROD-02,UBI-PUE181,1.0
1390,50939,2024-07-26,JUG-235,PROD-06,UBI-PUE154,2.0
1391,50939,2024-07-26,JUG-235,PROD-02,UBI-PUE154,3.0
1392,50939,2024-07-26,JUG-235,PROD-08,UBI-PUE154,2.0
1393,50940,2024-07-14,JUG-024,PROD-03,UBI-PUE096,1.0
1394,50940,2024-07-14,JUG-024,PROD-07,UBI-PUE096,1.0
1395,50940,2024-07-14,JUG-024,PROD-02,UBI-PUE096,1.0
1396,50941,2024-09-10,JUG-235,PROD-07,UBI-PUE210,1.0
1397,50941,2024-09-10,JUG-235,PROD-03,UBI-PUE210,1.0
1398,50941,2024-09-10,JUG-235,PROD-06,UBI-PUE210,2.0
1399,50942,2023-08-11,JUG-134,PROD-06,UBI-PUE059,1.0
1400,50942,2023-08-11,JUG-134,PROD-03,UBI-PUE059,1.0
1401,50943,2023-10-25,JUG-184,PROD-01,UBI-PUE176,2.0
1402,50943,2023-10-25,JUG-184,PROD-04,UBI-PUE176,1.0
1403,50944,2025-11-26,JUG-121,PROD-04,UBI-PUE180,1.0
1404,50945,2023-07-02,JUG-223,PROD-06,UBI-PUE041,1.0
1405,50946,2025-07-25,JUG-182,PROD-07,UBI-PUE006,1.0
1406,50947,2024-03-25,JUG-169,PROD-07,UBI-PUE271,2.0
1407,50948,2023-04-25,JUG-039,PROD-02,UBI-PUE188,1.0
1408,50949,2025-07-05,JUG-114,PROD-06,UBI-PUE251,1.0
1409,50949,2025-07-05,JUG-114,PROD-05,UBI-PUE251,1.0
1410,50950,2024-08-26,JUG-188,PROD-03,UBI-PUE059,1.0
1411,50950,2024-08-26,JUG-188,PROD-02,UBI-PUE059,2.0
1412,50951,2023-08-26,JUG-128,PROD-01,UBI-PUE192,1.0
1413,50952,2023-03-01,JUG-149,PROD-04,UBI-PUE100,1.0
1414,50953,2025-05-22,JUG-231,PROD-03,UBI-PUE034,1.0
1415,50953,2025-05-22,JUG-231,PROD-05,UBI-PUE034,1.0
1416,50954,2026-03-30,JUG-118,PROD-06,UBI-PUE072,1.0
1417,50955,2026-01-09,JUG-196,PROD-07,UBI-PUE228,2.0
1418,50956,2025-02-15,JUG-025,PROD-02,UBI-PUE127,1.0
1419,50956,2025-02-15,JUG-025,PROD-03,UBI-PUE127,1.0
1420,50957,2023-07-08,JUG-117,PROD-05,UBI-PUE249,1.0
1421,50957,2023-07-08,JUG-117,PROD-06,UBI-PUE249,2.0
1422,50958,2024-03-19,JUG-230,PROD-06,UBI-PUE177,1.0
1423,50959,2026-03-04,JUG-004,PROD-02,UBI-PUE064,1.0
1424,50959,2026-03-04,JUG-004,PROD-05,UBI-PUE064,1.0
1425,50960,2024-05-14,JUG-067,PROD-02,UBI-PUE223,1.0
1426,50960,2024-05-14,JUG-067,PROD-07,UBI-PUE223,1.0
1427,50961,2025-03-18,JUG-199,PROD-05,UBI-PUE118,2.0
1428,50962,2025-04-01,JUG-216,PROD-04,UBI-PUE046,2.0
1429,50963,2024-08-23,JUG-135,PROD-06,UBI-PUE179,1.0
1430,50964,2026-04-13,JUG-168,PROD-06,UBI-PUE008,1.0
1431,50964,2026-04-13,JUG-168,PROD-01,UBI-PUE008,2.0
1432,50965,2023-08-17,JUG-215,PROD-06,UBI-PUE120,1.0
1433,50966,2024-03-14,JUG-239,PROD-08,UBI-PUE138,1.0
1434,50966,2024-03-14,JUG-239,PROD-04,UBI-PUE138,1.0
1435,50966,2024-03-14,JUG-239,PROD-08,UBI-PUE138,1.0
1436,50967,2026-06-01,JUG-139,PROD-05,UBI-PUE133,2.0
1437,50967,2026-06-01,JUG-139,PROD-03,UBI-PUE133,1.0
1438,50967,2026-06-01,JUG-139,PROD-01,UBI-PUE133,1.0
1439,50968,2025-11-25,JUG-073,PROD-01,UBI-PUE105,1.0
1440,50968,2025-11-25,JUG-073,PROD-07,UBI-PUE105,1.0
1441,50969,2025-11-26,JUG-139,PROD-01,UBI-PUE107,1.0
1442,50970,2025-05-17,JUG-113,PROD-01,UBI-PUE253,2.0
1443,50970,2025-05-17,JUG-113,PROD-03,UBI-PUE253,1.0
1444,50970,2025-05-17,JUG-113,PROD-07,UBI-PUE253,2.0
1445,50971,2025-12-30,JUG-216,PROD-06,UBI-PUE193,1.0
1446,50972,2023-04-20,JUG-148,PROD-05,UBI-PUE241,1.0
1447,50972,2023-04-20,JUG-148,PROD-02,UBI-PUE241,1.0
1448,50973,2023-12-16,JUG-181,PROD-05,UBI-PUE082,1.0
1449,50973,2023-12-16,JUG-181,PROD-02,UBI-PUE082,2.0
1450,50974,2024-08-23,JUG-230,PROD-06,UBI-PUE006,1.0
1451,50974,2024-08-23,JUG-230,PROD-02,UBI-PUE006,1.0
1452,50974,2024-08-23,JUG-230,PROD-05,UBI-PUE006,1.0
1453,50975,2024-12-24,JUG-063,PROD-04,UBI-PUE155,1.0
1454,50976,2024-05-30,JUG-060,PROD-04,UBI-PUE264,1.0
1455,50977,2024-04-09,JUG-069,PROD-08,UBI-PUE281,1.0
1456,50978,2025-10-31,JUG-013,PROD-01,UBI-PUE113,1.0
1457,50979,2024-08-25,JUG-222,PROD-04,UBI-PUE206,1.0
1458,50980,2025-02-09,JUG-227,PROD-03,UBI-PUE275,1.0
1459,50980,2025-02-09,JUG-227,PROD-01,UBI-PUE275,1.0
1460,50980,2025-02-09,JUG-227,PROD-05,UBI-PUE275,1.0
1461,50981,2023-11-12,JUG-187,PROD-04,UBI-PUE159,1.0
1462,50982,2026-09-23,JUG-057,PROD-07,UBI-PUE112,1.0
1463,50983,2024-08-17,JUG-242,PROD-06,UBI-PUE126,1.0
1464,50984,2025-12-27,JUG-041,PROD-05,UBI-PUE176,1.0
1465,50985,2024-01-25,JUG-238,PROD-03,UBI-PUE084,1.0
1466,50986,2024-04-01,JUG-067,PROD-03,UBI-PUE261,1.0
1467,50987,2025-11-16,JUG-166,PROD-07,UBI-PUE253,1.0
1468,50987,2025-11-16,JUG-166,PROD-06,UBI-PUE253,1.0
1469,50987,2025-11-16,JUG-166,PROD-04,UBI-PUE253,1.0
1470,50988,2026-07-16,JUG-057,PROD-05,UBI-PUE194,1.0
1471,50989,2024-05-21,JUG-150,PROD-03,UBI-PUE093,1.0
1472,50989,2024-05-21,JUG-150,PROD-03,UBI-PUE093,1.0
1473,50989,2024-05-21,JUG-150,PROD-07,UBI-PUE093,1.0
1474,50990,2024-05-21,JUG-230,PROD-01,UBI-PUE108,1.0
1475,50991,2025-12-03,JUG-121,PROD-04,UBI-PUE080,1.0
1476,50991,2025-12-03,JUG-121,PROD-04,UBI-PUE080,1.0
1477,50992,2024-10-17,JUG-213,PROD-05,UBI-PUE148,1.0
1478,50992,2024-10-17,JUG-213,PROD-04,UBI-PUE148,1.0
1479,50992,2024-10-17,JUG-213,PROD-04,UBI-PUE148,1.0
1480,50993,2024-07-17,JUG-179,PROD-03,UBI-PUE049,1.0
1481,50993,2024-07-17,JUG-179,PROD-07,UBI-PUE049,2.0
1482,50994,2024-11-10,JUG-137,PROD-08,UBI-PUE176,1.0
1483,50995,2023-12-07,JUG-074,PROD-08,UBI-PUE280,2.0
1484,50996,2026-02-25,JUG-123,PROD-01,UBI-PUE111,1.0
1485,50997,2024-08-19,JUG-028,PROD-01,UBI-PUE218,1.0
1486,50998,2026-05-15,JUG-168,PROD-03,UBI-PUE177,1.0
1487,50999,2026-02-23,JUG-078,PROD-01,UBI-PUE045,1.0
1488,51000,2025-11-24,JUG-139,PROD-05,UBI-PUE207,1.0
1489,51001,2024-12-14,JUG-242,PROD-05,UBI-PUE141,1.0
1490,51002,2024-02-17,JUG-234,PROD-05,UBI-PUE204,1.0
1491,51003,2024-07-14,JUG-234,PROD-06,UBI-PUE006,1.0
1492,51004,2024-08-05,JUG-228,PROD-03,UBI-PUE119,1.0
1493,51004,2024-08-05,JUG-228,PROD-04,UBI-PUE119,2.0
1494,51005,2024-09-03,JUG-085,PROD-03,UBI-PUE196,1.0
1495,51005,2024-09-03,JUG-085,PROD-08,UBI-PUE196,1.0
1496,51006,2025-08-03,JUG-016,PROD-03,UBI-PUE177,1.0
1497,51006,2025-08-03,JUG-016,PROD-04,UBI-PUE177,1.0
1498,51007,2024-11-15,JUG-207,PROD-06,UBI-PUE238,3.0
1499,51008,2024-01-06,JUG-119,PROD-08,UBI-PUE279,2.0
1500,51009,2025-09-27,JUG-163,PROD-08,UBI-PUE283,1.0
1501,51009,2025-09-27,JUG-163,PROD-01,UBI-PUE283,1.0
1502,51010,2024-06-06,JUG-150,PROD-04,UBI-PUE063,1.0
1503,51011,2025-12-01,JUG-077,PROD-02,UBI-PUE092,1.0
1504,51011,2025-12-01,JUG-077,PROD-04,UBI-PUE092,1.0
1505,51012,2024-12-07,JUG-244,PROD-02,UBI-PUE016,2.0
1506,51012,2024-12-07,JUG-244,PROD-06,UBI-PUE016,1.0
1507,51012,2024-12-07,JUG-244,PROD-07,UBI-PUE016,1.0
1508,51013,2025-11-20,JUG-041,PROD-04,UBI-PUE174,1.0
1509,51013,2025-11-20,JUG-041,PROD-06,UBI-PUE174,1.0
1510,51014,2024-04-14,JUG-042,PROD-07,UBI-PUE102,1.0
1511,51014,2024-04-14,JUG-042,PROD-06,UBI-PUE102,1.0
1512,51015,2024-10-31,JUG-196,PROD-03,UBI-PUE254,1.0
1513,51016,2025-04-17,JUG-077,PROD-04,UBI-PUE075,1.0
1514,51017,2024-06-27,JUG-160,PROD-02,UBI-PUE140,0.0
1515,51017,2024-06-27,JUG-160,PROD-03,UBI-PUE140,1.0
1516,51018,2026-04-02,JUG-007,PROD-06,UBI-PUE232,2.0
1517,51018,2026-04-02,JUG-007,PROD-04,UBI-PUE232,1.0
1518,51019,2024-10-29,JUG-154,PROD-02,UBI-PUE084,1.0
1519,51020,2025-11-30,JUG-144,PROD-03,UBI-PUE223,1.0
1520,51021,2025-02-05,JUG-037,PROD-03,UBI-PUE097,1.0
1521,51022,2026-07-17,JUG-211,PROD-02,UBI-PUE283,3.0
1522,51022,2026-07-17,JUG-211,PROD-04,UBI-PUE283,1.0
1523,51023,2023-11-10,JUG-064,PROD-04,UBI-PUE193,1.0
1524,51024,2025-05-29,JUG-156,PROD-01,UBI-PUE143,1.0
1525,51024,2025-05-29,JUG-156,PROD-04,UBI-PUE143,3.0
1526,51025,2024-03-08,JUG-148,PROD-04,UBI-PUE265,1.0
1527,51026,2026-08-27,JUG-038,PROD-07,UBI-PUE134,2.0
1528,51027,2025-09-07,JUG-071,PROD-08,UBI-PUE127,1.0
1529,51027,2025-09-07,JUG-071,PROD-05,UBI-PUE127,1.0
1530,51028,2024-08-21,JUG-143,PROD-01,UBI-PUE276,2.0
1531,51028,2024-08-21,JUG-143,PROD-07,UBI-PUE276,2.0
1532,51028,2024-08-21,JUG-143,PROD-05,UBI-PUE276,1.0
1533,51029,2024-07-29,JUG-088,PROD-06,UBI-PUE048,1.0
1534,51030,2024-02-25,JUG-206,PROD-04,UBI-PUE097,1.0
1535,51031,2024-08-26,JUG-226,PROD-02,UBI-PUE192,1.0
1536,51031,2024-08-26,JUG-226,PROD-03,UBI-PUE192,1.0
1537,51031,2024-08-26,JUG-226,PROD-08,UBI-PUE192,1.0
1538,51032,2026-02-17,JUG-175,PROD-05,UBI-PUE175,1.0
1539,51033,2025-08-21,JUG-082,PROD-08,UBI-PUE227,1.0
1540,51034,2024-06-07,JUG-130,PROD-07,UBI-PUE213,1.0
1541,51035,2024-08-27,JUG-235,PROD-08,UBI-PUE185,1.0
1542,51036,2025-02-07,JUG-239,PROD-02,UBI-PUE078,2.0
1543,51037,2026-02-20,JUG-038,PROD-07,UBI-PUE170,1.0
1544,51038,2024-12-13,JUG-092,PROD-05,UBI-PUE089,1.0
1545,51039,2025-02-17,JUG-138,PROD-05,UBI-PUE214,1.0
1546,51039,2025-02-17,JUG-138,PROD-06,UBI-PUE214,1.0
1547,51039,2025-02-17,JUG-138,PROD-04,UBI-PUE214,1.0
1548,51040,2026-09-16,JUG-147,PROD-03,UBI-PUE155,2.0
1549,51041,2024-11-05,JUG-171,PROD-01,UBI-PUE182,3.0
1550,51042,2024-08-30,JUG-068,PROD-08,UBI-PUE234,1.0
1551,51042,2024-08-30,JUG-068,PROD-05,UBI-PUE234,1.0
1552,51043,2024-07-29,JUG-001,PROD-04,UBI-PUE077,1.0
1553,51043,2024-07-29,JUG-001,PROD-08,UBI-PUE077,1.0
1554,51044,2024-04-19,JUG-230,PROD-08,UBI-PUE196,1.0
1555,51045,2024-09-03,JUG-213,PROD-01,UBI-PUE090,1.0
1556,51045,2024-09-03,JUG-213,PROD-02,UBI-PUE090,1.0
1557,51046,2023-08-22,JUG-039,PROD-05,UBI-PUE110,1.0
1558,51047,2025-10-28,JUG-073,PROD-03,UBI-PUE269,1.0
1559,51048,2024-05-12,JUG-110,PROD-08,UBI-PUE287,1.0
1560,51048,2024-05-12,JUG-110,PROD-01,UBI-PUE287,2.0
1561,51049,2025-07-16,JUG-116,PROD-01,UBI-PUE265,1.0
1562,51049,2025-07-16,JUG-116,PROD-03,UBI-PUE265,3.0
1563,51050,2023-12-11,JUG-242,PROD-05,UBI-PUE086,1.0
1564,51051,2025-07-11,JUG-199,PROD-05,UBI-PUE180,1.0
1565,51052,2025-12-14,JUG-090,PROD-04,UBI-PUE196,1.0
1566,51052,2025-12-14,JUG-090,PROD-05,UBI-PUE196,1.0
1567,51053,2024-05-03,JUG-107,PROD-06,UBI-PUE047,2.0
1568,51053,2024-05-03,JUG-107,PROD-01,UBI-PUE047,1.0
1569,51054,2023-11-07,JUG-143,PROD-07,UBI-PUE175,1.0
1570,51054,2023-11-07,JUG-143,PROD-01,UBI-PUE175,2.0
1571,51055,2026-01-10,JUG-006,PROD-06,UBI-PUE227,1.0
1572,51055,2026-01-10,JUG-006,PROD-07,UBI-PUE227,1.0
1573,51056,2025-11-20,JUG-066,PROD-05,UBI-PUE287,3.0
1574,51057,2024-11-01,JUG-089,PROD-04,UBI-PUE035,3.0
1575,51058,2026-01-05,JUG-118,PROD-05,UBI-PUE283,1.0
1576,51058,2026-01-05,JUG-118,PROD-07,UBI-PUE283,1.0
1577,51059,2025-10-28,JUG-101,PROD-07,UBI-PUE195,1.0
1578,51060,2025-09-30,JUG-163,PROD-06,UBI-PUE158,1.0
1579,51061,2025-01-09,JUG-219,PROD-07,UBI-PUE251,1.0
1580,51062,2026-07-23,JUG-112,PROD-07,UBI-PUE004,1.0
1581,51063,2025-10-16,JUG-129,PROD-06,UBI-PUE080,1.0
1582,51064,2023-10-19,JUG-002,PROD-08,UBI-PUE176,1.0
1583,51065,2025-12-04,JUG-211,PROD-04,UBI-PUE084,1.0
1584,51066,2024-11-21,JUG-080,PROD-07,UBI-PUE071,1.0
1585,51067,2026-06-17,JUG-166,PROD-05,UBI-PUE027,1.0
1586,51067,2026-06-17,JUG-166,PROD-05,UBI-PUE027,1.0
1587,51068,2025-01-22,JUG-015,PROD-04,UBI-PUE249,1.0
1588,51069,2024-07-17,JUG-209,PROD-02,UBI-PUE034,1.0
1589,51069,2024-07-17,JUG-209,PROD-03,UBI-PUE034,1.0
1590,51069,2024-07-17,JUG-209,PROD-05,UBI-PUE034,2.0
1591,51070,2025-08-30,JUG-199,PROD-01,UBI-PUE209,1.0
1592,51071,2023-03-19,JUG-039,PROD-08,UBI-PUE190,1.0
1593,51072,2025-04-16,JUG-081,PROD-07,UBI-PUE046,1.0
1594,51073,2023-06-16,JUG-203,PROD-07,UBI-PUE035,1.0
1595,51073,2023-06-16,JUG-203,PROD-08,UBI-PUE035,1.0
1596,51073,2023-06-16,JUG-203,PROD-06,UBI-PUE035,2.0
1597,51074,2024-03-30,JUG-184,PROD-04,UBI-PUE030,1.0
1598,51074,2024-03-30,JUG-184,PROD-02,UBI-PUE030,2.0
1599,51074,2024-03-30,JUG-184,PROD-03,UBI-PUE030,3.0
1600,51075,2024-03-21,JUG-008,PROD-06,UBI-PUE287,1.0
1601,51075,2024-03-21,JUG-008,PROD-07,UBI-PUE287,1.0
1602,51076,2025-03-10,JUG-058,PROD-01,UBI-PUE198,1.0
1603,51077,2024-06-28,JUG-154,PROD-01,UBI-PUE008,2.0
1604,51078,2025-08-10,JUG-110,PROD-01,UBI-PUE224,1.0
1605,51079,2024-05-18,JUG-094,PROD-04,UBI-PUE007,1.0
1606,51080,2024-10-25,JUG-235,PROD-04,UBI-PUE250,1.0
1607,51080,2024-10-25,JUG-235,PROD-07,UBI-PUE250,1.0
1608,51081,2025-07-02,JUG-154,PROD-02,UBI-PUE097,1.0
1609,51081,2025-07-02,JUG-154,PROD-06,UBI-PUE097,1.0
1610,51081,2025-07-02,JUG-154,PROD-01,UBI-PUE097,1.0
1611,51082,2025-10-21,JUG-240,PROD-07,UBI-PUE088,2.0
1612,51082,2025-10-21,JUG-240,PROD-05,UBI-PUE088,2.0
1613,51083,2024-02-12,JUG-039,PROD-02,UBI-PUE021,1.0
1614,51084,2024-06-24,JUG-163,PROD-03,UBI-PUE063,1.0
1615,51085,2024-01-19,JUG-161,PROD-05,UBI-PUE152,1.0
1616,51086,2026-12-10,JUG-102,PROD-04,UBI-PUE230,1.0
1617,51087,2024-03-09,JUG-104,PROD-03,UBI-PUE109,2.0
1618,51088,2024-07-02,JUG-239,PROD-01,UBI-PUE149,1.0
1619,51089,2023-04-13,JUG-069,PROD-04,UBI-PUE193,1.0
1620,51090,2025-05-09,JUG-235,PROD-01,UBI-PUE135,1.0
1621,51091,2026-03-17,JUG-199,PROD-04,UBI-PUE284,1.0
1622,51091,2026-03-17,JUG-199,PROD-07,UBI-PUE284,1.0
1623,51092,2026-01-27,JUG-221,PROD-05,UBI-PUE004,1.0
1624,51093,2026-09-10,JUG-087,PROD-06,UBI-PUE055,2.0
1625,51094,2025-07-19,JUG-129,PROD-03,UBI-PUE006,1.0
1626,51095,2026-05-11,JUG-204,PROD-06,UBI-PUE230,1.0
1627,51095,2026-05-11,JUG-204,PROD-04,UBI-PUE230,1.0
1628,51096,2024-03-16,JUG-244,PROD-07,UBI-PUE018,1.0
1629,51096,2024-03-16,JUG-244,PROD-08,UBI-PUE018,1.0
1630,51097,2025-07-19,JUG-131,PROD-08,UBI-PUE184,1.0
1631,51098,2024-11-03,JUG-231,PROD-08,UBI-PUE096,1.0
1632,51099,2024-01-16,JUG-074,PROD-01,UBI-PUE065,2.0
1633,51099,2024-01-16,JUG-074,PROD-06,UBI-PUE065,2.0
1634,51100,2024-11-02,JUG-053,PROD-07,UBI-PUE006,1.0
1635,51100,2024-11-02,JUG-053,PROD-06,UBI-PUE006,1.0
1636,51101,2023-01-09,JUG-159,PROD-07,UBI-PUE097,1.0
1637,51102,2025-01-04,JUG-029,PROD-06,UBI-PUE059,1.0
1638,51103,2024-09-27,JUG-001,PROD-06,UBI-PUE260,2.0
1639,51104,2025-03-19,JUG-163,PROD-02,UBI-PUE032,1.0
1640,51104,2025-03-19,JUG-163,PROD-04,UBI-PUE032,2.0
1641,51104,2025-03-19,JUG-163,PROD-02,UBI-PUE032,1.0
1642,51105,2024-09-12,JUG-206,PROD-01,UBI-PUE031,1.0
1643,51106,2024-02-02,JUG-032,PROD-01,UBI-PUE072,2.0
1644,51107,2023-07-25,JUG-069,PROD-08,UBI-PUE108,3.0
1645,51108,2023-12-14,JUG-244,PROD-08,UBI-PUE285,1.0
1646,51108,2023-12-14,JUG-244,PROD-01,UBI-PUE285,3.0
1647,51108,2023-12-14,JUG-244,PROD-03,UBI-PUE285,2.0
1648,51109,2024-09-03,JUG-234,PROD-06,UBI-PUE170,1.0
1649,51109,2024-09-03,JUG-234,PROD-07,UBI-PUE170,1.0
1650,51110,2024-05-30,JUG-113,PROD-02,UBI-PUE065,3.0
1651,51111,2025-01-22,JUG-089,PROD-01,UBI-PUE102,1.0
1652,51111,2025-01-22,JUG-089,PROD-04,UBI-PUE102,2.0
1653,51112,2025-11-25,JUG-052,PROD-07,UBI-PUE132,1.0
1654,51113,2024-10-16,JUG-025,PROD-04,UBI-PUE030,1.0
1655,51114,2025-07-09,JUG-044,PROD-01,UBI-PUE045,1.0
1656,51115,2026-03-10,JUG-043,PROD-04,UBI-PUE051,2.0
1657,51116,2025-05-08,JUG-015,PROD-07,UBI-PUE238,1.0
1658,51117,2025-03-04,JUG-240,PROD-04,UBI-PUE028,1.0
1659,51117,2025-03-04,JUG-240,PROD-07,UBI-PUE028,1.0
1660,51118,2024-03-14,JUG-242,PROD-08,UBI-PUE109,1.0
1661,51119,2025-01-02,JUG-190,PROD-03,UBI-PUE226,1.0
1662,51120,2026-03-26,JUG-004,PROD-06,UBI-PUE112,1.0
1663,51121,2024-08-22,JUG-236,PROD-06,UBI-PUE025,1.0
1664,51121,2024-08-22,JUG-236,PROD-08,UBI-PUE025,1.0
1665,51121,2024-08-22,JUG-236,PROD-08,UBI-PUE025,1.0
1666,51122,2025-03-25,JUG-059,PROD-06,UBI-PUE229,1.0
1667,51123,2024-10-31,JUG-163,PROD-07,UBI-PUE137,3.0
1668,51123,2024-10-31,JUG-163,PROD-07,UBI-PUE137,1.0
1669,51124,2024-08-03,JUG-024,PROD-05,UBI-PUE104,3.0
1670,51125,2025-01-02,JUG-059,PROD-05,UBI-PUE169,1.0
1671,51126,2024-05-03,JUG-053,PROD-05,UBI-PUE197,2.0
1672,51126,2024-05-03,JUG-053,PROD-05,UBI-PUE197,2.0
1673,51127,2024-04-04,JUG-157,PROD-06,UBI-PUE001,1.0
1674,51127,2024-04-04,JUG-157,PROD-06,UBI-PUE001,1.0
1675,51128,2025-07-20,JUG-141,PROD-02,UBI-PUE239,2.0
1676,51129,2024-08-29,JUG-084,PROD-03,UBI-PUE114,1.0
1677,51130,2025-02-11,JUG-037,PROD-08,UBI-PUE011,1.0
1678,51131,2023-09-14,JUG-069,PROD-08,UBI-PUE043,1.0
1679,51132,2026-04-13,JUG-162,PROD-01,UBI-PUE091,3.0
1680,51132,2026-04-13,JUG-162,PROD-01,UBI-PUE091,1.0
1681,51133,2023-05-24,JUG-105,PROD-02,UBI-PUE149,1.0
1682,51133,2023-05-24,JUG-105,PROD-07,UBI-PUE149,3.0
1683,51133,2023-05-24,JUG-105,PROD-08,UBI-PUE149,1.0
1684,51134,2026-03-03,JUG-049,PROD-07,UBI-PUE185,1.0
1685,51135,2025-08-03,JUG-240,PROD-07,UBI-PUE109,2.0
1686,51136,2026-01-23,JUG-009,PROD-05,UBI-PUE184,1.0
1687,51137,2026-05-24,JUG-243,PROD-03,UBI-PUE237,1.0
1688,51137,2026-05-24,JUG-243,PROD-07,UBI-PUE237,1.0
1689,51138,2023-12-19,JUG-247,PROD-03,UBI-PUE255,1.0
1690,51139,2023-05-25,JUG-203,PROD-06,UBI-PUE084,2.0
1691,51140,2026-03-27,JUG-199,PROD-07,UBI-PUE038,2.0
1692,51141,2025-08-03,JUG-224,PROD-01,UBI-PUE033,2.0
1693,51142,2023-03-09,JUG-232,PROD-02,UBI-PUE199,2.0
1694,51143,2026-07-12,JUG-129,PROD-08,UBI-PUE128,2.0
1695,51144,2025-10-03,JUG-212,PROD-06,UBI-PUE277,1.0
1696,51145,2024-09-02,JUG-042,PROD-02,UBI-PUE258,1.0
1697,51146,2024-12-27,JUG-198,PROD-04,UBI-PUE046,1.0
1698,51147,2025-12-21,JUG-061,PROD-06,UBI-PUE193,1.0
1699,51148,2024-06-21,JUG-035,PROD-03,UBI-PUE158,1.0
1700,51148,2024-06-21,JUG-035,PROD-08,UBI-PUE158,3.0
1701,51149,2026-04-05,JUG-224,PROD-05,UBI-PUE269,1.0
1702,51149,2026-04-05,JUG-224,PROD-02,UBI-PUE269,1.0
1703,51149,2026-04-05,JUG-224,PROD-06,UBI-PUE269,1.0
1704,51150,2026-02-22,JUG-030,PROD-05,UBI-PUE240,1.0
1705,51150,2026-02-22,JUG-030,PROD-07,UBI-PUE240,1.0
1706,51151,2024-12-01,JUG-065,PROD-01,UBI-PUE270,1.0
1707,51152,2026-08-08,JUG-133,PROD-06,UBI-PUE262,1.0
1708,51152,2026-08-08,JUG-133,PROD-07,UBI-PUE262,1.0
1709,51152,2026-08-08,JUG-133,PROD-01,UBI-PUE262,1.0
1710,51153,2025-07-31,JUG-141,PROD-01,UBI-PUE173,1.0
1711,51154,2026-12-13,JUG-050,PROD-08,UBI-PUE146,1.0
1712,51155,2024-05-28,JUG-135,PROD-08,UBI-PUE264,1.0
1713,51156,2023-10-14,JUG-149,PROD-07,UBI-PUE113,1.0
1714,51157,2023-10-16,JUG-248,PROD-04,UBI-PUE160,1.0
1715,51158,2024-09-23,JUG-074,PROD-05,UBI-PUE288,1.0
1716,51159,2025-02-13,JUG-137,PROD-05,UBI-PUE231,1.0
1717,51160,2024-01-17,JUG-225,PROD-02,UBI-PUE107,1.0
1718,51161,2025-10-12,JUG-038,PROD-02,UBI-PUE120,1.0
1719,51162,2024-10-31,JUG-084,PROD-01,UBI-PUE091,1.0
1720,51162,2024-10-31,JUG-084,PROD-06,UBI-PUE091,1.0
1721,51163,2025-01-05,JUG-012,PROD-07,UBI-PUE052,3.0
1722,51164,2025-02-25,JUG-088,PROD-08,UBI-PUE043,1.0
1723,51165,2024-03-17,JUG-242,PROD-07,UBI-PUE112,1.0
1724,51166,2024-05-19,JUG-126,PROD-04,UBI-PUE091,1.0
1725,51167,2025-05-20,JUG-156,PROD-07,UBI-PUE005,1.0
1726,51167,2025-05-20,JUG-156,PROD-08,UBI-PUE005,2.0
1727,51167,2025-05-20,JUG-156,PROD-06,UBI-PUE005,1.0
1728,51168,2024-11-08,JUG-095,PROD-08,UBI-PUE272,3.0
1729,51169,2026-10-18,JUG-043,PROD-04,UBI-PUE229,1.0
1730,51170,2025-07-19,JUG-051,PROD-01,UBI-PUE053,2.0
1731,51170,2025-07-19,JUG-051,PROD-01,UBI-PUE053,1.0
1732,51171,2024-07-27,JUG-130,PROD-05,UBI-PUE113,1.0
1733,51172,2024-03-10,JUG-192,PROD-07,UBI-PUE088,1.0
1734,51172,2024-03-10,JUG-192,PROD-06,UBI-PUE088,1.0
1735,51173,2024-11-18,JUG-076,PROD-07,UBI-PUE239,1.0
1736,51174,2025-03-25,JUG-098,PROD-01,UBI-PUE275,1.0
1737,51175,2023-07-21,JUG-197,PROD-06,UBI-PUE016,1.0
1738,51176,2024-11-03,JUG-173,PROD-06,UBI-PUE249,1.0
1739,51177,2024-08-01,JUG-059,PROD-08,UBI-PUE155,1.0
1740,51178,2024-05-25,JUG-176,PROD-08,UBI-PUE199,1.0
1741,51179,2024-12-08,JUG-227,PROD-05,UBI-PUE193,1.0
1742,51179,2024-12-08,JUG-227,PROD-06,UBI-PUE193,1.0
1743,51180,2025-10-01,JUG-224,PROD-08,UBI-PUE104,1.0
1744,51181,2026-02-21,JUG-078,PROD-02,UBI-PUE119,1.0
1745,51181,2026-02-21,JUG-078,PROD-02,UBI-PUE119,1.0
1746,51181,2026-02-21,JUG-078,PROD-01,UBI-PUE119,1.0
1747,51182,2026-05-22,JUG-127,PROD-03,UBI-PUE214,1.0
1748,51182,2026-05-22,JUG-127,PROD-01,UBI-PUE214,3.0
1749,51183,2024-07-24,JUG-180,PROD-01,UBI-PUE069,1.0
1750,51183,2024-07-24,JUG-180,PROD-05,UBI-PUE069,1.0
1751,51184,2024-12-13,JUG-236,PROD-08,UBI-PUE279,1.0
1752,51185,2024-02-22,JUG-242,PROD-08,UBI-PUE060,1.0
1753,51186,2025-06-25,JUG-211,PROD-03,UBI-PUE243,1.0
1754,51186,2025-06-25,JUG-211,PROD-01,UBI-PUE243,1.0
1755,51186,2025-06-25,JUG-211,PROD-03,UBI-PUE243,1.0
1756,51187,2026-01-31,JUG-093,PROD-03,UBI-PUE208,1.0
1757,51188,2025-09-27,JUG-174,PROD-04,UBI-PUE285,0.0
1758,51188,2025-09-27,JUG-174,PROD-06,UBI-PUE285,1.0
1759,51189,2025-01-05,JUG-230,PROD-04,UBI-PUE016,1.0
1760,51189,2025-01-05,JUG-230,PROD-02,UBI-PUE016,1.0
1761,51189,2025-01-05,JUG-230,PROD-07,UBI-PUE016,1.0
1762,51190,2023-11-13,JUG-085,PROD-02,UBI-PUE143,1.0
1763,51191,2024-06-09,JUG-213,PROD-01,UBI-PUE203,1.0
1764,51192,2024-08-27,JUG-141,PROD-04,UBI-PUE060,1.0
1765,51193,2025-06-15,JUG-179,PROD-03,UBI-PUE193,1.0
1766,51193,2025-06-15,JUG-179,PROD-05,UBI-PUE193,2.0
1767,51193,2025-06-15,JUG-179,PROD-07,UBI-PUE193,1.0
1768,51194,2025-09-21,JUG-076,PROD-01,UBI-PUE255,1.0
1769,51195,2024-11-22,JUG-053,PROD-08,UBI-PUE253,1.0
1770,51195,2024-11-22,JUG-053,PROD-03,UBI-PUE253,1.0
1771,51196,2025-04-30,JUG-206,PROD-08,UBI-PUE213,1.0
1772,51197,2023-08-08,JUG-152,PROD-05,UBI-PUE015,1.0
1773,51198,2026-04-05,JUG-195,PROD-01,UBI-PUE092,1.0
1774,51198,2026-04-05,JUG-195,PROD-03,UBI-PUE092,1.0
1775,51199,2025-05-21,JUG-030,PROD-08,UBI-PUE180,2.0
1776,51200,2026-07-07,JUG-175,PROD-06,UBI-PUE118,0.0
1777,51201,2025-05-21,JUG-075,PROD-02,UBI-PUE056,1.0
1778,51202,2024-08-20,JUG-054,PROD-07,UBI-PUE145,1.0
1779,51202,2024-08-20,JUG-054,PROD-03,UBI-PUE145,1.0
1780,51203,2026-04-16,JUG-073,PROD-05,UBI-PUE171,1.0
1781,51204,2026-07-02,JUG-204,PROD-05,UBI-PUE270,2.0
1782,51204,2026-07-02,JUG-204,PROD-02,UBI-PUE270,1.0
1783,51205,2024-04-02,JUG-225,PROD-04,UBI-PUE014,1.0
1784,51206,2024-11-07,JUG-173,PROD-03,UBI-PUE221,1.0
1785,51206,2024-11-07,JUG-173,PROD-02,UBI-PUE221,1.0
1786,51207,2025-07-13,JUG-156,PROD-03,UBI-PUE113,1.0
1787,51208,2026-05-14,JUG-120,PROD-03,UBI-PUE221,1.0
1788,51208,2026-05-14,JUG-120,PROD-05,UBI-PUE221,2.0
1789,51209,2024-11-06,JUG-020,PROD-06,UBI-PUE118,1.0
1790,51210,2025-12-01,JUG-079,PROD-02,UBI-PUE154,0.0
1791,51210,2025-12-01,JUG-079,PROD-07,UBI-PUE154,3.0
1792,51211,2026-03-26,JUG-127,PROD-01,UBI-PUE288,1.0
1793,51212,2025-11-24,JUG-172,PROD-06,UBI-PUE058,1.0
1794,51213,2024-11-20,JUG-026,PROD-05,UBI-PUE023,2.0
1795,51214,2026-01-03,JUG-233,PROD-02,UBI-PUE244,1.0
1796,51214,2026-01-03,JUG-233,PROD-05,UBI-PUE244,1.0
1797,51215,2024-10-31,JUG-213,PROD-02,UBI-PUE100,2.0
1798,51215,2024-10-31,JUG-213,PROD-05,UBI-PUE100,1.0
1799,51215,2024-10-31,JUG-213,PROD-03,UBI-PUE100,2.0
1800,51216,2023-07-18,JUG-008,PROD-01,UBI-PUE100,1.0
1801,51216,2023-07-18,JUG-008,PROD-04,UBI-PUE100,1.0
1802,51217,2025-02-21,JUG-037,PROD-06,UBI-PUE130,1.0
1803,51217,2025-02-21,JUG-037,PROD-04,UBI-PUE130,1.0
1804,51217,2025-02-21,JUG-037,PROD-03,UBI-PUE130,1.0
1805,51218,2025-03-18,JUG-142,PROD-05,UBI-PUE076,2.0
1806,51219,2024-04-17,JUG-117,PROD-05,UBI-PUE071,1.0
1807,51220,2024-11-22,JUG-137,PROD-04,UBI-PUE076,
1808,51221,2024-03-29,JUG-062,PROD-08,UBI-PUE145,1.0
1809,51222,2024-11-25,JUG-088,PROD-04,UBI-PUE207,1.0
1810,51222,2024-11-25,JUG-088,PROD-02,UBI-PUE207,1.0
1811,51222,2024-11-25,JUG-088,PROD-06,UBI-PUE207,1.0
1812,51223,2025-06-07,JUG-023,PROD-04,UBI-PUE077,2.0
1813,51224,2023-05-07,JUG-105,PROD-01,UBI-PUE015,2.0
1814,51225,2025-02-02,JUG-065,PROD-02,UBI-PUE225,1.0
1815,51226,2026-03-01,JUG-193,PROD-02,UBI-PUE256,1.0
1816,51226,2026-03-01,JUG-193,PROD-02,UBI-PUE256,1.0
1817,51226,2026-03-01,JUG-193,PROD-05,UBI-PUE256,1.0
1818,51227,2024-02-24,JUG-157,PROD-01,UBI-PUE051,1.0
1819,51228,2023-07-25,JUG-157,PROD-05,UBI-PUE222,1.0
1820,51229,2023-08-28,JUG-069,PROD-07,UBI-PUE209,1.0
1821,51229,2023-08-28,JUG-069,PROD-03,UBI-PUE209,1.0
1822,51230,2024-10-25,JUG-085,PROD-06,UBI-PUE199,1.0
1823,51230,2024-10-25,JUG-085,PROD-07,UBI-PUE199,3.0
1824,51231,2025-11-27,JUG-071,PROD-02,UBI-PUE199,1.0
1825,51232,2024-08-21,JUG-070,PROD-03,UBI-PUE057,1.0
1826,51233,2025-05-14,JUG-021,PROD-01,UBI-PUE248,3.0
1827,51234,2024-04-13,JUG-028,PROD-04,UBI-PUE151,1.0
1828,51235,2024-04-23,JUG-217,PROD-03,UBI-PUE060,1.0
1829,51236,2025-12-07,JUG-066,PROD-02,UBI-PUE228,2.0
1830,51237,2025-11-06,JUG-231,PROD-03,UBI-PUE252,1.0
1831,51238,2024-10-06,JUG-157,PROD-05,UBI-PUE056,1.0
1832,51238,2024-10-06,JUG-157,PROD-07,UBI-PUE056,1.0
1833,51239,2025-04-09,JUG-063,PROD-07,UBI-PUE187,1.0
1834,51239,2025-04-09,JUG-063,PROD-03,UBI-PUE187,1.0
1835,51240,2025-11-01,JUG-183,PROD-01,UBI-PUE232,1.0
1836,51241,2024-03-09,JUG-068,PROD-02,UBI-PUE227,1.0
1837,51242,2023-06-12,JUG-192,PROD-04,UBI-PUE135,1.0
1838,51242,2023-06-12,JUG-192,PROD-04,UBI-PUE135,1.0
1839,51243,2025-01-08,JUG-246,PROD-06,UBI-PUE191,1.0
1840,51243,2025-01-08,JUG-246,PROD-03,UBI-PUE191,1.0
1841,51243,2025-01-08,JUG-246,PROD-04,UBI-PUE191,1.0
1842,51244,2025-06-21,JUG-168,PROD-02,UBI-PUE068,1.0
1843,51245,2025-03-26,JUG-235,PROD-06,UBI-PUE081,1.0
1844,51246,2025-07-24,JUG-138,PROD-01,UBI-PUE190,1.0
1845,51246,2025-07-24,JUG-138,PROD-06,UBI-PUE190,1.0
1846,51247,2024-04-16,JUG-186,PROD-01,UBI-PUE242,1.0
1847,51248,2023-11-24,JUG-048,PROD-02,UBI-PUE233,1.0
1848,51249,2025-12-16,JUG-172,PROD-07,UBI-PUE275,1.0
1849,51249,2025-12-16,JUG-172,PROD-02,UBI-PUE275,1.0
1850,51249,2025-12-16,JUG-172,PROD-06,UBI-PUE275,1.0
1851,51250,2025-06-24,JUG-112,PROD-04,UBI-PUE255,1.0
1852,51251,2025-06-19,JUG-018,PROD-02,UBI-PUE105,1.0
1853,51252,2024-05-13,JUG-206,PROD-02,UBI-PUE142,1.0
1854,51252,2024-05-13,JUG-206,PROD-06,UBI-PUE142,2.0
1855,51252,2024-05-13,JUG-206,PROD-05,UBI-PUE142,3.0
1856,51253,2024-04-26,JUG-134,PROD-03,UBI-PUE096,1.0
1857,51254,2024-08-25,JUG-148,PROD-01,UBI-PUE182,2.0
1858,51255,2024-07-22,JUG-234,PROD-06,UBI-PUE207,1.0
1859,51256,2025-06-28,JUG-076,PROD-05,UBI-PUE147,1.0
1860,51256,2025-06-28,JUG-076,PROD-02,UBI-PUE147,
1861,51257,2026-02-08,JUG-118,PROD-01,UBI-PUE195,2.0
1862,51257,2026-02-08,JUG-118,PROD-06,UBI-PUE195,1.0
1863,51257,2026-02-08,JUG-118,PROD-02,UBI-PUE195,1.0
1864,51258,2025-07-29,JUG-139,PROD-03,UBI-PUE011,2.0
1865,51258,2025-07-29,JUG-139,PROD-06,UBI-PUE011,1.0
1866,51259,2026-03-22,JUG-087,PROD-08,UBI-PUE073,
1867,51260,2026-07-08,JUG-147,PROD-07,UBI-PUE017,1.0
1868,51260,2026-07-08,JUG-147,PROD-06,UBI-PUE017,1.0
1869,51260,2026-07-08,JUG-147,PROD-06,UBI-PUE017,1.0
1870,51261,2023-09-24,JUG-188,PROD-07,UBI-PUE035,1.0
1871,51261,2023-09-24,JUG-188,PROD-01,UBI-PUE035,1.0
1872,51262,2026-01-12,JUG-221,PROD-03,UBI-PUE110,3.0
1873,51262,2026-01-12,JUG-221,PROD-03,UBI-PUE110,1.0
1874,51263,2026-08-18,JUG-033,PROD-03,UBI-PUE261,1.0
1875,51263,2026-08-18,JUG-033,PROD-07,UBI-PUE261,3.0
1876,51263,2026-08-18,JUG-033,PROD-03,UBI-PUE261,1.0
1877,51264,2025-07-12,JUG-058,PROD-08,UBI-PUE061,1.0
1878,51264,2025-07-12,JUG-058,PROD-04,UBI-PUE061,1.0
1879,51265,2026-02-08,JUG-166,PROD-02,UBI-PUE191,1.0
1880,51266,2024-09-16,JUG-169,PROD-05,UBI-PUE129,1.0
1881,51267,2026-01-14,JUG-043,PROD-04,UBI-PUE237,1.0
1882,51268,2025-09-17,JUG-096,PROD-02,UBI-PUE109,1.0
1883,51269,2026-03-16,JUG-071,PROD-06,UBI-PUE078,1.0
1884,51269,2026-03-16,JUG-071,PROD-05,UBI-PUE078,1.0
1885,51270,2024-11-23,JUG-180,PROD-06,UBI-PUE206,1.0
1886,51271,2024-12-04,JUG-003,PROD-01,UBI-PUE208,1.0
1887,51272,2026-06-08,JUG-047,PROD-05,UBI-PUE205,1.0
1888,51273,2024-09-24,JUG-186,PROD-05,UBI-PUE115,1.0
1889,51274,2025-08-16,JUG-124,PROD-01,UBI-PUE261,1.0
1890,51275,2026-08-09,JUG-241,PROD-05,UBI-PUE105,2.0
1891,51275,2026-08-09,JUG-241,PROD-04,UBI-PUE105,1.0
1892,51276,2024-02-26,JUG-106,PROD-07,UBI-PUE161,1.0
1893,51277,2024-05-22,JUG-108,PROD-08,UBI-PUE214,1.0
1894,51278,2024-05-10,JUG-170,PROD-07,UBI-PUE049,2.0
1895,51279,2024-09-12,JUG-207,PROD-08,UBI-PUE067,1.0
1896,51280,2024-01-12,JUG-155,PROD-02,UBI-PUE009,1.0
1897,51281,2024-11-12,JUG-164,PROD-05,UBI-PUE217,3.0
1898,51282,2025-08-20,JUG-199,PROD-07,UBI-PUE062,
1899,51283,2024-12-05,JUG-016,PROD-02,UBI-PUE222,1.0
1900,51283,2024-12-05,JUG-016,PROD-06,UBI-PUE222,0.0
1901,51284,2026-03-30,JUG-049,PROD-02,UBI-PUE215,2.0
1902,51284,2026-03-30,JUG-049,PROD-02,UBI-PUE215,1.0
1903,51285,2024-11-25,JUG-046,PROD-08,UBI-PUE288,1.0
1904,51286,2024-10-05,JUG-015,PROD-01,UBI-PUE027,1.0
1905,51287,2025-08-05,JUG-091,PROD-02,UBI-PUE275,1.0
1906,51288,2023-05-04,JUG-140,PROD-03,UBI-PUE262,2.0
1907,51288,2023-05-04,JUG-140,PROD-08,UBI-PUE262,1.0
1908,51289,2024-05-05,JUG-207,PROD-08,UBI-PUE060,1.0
1909,51289,2024-05-05,JUG-207,PROD-08,UBI-PUE060,1.0
1910,51289,2024-05-05,JUG-207,PROD-06,UBI-PUE060,1.0
1911,51290,2026-04-14,JUG-193,PROD-01,UBI-PUE127,1.0
1912,51290,2026-04-14,JUG-193,PROD-04,UBI-PUE127,1.0
1913,51291,2025-05-16,JUG-092,PROD-01,UBI-PUE159,1.0
1914,51292,2024-05-27,JUG-156,PROD-04,UBI-PUE215,1.0
1915,51293,2024-09-21,JUG-213,PROD-02,UBI-PUE261,1.0
1916,51294,2025-02-11,JUG-224,PROD-03,UBI-PUE165,1.0
1917,51294,2025-02-11,JUG-224,PROD-04,UBI-PUE165,1.0
1918,51294,2025-02-11,JUG-224,PROD-04,UBI-PUE165,1.0
1919,51295,2025-05-02,JUG-096,PROD-07,UBI-PUE088,1.0
1920,51295,2025-05-02,JUG-096,PROD-07,UBI-PUE088,2.0
1921,51296,2023-07-21,JUG-105,PROD-04,UBI-PUE243,2.0
1922,51296,2023-07-21,JUG-105,PROD-05,UBI-PUE243,1.0
1923,51297,2023-09-26,JUG-148,PROD-01,UBI-PUE145,1.0
1924,51297,2023-09-26,JUG-148,PROD-06,UBI-PUE145,1.0
1925,51298,2024-08-14,JUG-155,PROD-02,UBI-PUE242,1.0
1926,51299,2025-01-30,JUG-074,PROD-06,UBI-PUE187,1.0
1927,51300,2024-11-10,JUG-212,PROD-04,UBI-PUE227,1.0
1928,51300,2024-11-10,JUG-212,PROD-01,UBI-PUE227,1.0
1929,51301,2025-03-02,JUG-126,PROD-06,UBI-PUE028,1.0
1930,51301,2025-03-02,JUG-126,PROD-04,UBI-PUE028,1.0
1931,51302,2025-05-23,JUG-003,PROD-04,UBI-PUE154,1.0
1932,51302,2025-05-23,JUG-003,PROD-01,UBI-PUE154,1.0
1933,51303,2024-05-08,JUG-003,PROD-01,UBI-PUE126,1.0
1934,51303,2024-05-08,JUG-003,PROD-03,UBI-PUE126,1.0
1935,51304,2025-03-16,JUG-018,PROD-04,UBI-PUE174,1.0
1936,51304,2025-03-16,JUG-018,PROD-04,UBI-PUE174,1.0
1937,51304,2025-03-16,JUG-018,PROD-03,UBI-PUE174,0.0
1938,51305,2023-08-27,JUG-176,PROD-08,UBI-PUE282,3.0
1939,51306,2024-08-15,JUG-018,PROD-06,UBI-PUE279,1.0
1940,51307,2024-10-07,JUG-095,PROD-05,UBI-PUE246,2.0
1941,51307,2024-10-07,JUG-095,PROD-01,UBI-PUE246,1.0
1942,51307,2024-10-07,JUG-095,PROD-01,UBI-PUE246,1.0
1943,51308,2025-11-21,JUG-016,PROD-07,UBI-PUE195,3.0
1944,51309,2026-09-28,JUG-004,PROD-04,UBI-PUE198,
1945,51310,2024-08-11,JUG-173,PROD-04,UBI-PUE267,1.0
1946,51310,2024-08-11,JUG-173,PROD-07,UBI-PUE267,1.0
1947,51311,2023-12-04,JUG-248,PROD-04,UBI-PUE094,2.0
1948,51311,2023-12-04,JUG-248,PROD-01,UBI-PUE094,1.0
1949,51312,2024-02-19,JUG-064,PROD-03,UBI-PUE150,1.0
1950,51313,2023-12-27,JUG-249,PROD-04,UBI-PUE066,1.0
1951,51314,2024-06-15,JUG-084,PROD-06,UBI-PUE005,2.0
1952,51315,2025-10-19,JUG-204,PROD-08,UBI-PUE020,1.0
1953,51316,2023-11-28,JUG-234,PROD-08,UBI-PUE280,2.0
1954,51317,2026-03-09,JUG-093,PROD-02,UBI-PUE164,1.0
1955,51318,2026-08-03,JUG-175,PROD-07,UBI-PUE195,1.0
1956,51319,2025-01-27,JUG-222,PROD-05,UBI-PUE273,2.0
1957,51320,2025-09-05,JUG-079,PROD-05,UBI-PUE117,1.0
1958,51321,2024-04-11,JUG-024,PROD-03,UBI-PUE116,1.0
1959,51321,2024-04-11,JUG-024,PROD-06,UBI-PUE116,1.0
1960,51321,2024-04-11,JUG-024,PROD-03,UBI-PUE116,1.0
1961,51322,2023-10-08,JUG-159,PROD-05,UBI-PUE289,1.0
1962,51322,2023-10-08,JUG-159,PROD-03,UBI-PUE289,1.0
1963,51323,2025-10-27,JUG-129,PROD-06,UBI-PUE189,1.0
1964,51324,2024-02-02,JUG-134,PROD-01,UBI-PUE244,1.0
1965,51325,2025-09-22,JUG-041,PROD-02,UBI-PUE288,1.0
1966,51326,2025-06-22,JUG-220,PROD-05,UBI-PUE194,1.0
1967,51327,2025-04-23,JUG-023,PROD-02,UBI-PUE003,2.0
1968,51328,2025-12-12,JUG-007,PROD-01,UBI-PUE052,2.0
1969,51328,2025-12-12,JUG-007,PROD-01,UBI-PUE052,2.0
1970,51329,2024-10-11,JUG-044,PROD-08,UBI-PUE146,2.0
1971,51329,2024-10-11,JUG-044,PROD-01,UBI-PUE146,1.0
1972,51330,2024-11-29,JUG-063,PROD-02,UBI-PUE098,2.0
1973,51331,2025-10-28,JUG-087,PROD-03,UBI-PUE248,2.0
1974,51332,2026-06-01,JUG-116,PROD-04,UBI-PUE014,1.0
1975,51333,2025-02-06,JUG-137,PROD-08,UBI-PUE228,1.0
1976,51334,2025-12-13,JUG-082,PROD-02,UBI-PUE226,1.0
1977,51334,2025-12-13,JUG-082,PROD-07,UBI-PUE226,2.0
1978,51335,2025-08-22,JUG-016,PROD-02,UBI-PUE151,2.0
1979,51336,2023-07-16,JUG-010,PROD-06,UBI-PUE112,1.0
1980,51337,2025-07-05,JUG-051,PROD-03,UBI-PUE178,1.0
1981,51338,2024-07-21,JUG-249,PROD-03,UBI-PUE105,1.0
1982,51339,2024-08-08,JUG-108,PROD-03,UBI-PUE101,1.0
1983,51340,2024-05-28,JUG-160,PROD-06,UBI-PUE213,2.0
1984,51341,2024-05-14,JUG-237,PROD-04,UBI-PUE095,1.0
1985,51341,2024-05-14,JUG-237,PROD-02,UBI-PUE095,1.0
1986,51342,2026-06-17,JUG-131,PROD-06,UBI-PUE225,1.0
1987,51342,2026-06-17,JUG-131,PROD-05,UBI-PUE225,1.0
1988,51343,2026-05-02,JUG-071,PROD-06,UBI-PUE241,1.0
1989,51344,2023-12-06,JUG-134,PROD-07,UBI-PUE021,1.0
1990,51344,2023-12-06,JUG-134,PROD-05,UBI-PUE021,1.0
1991,51345,2025-11-21,JUG-087,PROD-04,UBI-PUE250,1.0
1992,51345,2025-11-21,JUG-087,PROD-07,UBI-PUE250,1.0
1993,51346,2026-03-23,JUG-004,PROD-08,UBI-PUE030,
1994,51347,2025-09-11,JUG-193,PROD-01,UBI-PUE177,1.0
1995,51347,2025-09-11,JUG-193,PROD-04,UBI-PUE177,2.0
1996,51348,2024-03-20,JUG-230,PROD-02,UBI-PUE270,1.0
1997,51349,2024-12-23,JUG-088,PROD-08,UBI-PUE197,1.0
1998,51350,2025-10-22,JUG-231,PROD-03,UBI-PUE022,1.0
1999,51350,2025-10-22,JUG-231,PROD-01,UBI-PUE022,1.0
2000,51351,2026-02-10,JUG-211,PROD-07,UBI-PUE131,1.0
2001,51351,2026-02-10,JUG-211,PROD-02,UBI-PUE131,1.0
2002,51352,2024-08-08,JUG-019,PROD-04,UBI-PUE173,1.0
2003,51352,2024-08-08,JUG-019,PROD-04,UBI-PUE173,1.0
2004,51353,2025-06-19,JUG-003,PROD-04,UBI-PUE121,1.0
2005,51353,2025-06-19,JUG-003,PROD-03,UBI-PUE121,1.0
2006,51354,2026-05-07,JUG-177,PROD-06,UBI-PUE228,2.0
2007,51354,2026-05-07,JUG-177,PROD-02,UBI-PUE228,2.0
2008,51354,2026-05-07,JUG-177,PROD-04,UBI-PUE228,1.0
2009,51355,2024-02-13,JUG-218,PROD-07,UBI-PUE112,2.0
2010,51356,2024-05-19,JUG-214,PROD-03,UBI-PUE076,2.0
2011,51357,2025-01-01,JUG-028,PROD-06,UBI-PUE133,1.0
2012,51357,2025-01-01,JUG-028,PROD-06,UBI-PUE133,1.0
2013,51358,2025-10-03,JUG-014,PROD-02,UBI-PUE288,1.0
2014,51358,2025-10-03,JUG-014,PROD-07,UBI-PUE288,1.0
2015,51359,2026-07-06,JUG-204,PROD-05,UBI-PUE145,1.0
2016,51359,2026-07-06,JUG-204,PROD-08,UBI-PUE145,2.0
2017,51360,2026-06-15,JUG-056,PROD-07,UBI-PUE210,1.0
2018,51361,2024-07-13,JUG-080,PROD-01,UBI-PUE205,1.0
2019,51362,2024-02-17,JUG-107,PROD-05,UBI-PUE021,1.0
2020,51363,2025-10-14,JUG-093,PROD-01,UBI-PUE011,1.0
2021,51363,2025-10-14,JUG-093,PROD-01,UBI-PUE011,1.0
2022,51363,2025-10-14,JUG-093,PROD-05,UBI-PUE011,1.0
2023,51364,2025-05-13,JUG-116,PROD-01,UBI-PUE248,3.0
2024,51364,2025-05-13,JUG-116,PROD-06,UBI-PUE248,1.0
2025,51364,2025-05-13,JUG-116,PROD-02,UBI-PUE248,0.0
2026,51365,2024-05-19,JUG-122,PROD-03,UBI-PUE087,1.0
2027,51365,2024-05-19,JUG-122,PROD-08,UBI-PUE087,1.0
2028,51366,2024-09-23,JUG-226,PROD-04,UBI-PUE012,3.0
2029,51367,2024-01-11,JUG-048,PROD-06,UBI-PUE150,1.0
2030,51367,2024-01-11,JUG-048,PROD-02,UBI-PUE150,2.0
2031,51367,2024-01-11,JUG-048,PROD-01,UBI-PUE150,1.0
2032,51368,2024-02-13,JUG-198,PROD-03,UBI-PUE109,1.0
2033,51369,2024-09-22,JUG-137,PROD-05,UBI-PUE173,1.0
2034,51370,2025-08-07,JUG-051,PROD-08,UBI-PUE230,1.0
2035,51370,2025-08-07,JUG-051,PROD-02,UBI-PUE230,2.0
2036,51370,2025-08-07,JUG-051,PROD-01,UBI-PUE230,1.0
2037,51371,2024-05-28,JUG-008,PROD-06,UBI-PUE037,1.0
2038,51372,2026-03-01,JUG-127,PROD-04,UBI-PUE209,1.0
2039,51372,2026-03-01,JUG-127,PROD-06,UBI-PUE209,1.0
2040,51373,2025-05-27,JUG-095,PROD-04,UBI-PUE090,1.0
2041,51373,2025-05-27,JUG-095,PROD-05,UBI-PUE090,1.0
2042,51374,2024-06-03,JUG-113,PROD-08,UBI-PUE102,3.0
2043,51374,2024-06-03,JUG-113,PROD-06,UBI-PUE102,1.0
2044,51375,2024-06-24,JUG-167,PROD-08,UBI-PUE101,1.0
2045,51376,2024-01-16,JUG-226,PROD-03,UBI-PUE101,1.0
2046,51376,2024-01-16,JUG-226,PROD-03,UBI-PUE101,0.0
2047,51377,2025-11-06,JUG-171,PROD-01,UBI-PUE214,1.0
2048,51378,2024-08-08,JUG-010,PROD-03,UBI-PUE142,2.0
2049,51379,2024-04-27,JUG-067,PROD-08,UBI-PUE168,1.0
2050,51380,2025-11-30,JUG-178,PROD-02,UBI-PUE054,1.0
2051,51381,2026-02-09,JUG-114,PROD-08,UBI-PUE076,1.0
2052,51382,2023-11-23,JUG-248,PROD-05,UBI-PUE060,2.0
2053,51382,2023-11-23,JUG-248,PROD-01,UBI-PUE060,1.0
2054,51382,2023-11-23,JUG-248,PROD-06,UBI-PUE060,1.0
2055,51383,2025-09-27,JUG-174,PROD-07,UBI-PUE135,2.0
2056,51384,2023-09-09,JUG-135,PROD-03,UBI-PUE240,1.0
2057,51385,2025-01-03,JUG-103,PROD-05,UBI-PUE084,1.0
2058,51385,2025-01-03,JUG-103,PROD-02,UBI-PUE084,2.0
2059,51386,2025-09-21,JUG-087,PROD-01,UBI-PUE176,1.0
2060,51387,2023-01-23,JUG-159,PROD-04,UBI-PUE023,1.0
2061,51387,2023-01-23,JUG-159,PROD-02,UBI-PUE023,1.0
2062,51387,2023-01-23,JUG-159,PROD-02,UBI-PUE023,1.0
2063,51388,2025-07-08,JUG-103,PROD-07,UBI-PUE286,1.0
2064,51388,2025-07-08,JUG-103,PROD-04,UBI-PUE286,1.0
2065,51389,2024-01-02,JUG-012,PROD-02,UBI-PUE166,3.0
2066,51389,2024-01-02,JUG-012,PROD-04,UBI-PUE166,1.0
2067,51390,2023-10-13,JUG-169,PROD-07,UBI-PUE253,1.0
2068,51391,2024-04-19,JUG-217,PROD-02,UBI-PUE121,1.0
2069,51392,2025-01-17,JUG-205,PROD-06,UBI-PUE004,1.0
2070,51393,2026-01-28,JUG-195,PROD-05,UBI-PUE149,1.0
2071,51393,2026-01-28,JUG-195,PROD-03,UBI-PUE149,1.0
2072,51394,2024-12-26,JUG-001,PROD-02,UBI-PUE266,2.0
2073,51395,2025-08-09,JUG-164,PROD-02,UBI-PUE158,2.0
2074,51396,2026-06-16,JUG-211,PROD-02,UBI-PUE075,2.0
2075,51397,2024-03-15,JUG-081,PROD-04,UBI-PUE178,1.0
2076,51398,2024-07-05,JUG-173,PROD-04,UBI-PUE225,1.0
2077,51398,2024-07-05,JUG-173,PROD-04,UBI-PUE225,1.0
2078,51399,2024-06-02,JUG-188,PROD-02,UBI-PUE246,1.0
2079,51400,2023-09-22,JUG-238,PROD-08,UBI-PUE162,2.0
2080,51400,2023-09-22,JUG-238,PROD-03,UBI-PUE162,1.0
2081,51401,2025-01-29,JUG-036,PROD-02,UBI-PUE266,1.0
2082,51402,2025-07-25,JUG-156,PROD-05,UBI-PUE172,1.0
2083,51402,2025-07-25,JUG-156,PROD-04,UBI-PUE172,1.0
2084,51403,2025-04-15,JUG-089,PROD-02,UBI-PUE087,1.0
2085,51404,2025-07-16,JUG-245,PROD-07,UBI-PUE232,3.0
2086,51405,2024-11-20,JUG-064,PROD-02,UBI-PUE209,1.0
2087,51406,2025-09-21,JUG-018,PROD-04,UBI-PUE217,2.0
2088,51407,2024-08-30,JUG-250,PROD-08,UBI-PUE125,1.0
2089,51408,2023-06-18,JUG-119,PROD-01,UBI-PUE125,1.0
2090,51409,2024-08-27,JUG-210,PROD-04,UBI-PUE271,1.0
2091,51410,2025-11-16,JUG-115,PROD-02,UBI-PUE271,1.0
2092,51410,2025-11-16,JUG-115,PROD-03,UBI-PUE271,2.0
2093,51411,2025-03-27,JUG-224,PROD-06,UBI-PUE220,1.0
2094,51412,2024-06-02,JUG-227,PROD-04,UBI-PUE200,1.0
2095,51413,2025-10-25,JUG-175,PROD-03,UBI-PUE207,1.0
2096,51414,2024-11-13,JUG-200,PROD-05,UBI-PUE077,0.0
2097,51415,2025-07-20,JUG-031,PROD-01,UBI-PUE276,1.0
2098,51416,2023-12-21,JUG-192,PROD-08,UBI-PUE270,
2099,51416,2023-12-21,JUG-192,PROD-02,UBI-PUE270,1.0
2100,51416,2023-12-21,JUG-192,PROD-01,UBI-PUE270,1.0
2101,51417,2024-06-26,JUG-024,PROD-01,UBI-PUE145,0.0
2102,51418,2025-01-17,JUG-136,PROD-01,UBI-PUE067,1.0
2103,51418,2025-01-17,JUG-136,PROD-02,UBI-PUE067,0.0
2104,51419,2025-12-04,JUG-051,PROD-06,UBI-PUE209,1.0
2105,51419,2025-12-04,JUG-051,PROD-04,UBI-PUE209,1.0
2106,51419,2025-12-04,JUG-051,PROD-03,UBI-PUE209,1.0
2107,51420,2025-10-30,JUG-195,PROD-07,UBI-PUE278,1.0
2108,51421,2024-11-14,JUG-020,PROD-07,UBI-PUE272,1.0
2109,51421,2024-11-14,JUG-020,PROD-07,UBI-PUE272,2.0
2110,51421,2024-11-14,JUG-020,PROD-03,UBI-PUE272,1.0
2111,51422,2025-11-22,JUG-127,PROD-03,UBI-PUE051,1.0
2112,51423,2024-01-16,JUG-064,PROD-02,UBI-PUE118,1.0
2113,51424,2024-03-28,JUG-181,PROD-07,UBI-PUE245,1.0
2114,51424,2024-03-28,JUG-181,PROD-05,UBI-PUE245,1.0
2115,51425,2024-05-05,JUG-059,PROD-05,UBI-PUE046,1.0
2116,51426,2024-02-02,JUG-213,PROD-03,UBI-PUE152,2.0
2117,51426,2024-02-02,JUG-213,PROD-02,UBI-PUE152,1.0
2118,51427,2025-01-03,JUG-085,PROD-07,UBI-PUE239,1.0
2119,51428,2026-06-07,JUG-125,PROD-06,UBI-PUE231,2.0
2120,51429,2024-07-21,JUG-180,PROD-03,UBI-PUE120,1.0
2121,51430,2026-06-06,JUG-079,PROD-06,UBI-PUE115,1.0
2122,51431,2025-02-01,JUG-230,PROD-07,UBI-PUE213,1.0
2123,51432,2025-10-30,JUG-082,PROD-02,UBI-PUE079,1.0
2124,51433,2025-03-06,JUG-115,PROD-02,UBI-PUE112,2.0
2125,51434,2024-01-29,JUG-198,PROD-03,UBI-PUE124,1.0
2126,51435,2025-12-12,JUG-109,PROD-07,UBI-PUE224,1.0
2127,51436,2024-04-13,JUG-080,PROD-08,UBI-PUE091,1.0
2128,51437,2025-09-07,JUG-087,PROD-03,UBI-PUE214,1.0
2129,51437,2025-09-07,JUG-087,PROD-03,UBI-PUE214,1.0
2130,51437,2025-09-07,JUG-087,PROD-01,UBI-PUE214,1.0
2131,51438,2023-04-21,JUG-039,PROD-08,UBI-PUE251,1.0
2132,51438,2023-04-21,JUG-039,PROD-08,UBI-PUE251,1.0
2133,51439,2024-07-28,JUG-094,PROD-03,UBI-PUE084,1.0
2134,51439,2024-07-28,JUG-094,PROD-02,UBI-PUE084,3.0
2135,51440,2026-03-30,JUG-233,PROD-04,UBI-PUE114,1.0
2136,51441,2025-12-19,JUG-204,PROD-01,UBI-PUE136,1.0
2137,51441,2025-12-19,JUG-204,PROD-07,UBI-PUE136,2.0
2138,51442,2024-09-06,JUG-054,PROD-06,UBI-PUE274,1.0
2139,51443,2024-08-01,JUG-025,PROD-04,UBI-PUE038,1.0
2140,51443,2024-08-01,JUG-025,PROD-08,UBI-PUE038,1.0
2141,51444,2026-05-28,JUG-077,PROD-02,UBI-PUE222,2.0
2142,51445,2023-11-12,JUG-105,PROD-06,UBI-PUE138,1.0
2143,51445,2023-11-12,JUG-105,PROD-02,UBI-PUE138,1.0
2144,51446,2024-03-25,JUG-169,PROD-07,UBI-PUE078,2.0
2145,51447,2026-10-16,JUG-185,PROD-06,UBI-PUE068,2.0
2146,51448,2024-09-02,JUG-236,PROD-02,UBI-PUE086,1.0
2147,51449,2025-11-25,JUG-121,PROD-04,UBI-PUE225,1.0
2148,51449,2025-11-25,JUG-121,PROD-05,UBI-PUE225,1.0
2149,51450,2024-07-07,JUG-188,PROD-06,UBI-PUE113,2.0
2150,51450,2024-07-07,JUG-188,PROD-02,UBI-PUE113,1.0
2151,51451,2025-07-07,JUG-211,PROD-02,UBI-PUE177,1.0
2152,51452,2024-06-22,JUG-235,PROD-08,UBI-PUE015,3.0
2153,51453,2026-01-20,JUG-221,PROD-07,UBI-PUE010,1.0
2154,51454,2024-02-09,JUG-053,PROD-06,UBI-PUE187,1.0
2155,51454,2024-02-09,JUG-053,PROD-01,UBI-PUE187,1.0
2156,51455,2025-07-24,JUG-131,PROD-08,UBI-PUE043,1.0
2157,51455,2025-07-24,JUG-131,PROD-07,UBI-PUE043,3.0
2158,51455,2025-07-24,JUG-131,PROD-08,UBI-PUE043,1.0
2159,51456,2025-02-24,JUG-186,PROD-08,UBI-PUE197,1.0
2160,51456,2025-02-24,JUG-186,PROD-07,UBI-PUE197,2.0
2161,51457,2023-03-14,JUG-008,PROD-06,UBI-PUE251,2.0
2162,51457,2023-03-14,JUG-008,PROD-07,UBI-PUE251,1.0
2163,51458,2023-10-26,JUG-048,PROD-05,UBI-PUE240,2.0
2164,51459,2025-09-29,JUG-050,PROD-06,UBI-PUE045,3.0
2165,51459,2025-09-29,JUG-050,PROD-05,UBI-PUE045,1.0
2166,51459,2025-09-29,JUG-050,PROD-01,UBI-PUE045,1.0
2167,51460,2026-04-09,JUG-022,PROD-08,UBI-PUE276,1.0
2168,51461,2026-02-22,JUG-175,PROD-03,UBI-PUE181,1.0
2169,51461,2026-02-22,JUG-175,PROD-02,UBI-PUE181,2.0
2170,51461,2026-02-22,JUG-175,PROD-06,UBI-PUE181,2.0
2171,51462,2025-11-17,JUG-131,PROD-06,UBI-PUE253,1.0
2172,51462,2025-11-17,JUG-131,PROD-02,UBI-PUE253,1.0
2173,51462,2025-11-17,JUG-131,PROD-07,UBI-PUE253,1.0
2174,51463,2025-04-12,JUG-113,PROD-08,UBI-PUE074,1.0
2175,51464,2023-10-28,JUG-106,PROD-07,UBI-PUE087,1.0
2176,51464,2023-10-28,JUG-106,PROD-02,UBI-PUE087,1.0
2177,51465,2023-09-27,JUG-197,PROD-01,UBI-PUE132,1.0
2178,51466,2024-03-24,JUG-042,PROD-03,UBI-PUE278,1.0
2179,51466,2024-03-24,JUG-042,PROD-07,UBI-PUE278,1.0
2180,51467,2026-03-07,JUG-147,PROD-04,UBI-PUE188,1.0
2181,51467,2026-03-07,JUG-147,PROD-03,UBI-PUE188,1.0
2182,51468,2025-06-19,JUG-196,PROD-07,UBI-PUE165,3.0
2183,51469,2024-10-04,JUG-191,PROD-06,UBI-PUE083,1.0
2184,51469,2024-10-04,JUG-191,PROD-07,UBI-PUE083,1.0
2185,51470,2025-10-26,JUG-166,PROD-05,UBI-PUE269,3.0
2186,51470,2025-10-26,JUG-166,PROD-01,UBI-PUE269,1.0
2187,51471,2026-04-02,JUG-116,PROD-02,UBI-PUE087,2.0
2188,51472,2025-08-21,JUG-145,PROD-03,UBI-PUE148,2.0
2189,51473,2023-11-22,JUG-173,PROD-02,UBI-PUE192,1.0
2190,51474,2025-08-23,JUG-101,PROD-04,UBI-PUE251,1.0
2191,51475,2025-12-13,JUG-194,PROD-07,UBI-PUE054,1.0
2192,51476,2023-07-20,JUG-184,PROD-08,UBI-PUE264,1.0
2193,51477,2024-08-23,JUG-067,PROD-02,UBI-PUE157,2.0
2194,51478,2026-03-30,JUG-116,PROD-06,UBI-PUE037,1.0
2195,51478,2026-03-30,JUG-116,PROD-03,UBI-PUE037,1.0
2196,51479,2025-06-14,JUG-125,PROD-02,UBI-PUE239,1.0
2197,51479,2025-06-14,JUG-125,PROD-02,UBI-PUE239,2.0
2198,51480,2026-10-23,JUG-172,PROD-07,UBI-PUE261,1.0
2199,51480,2026-10-23,JUG-172,PROD-08,UBI-PUE261,2.0
2200,51481,2024-01-18,JUG-130,PROD-01,UBI-PUE045,2.0
2201,51481,2024-01-18,JUG-130,PROD-04,UBI-PUE045,3.0
2202,51482,2023-12-10,JUG-064,PROD-08,UBI-PUE088,1.0
2203,51483,2025-03-13,JUG-045,PROD-06,UBI-PUE085,1.0
2204,51484,2025-01-18,JUG-005,PROD-01,UBI-PUE200,1.0
2205,51484,2025-01-18,JUG-005,PROD-06,UBI-PUE200,1.0
2206,51485,2024-09-14,JUG-058,PROD-03,UBI-PUE097,1.0
2207,51486,2025-01-26,JUG-028,PROD-05,UBI-PUE149,3.0
2208,51487,2023-11-13,JUG-107,PROD-08,UBI-PUE029,1.0
2209,51487,2023-11-13,JUG-107,PROD-08,UBI-PUE029,1.0
2210,51488,2025-05-06,JUG-005,PROD-08,UBI-PUE259,1.0
2211,51489,2024-02-13,JUG-202,PROD-04,UBI-PUE206,1.0
2212,51490,2025-09-07,JUG-087,PROD-06,UBI-PUE117,1.0
2213,51491,2025-12-25,JUG-241,PROD-01,UBI-PUE272,1.0
2214,51491,2025-12-25,JUG-241,PROD-06,UBI-PUE272,1.0
2215,51492,2026-08-04,JUG-123,PROD-03,UBI-PUE256,1.0
2216,51492,2026-08-04,JUG-123,PROD-06,UBI-PUE256,1.0
2217,51493,2024-03-27,JUG-169,PROD-04,UBI-PUE163,1.0
2218,51493,2024-03-27,JUG-169,PROD-03,UBI-PUE163,3.0
2219,51494,2024-11-08,JUG-080,PROD-08,UBI-PUE033,1.0
2220,51495,2025-05-06,JUG-045,PROD-03,UBI-PUE071,1.0
2221,51495,2025-05-06,JUG-045,PROD-08,UBI-PUE071,1.0
2222,51496,2024-12-08,JUG-037,PROD-06,UBI-PUE271,2.0
2223,51497,2024-02-14,JUG-104,PROD-02,UBI-PUE022,1.0
2224,51497,2024-02-14,JUG-104,PROD-05,UBI-PUE022,1.0
2225,51498,2024-10-02,JUG-107,PROD-03,UBI-PUE100,1.0
2226,51499,2024-01-21,JUG-126,PROD-05,UBI-PUE242,1.0
2227,51499,2024-01-21,JUG-126,PROD-05,UBI-PUE242,1.0
2228,51500,2024-04-08,JUG-223,PROD-01,UBI-PUE184,1.0
2229,51501,2026-03-25,JUG-073,PROD-02,UBI-PUE288,2.0
2230,51502,2023-07-20,JUG-140,PROD-06,UBI-PUE220,1.0
2231,51503,2026-04-19,JUG-124,PROD-06,UBI-PUE065,1.0
2232,51504,2024-07-19,JUG-236,PROD-07,UBI-PUE276,1.0
2233,51505,2026-03-24,JUG-013,PROD-04,UBI-PUE178,1.0
2234,51506,2025-05-08,JUG-045,PROD-06,UBI-PUE091,3.0
2235,51507,2025-10-16,JUG-221,PROD-07,UBI-PUE072,2.0
2236,51508,2026-02-19,JUG-009,PROD-04,UBI-PUE266,1.0
2237,51509,2023-10-29,JUG-191,PROD-03,UBI-PUE237,1.0
2238,51510,2025-01-22,JUG-137,PROD-05,UBI-PUE004,1.0
2239,51511,2023-11-08,JUG-184,PROD-07,UBI-PUE097,1.0
2240,51512,2024-04-02,JUG-059,PROD-08,UBI-PUE163,1.0
2241,51512,2024-04-02,JUG-059,PROD-08,UBI-PUE163,1.0
2242,51512,2024-04-02,JUG-059,PROD-01,UBI-PUE163,1.0
2243,51513,2024-08-21,JUG-208,PROD-06,UBI-PUE049,1.0
2244,51514,2024-12-14,JUG-215,PROD-07,UBI-PUE037,1.0
2245,51514,2024-12-14,JUG-215,PROD-02,UBI-PUE037,2.0
2246,51514,2024-12-14,JUG-215,PROD-06,UBI-PUE037,1.0
2247,51515,2024-04-25,JUG-001,PROD-07,UBI-PUE253,2.0
2248,51516,2025-02-16,JUG-020,PROD-05,UBI-PUE278,1.0
2249,51517,2024-03-13,JUG-081,PROD-02,UBI-PUE187,1.0
2250,51518,2024-05-06,JUG-081,PROD-08,UBI-PUE194,1.0
2251,51519,2024-09-18,JUG-182,PROD-05,UBI-PUE249,2.0
2252,51520,2023-08-19,JUG-159,PROD-02,UBI-PUE152,1.0
2253,51520,2023-08-19,JUG-159,PROD-02,UBI-PUE152,1.0
2254,51520,2023-08-19,JUG-159,PROD-04,UBI-PUE152,1.0
2255,51521,2025-03-23,JUG-141,PROD-03,UBI-PUE247,2.0
2256,51522,2025-10-05,JUG-041,PROD-01,UBI-PUE257,1.0
2257,51523,2025-11-29,JUG-089,PROD-06,UBI-PUE103,2.0
2258,51523,2025-11-29,JUG-089,PROD-01,UBI-PUE103,1.0
2259,51524,2026-06-17,JUG-057,PROD-04,UBI-PUE047,1.0
2260,51525,2024-01-15,JUG-027,PROD-05,UBI-PUE221,1.0
2261,51525,2024-01-15,JUG-027,PROD-02,UBI-PUE221,2.0
2262,51526,2025-01-21,JUG-228,PROD-08,UBI-PUE254,2.0
2263,51527,2024-08-08,JUG-209,PROD-05,UBI-PUE164,1.0
2264,51528,2023-10-17,JUG-239,PROD-02,UBI-PUE123,1.0
2265,51529,2024-03-20,JUG-247,PROD-03,UBI-PUE080,3.0
2266,51529,2024-03-20,JUG-247,PROD-02,UBI-PUE080,1.0
2267,51530,2024-03-19,JUG-143,PROD-05,UBI-PUE128,1.0
2268,51531,2023-10-23,JUG-210,PROD-05,UBI-PUE263,3.0
2269,51532,2026-01-05,JUG-131,PROD-06,UBI-PUE198,1.0
2270,51533,2026-10-14,JUG-233,PROD-08,UBI-PUE023,3.0
2271,51533,2026-10-14,JUG-233,PROD-06,UBI-PUE023,2.0
2272,51534,2026-06-13,JUG-043,PROD-01,UBI-PUE049,1.0
2273,51534,2026-06-13,JUG-043,PROD-08,UBI-PUE049,1.0
2274,51534,2026-06-13,JUG-043,PROD-01,UBI-PUE049,3.0
2275,51535,2025-12-05,JUG-233,PROD-04,UBI-PUE022,1.0
2276,51536,2025-07-29,JUG-220,PROD-06,UBI-PUE183,1.0
2277,51537,2024-03-22,JUG-244,PROD-06,UBI-PUE215,1.0
2278,51537,2024-03-22,JUG-244,PROD-01,UBI-PUE215,3.0
2279,51538,2025-05-11,JUG-186,PROD-08,UBI-PUE147,1.0
2280,51538,2025-05-11,JUG-186,PROD-01,UBI-PUE147,1.0
2281,51538,2025-05-11,JUG-186,PROD-07,UBI-PUE147,1.0
2282,51539,2025-07-06,JUG-204,PROD-07,UBI-PUE108,1.0
2283,51539,2025-07-06,JUG-204,PROD-08,UBI-PUE108,1.0
2284,51540,2023-07-09,JUG-104,PROD-04,UBI-PUE165,1.0
2285,51541,2025-12-01,JUG-007,PROD-07,UBI-PUE261,1.0
2286,51542,2024-11-05,JUG-227,PROD-06,UBI-PUE037,1.0
2287,51543,2024-05-22,JUG-010,PROD-02,UBI-PUE259,1.0
2288,51544,2024-06-27,JUG-237,PROD-04,UBI-PUE044,1.0
2289,51545,2024-11-22,JUG-089,PROD-06,UBI-PUE177,1.0
2290,51545,2024-11-22,JUG-089,PROD-07,UBI-PUE177,3.0
2291,51546,2025-06-29,JUG-182,PROD-01,UBI-PUE257,2.0
2292,51546,2025-06-29,JUG-182,PROD-03,UBI-PUE257,1.0
2293,51547,2024-12-01,JUG-024,PROD-02,UBI-PUE289,1.0
2294,51547,2024-12-01,JUG-024,PROD-08,UBI-PUE289,1.0
2295,51548,2026-02-14,JUG-112,PROD-03,UBI-PUE036,3.0
2296,51548,2026-02-14,JUG-112,PROD-05,UBI-PUE036,1.0
2297,51548,2026-02-14,JUG-112,PROD-05,UBI-PUE036,1.0
2298,51549,2026-06-09,JUG-116,PROD-08,UBI-PUE018,2.0
2299,51550,2025-08-27,JUG-050,PROD-04,UBI-PUE071,1.0
2300,51551,2025-12-07,JUG-116,PROD-04,UBI-PUE174,2.0
2301,51551,2025-12-07,JUG-116,PROD-01,UBI-PUE174,1.0
2302,51552,2024-02-18,JUG-157,PROD-04,UBI-PUE107,1.0
2303,51553,2025-06-30,JUG-051,PROD-06,UBI-PUE040,1.0
2304,51554,2023-11-07,JUG-191,PROD-02,UBI-PUE005,1.0
2305,51554,2023-11-07,JUG-191,PROD-08,UBI-PUE005,2.0
2306,51555,2025-10-25,JUG-005,PROD-03,UBI-PUE080,0.0
2307,51556,2025-12-01,JUG-133,PROD-04,UBI-PUE201,1.0
2308,51556,2025-12-01,JUG-133,PROD-02,UBI-PUE201,1.0
2309,51557,2024-03-25,JUG-207,PROD-08,UBI-PUE175,
2310,51558,2024-11-22,JUG-016,PROD-07,UBI-PUE019,1.0
2311,51559,2025-10-14,JUG-142,PROD-02,UBI-PUE248,1.0
2312,51559,2025-10-14,JUG-142,PROD-02,UBI-PUE248,1.0
2313,51560,2026-07-19,JUG-243,PROD-01,UBI-PUE020,2.0
2314,51560,2026-07-19,JUG-243,PROD-02,UBI-PUE020,1.0
2315,51561,2024-05-03,JUG-238,PROD-02,UBI-PUE022,1.0
2316,51562,2024-12-24,JUG-205,PROD-01,UBI-PUE036,1.0
2317,51563,2023-08-03,JUG-225,PROD-03,UBI-PUE079,1.0
2318,51564,2023-08-25,JUG-203,PROD-03,UBI-PUE127,3.0
2319,51564,2023-08-25,JUG-203,PROD-05,UBI-PUE127,1.0
2320,51565,2024-05-11,JUG-192,PROD-02,UBI-PUE186,1.0
2321,51566,2026-06-05,JUG-241,PROD-07,UBI-PUE059,2.0
2322,51567,2025-04-11,JUG-088,PROD-07,UBI-PUE265,1.0
2323,51568,2025-02-01,JUG-126,PROD-03,UBI-PUE274,1.0
2324,51569,2025-05-28,JUG-096,PROD-06,UBI-PUE208,1.0
2325,51569,2025-05-28,JUG-096,PROD-06,UBI-PUE208,1.0
2326,51569,2025-05-28,JUG-096,PROD-08,UBI-PUE208,1.0
2327,51570,2026-10-16,JUG-112,PROD-06,UBI-PUE015,1.0
2328,51571,2025-10-27,JUG-144,PROD-08,UBI-PUE225,3.0
2329,51571,2025-10-27,JUG-144,PROD-07,UBI-PUE225,1.0
2330,51572,2025-09-14,JUG-055,PROD-04,UBI-PUE133,1.0
2331,51573,2024-03-19,JUG-069,PROD-05,UBI-PUE149,3.0
2332,51573,2024-03-19,JUG-069,PROD-01,UBI-PUE149,1.0
2333,51574,2024-03-23,JUG-156,PROD-08,UBI-PUE283,1.0
2334,51575,2025-04-15,JUG-206,PROD-08,UBI-PUE232,1.0
2335,51576,2024-10-22,JUG-160,PROD-01,UBI-PUE176,1.0
2336,51577,2025-01-22,JUG-208,PROD-04,UBI-PUE046,1.0
2337,51578,2025-02-06,JUG-029,PROD-05,UBI-PUE105,1.0
2338,51579,2025-12-16,JUG-009,PROD-04,UBI-PUE004,1.0
2339,51579,2025-12-16,JUG-009,PROD-06,UBI-PUE004,1.0
2340,51580,2025-05-16,JUG-162,PROD-07,UBI-PUE192,1.0
2341,51580,2025-05-16,JUG-162,PROD-02,UBI-PUE192,1.0
2342,51580,2025-05-16,JUG-162,PROD-04,UBI-PUE192,1.0
2343,51581,2023-02-06,JUG-034,PROD-08,UBI-PUE264,2.0
2344,51582,2025-08-06,JUG-194,PROD-01,UBI-PUE140,1.0
2345,51582,2025-08-06,JUG-194,PROD-04,UBI-PUE140,1.0
2346,51583,2025-09-12,JUG-133,PROD-03,UBI-PUE017,1.0
2347,51584,2024-07-13,JUG-239,PROD-06,UBI-PUE108,1.0
2348,51585,2025-04-15,JUG-245,PROD-04,UBI-PUE278,1.0
2349,51586,2023-12-29,JUG-210,PROD-01,UBI-PUE114,1.0
2350,51586,2023-12-29,JUG-210,PROD-02,UBI-PUE114,1.0
2351,51587,2023-07-04,JUG-197,PROD-08,UBI-PUE106,1.0
2352,51588,2026-02-11,JUG-224,PROD-01,UBI-PUE129,1.0
2353,51589,2026-05-11,JUG-153,PROD-01,UBI-PUE277,1.0
2354,51590,2025-09-12,JUG-221,PROD-03,UBI-PUE232,1.0
2355,51591,2024-03-20,JUG-111,PROD-01,UBI-PUE261,1.0
2356,51591,2024-03-20,JUG-111,PROD-03,UBI-PUE261,1.0
2357,51591,2024-03-20,JUG-111,PROD-08,UBI-PUE261,1.0
2358,51592,2025-09-14,JUG-112,PROD-03,UBI-PUE045,3.0
2359,51592,2025-09-14,JUG-112,PROD-06,UBI-PUE045,1.0
2360,51593,2024-05-10,JUG-134,PROD-01,UBI-PUE164,1.0
2361,51594,2025-01-08,JUG-110,PROD-06,UBI-PUE181,1.0
2362,51595,2024-09-06,JUG-190,PROD-01,UBI-PUE289,1.0
2363,51596,2025-05-29,JUG-031,PROD-01,UBI-PUE052,1.0
2364,51597,2024-03-30,JUG-070,PROD-01,UBI-PUE084,2.0
2365,51598,2024-02-11,JUG-067,PROD-05,UBI-PUE203,1.0
2366,51599,2024-10-22,JUG-012,PROD-02,UBI-PUE250,1.0
2367,51599,2024-10-22,JUG-012,PROD-02,UBI-PUE250,1.0
2368,51600,2026-01-17,JUG-031,PROD-05,UBI-PUE089,3.0
2369,51601,2024-08-19,JUG-164,PROD-06,UBI-PUE022,2.0
2370,51601,2024-08-19,JUG-164,PROD-07,UBI-PUE022,1.0
2371,51602,2025-09-06,JUG-007,PROD-04,UBI-PUE253,1.0
2372,51602,2025-09-06,JUG-007,PROD-03,UBI-PUE253,
2373,51603,2024-12-25,JUG-179,PROD-06,UBI-PUE007,2.0
2374,51604,2026-03-09,JUG-205,PROD-03,UBI-PUE209,1.0
2375,51605,2026-03-29,JUG-245,PROD-01,UBI-PUE011,1.0
2376,51606,2025-05-11,JUG-163,PROD-08,UBI-PUE057,1.0
2377,51607,2026-02-13,JUG-075,PROD-03,UBI-PUE134,1.0
2378,51607,2026-02-13,JUG-075,PROD-08,UBI-PUE134,1.0
2379,51608,2023-12-16,JUG-107,PROD-03,UBI-PUE198,1.0
2380,51609,2025-10-10,JUG-147,PROD-07,UBI-PUE248,1.0
2381,51610,2024-06-14,JUG-217,PROD-02,UBI-PUE001,1.0
2382,51611,2023-11-04,JUG-197,PROD-05,UBI-PUE266,1.0
2383,51611,2023-11-04,JUG-197,PROD-01,UBI-PUE266,1.0
2384,51612,2024-11-13,JUG-163,PROD-05,UBI-PUE172,1.0
2385,51613,2023-10-07,JUG-008,PROD-04,UBI-PUE112,2.0
2386,51613,2023-10-07,JUG-008,PROD-05,UBI-PUE112,1.0
2387,51614,2024-03-16,JUG-070,PROD-07,UBI-PUE275,1.0
2388,51614,2024-03-16,JUG-070,PROD-01,UBI-PUE275,1.0
2389,51615,2026-06-24,JUG-211,PROD-07,UBI-PUE244,1.0
2390,51616,2024-04-18,JUG-188,PROD-04,UBI-PUE202,1.0
2391,51616,2024-04-18,JUG-188,PROD-07,UBI-PUE202,1.0
2392,51616,2024-04-18,JUG-188,PROD-03,UBI-PUE202,2.0
2393,51617,2026-09-01,JUG-004,PROD-05,UBI-PUE091,1.0
2394,51617,2026-09-01,JUG-004,PROD-01,UBI-PUE091,1.0
2395,51618,2024-06-21,JUG-247,PROD-05,UBI-PUE094,1.0
2396,51619,2025-10-28,JUG-123,PROD-04,UBI-PUE115,1.0
2397,51620,2023-09-20,JUG-189,PROD-07,UBI-PUE185,1.0
2398,51621,2024-04-13,JUG-132,PROD-05,UBI-PUE174,1.0
2399,51622,2025-10-13,JUG-044,PROD-02,UBI-PUE071,1.0
2400,51623,2024-05-21,JUG-074,PROD-03,UBI-PUE289,2.0
2401,51624,2025-01-29,JUG-017,PROD-02,UBI-PUE102,1.0
2402,51625,2025-11-08,JUG-061,PROD-05,UBI-PUE115,1.0
2403,51625,2025-11-08,JUG-061,PROD-02,UBI-PUE115,1.0
2404,51625,2025-11-08,JUG-061,PROD-06,UBI-PUE115,1.0
2405,51626,2025-11-07,JUG-183,PROD-06,UBI-PUE228,1.0
2406,51627,2026-01-24,JUG-115,PROD-01,UBI-PUE193,1.0
2407,51627,2026-01-24,JUG-115,PROD-05,UBI-PUE193,2.0
2408,51628,2025-08-03,JUG-141,PROD-04,UBI-PUE019,1.0
2409,51629,2025-06-27,JUG-003,PROD-01,UBI-PUE140,1.0
2410,51630,2024-07-01,JUG-170,PROD-05,UBI-PUE219,1.0
2411,51631,2024-05-09,JUG-108,PROD-07,UBI-PUE041,1.0
2412,51632,2023-07-08,JUG-232,PROD-04,UBI-PUE204,1.0
2413,51633,2024-10-27,JUG-062,PROD-08,UBI-PUE254,2.0
2414,51634,2024-02-10,JUG-181,PROD-07,UBI-PUE137,3.0
2415,51635,2025-09-28,JUG-147,PROD-01,UBI-PUE089,1.0
2416,51636,2026-12-05,JUG-057,PROD-01,UBI-PUE044,1.0
2417,51637,2023-11-19,JUG-223,PROD-03,UBI-PUE091,2.0
2418,51638,2023-03-22,JUG-238,PROD-07,UBI-PUE016,1.0
2419,51639,2025-08-24,JUG-233,PROD-02,UBI-PUE225,1.0
2420,51640,2026-08-02,JUG-082,PROD-03,UBI-PUE122,2.0
2421,51641,2026-03-21,JUG-153,PROD-02,UBI-PUE020,1.0
2422,51642,2023-07-31,JUG-237,PROD-06,UBI-PUE103,1.0
2423,51642,2023-07-31,JUG-237,PROD-01,UBI-PUE103,1.0
2424,51643,2026-04-06,JUG-204,PROD-01,UBI-PUE159,3.0
2425,51643,2026-04-06,JUG-204,PROD-03,UBI-PUE159,1.0
2426,51644,2024-03-13,JUG-197,PROD-05,UBI-PUE090,1.0
2427,51645,2024-08-06,JUG-183,PROD-01,UBI-PUE118,1.0
2428,51646,2024-06-06,JUG-155,PROD-05,UBI-PUE127,1.0
2429,51647,2024-01-30,JUG-249,PROD-05,UBI-PUE191,1.0
2430,51648,2025-04-04,JUG-146,PROD-06,UBI-PUE028,1.0
2431,51648,2025-04-04,JUG-146,PROD-04,UBI-PUE028,1.0
2432,51649,2023-09-12,JUG-067,PROD-05,UBI-PUE089,1.0
2433,51650,2024-10-25,JUG-060,PROD-01,UBI-PUE200,1.0
2434,51651,2025-09-16,JUG-078,PROD-05,UBI-PUE202,1.0
2435,51652,2025-04-18,JUG-200,PROD-05,UBI-PUE230,1.0
2436,51653,2025-10-14,JUG-127,PROD-05,UBI-PUE186,1.0
2437,51653,2025-10-14,JUG-127,PROD-01,UBI-PUE186,2.0
2438,51654,2024-12-06,JUG-084,PROD-04,UBI-PUE023,1.0
2439,51655,2024-06-13,JUG-202,PROD-06,UBI-PUE161,1.0
2440,51656,2023-05-26,JUG-019,PROD-05,UBI-PUE147,1.0
2441,51657,2026-05-21,JUG-073,PROD-08,UBI-PUE201,1.0
2442,51658,2025-03-04,JUG-022,PROD-08,UBI-PUE204,1.0
2443,51659,2026-02-07,JUG-224,PROD-07,UBI-PUE169,1.0
2444,51660,2026-02-10,JUG-131,PROD-03,UBI-PUE195,1.0
2445,51661,2023-09-21,JUG-169,PROD-04,UBI-PUE181,1.0
2446,51661,2023-09-21,JUG-169,PROD-01,UBI-PUE181,2.0
2447,51661,2023-09-21,JUG-169,PROD-07,UBI-PUE181,1.0
2448,51662,2024-04-11,JUG-094,PROD-03,UBI-PUE113,
2449,51662,2024-04-11,JUG-094,PROD-08,UBI-PUE113,1.0
2450,51663,2023-08-10,JUG-048,PROD-01,UBI-PUE087,1.0
2451,51664,2024-02-19,JUG-213,PROD-01,UBI-PUE130,1.0
2452,51664,2024-02-19,JUG-213,PROD-05,UBI-PUE130,1.0
2453,51664,2024-02-19,JUG-213,PROD-08,UBI-PUE130,1.0
2454,51665,2025-07-11,JUG-030,PROD-07,UBI-PUE200,
2455,51666,2024-07-10,JUG-110,PROD-06,UBI-PUE268,2.0
2456,51666,2024-07-10,JUG-110,PROD-07,UBI-PUE268,1.0
2457,51666,2024-07-10,JUG-110,PROD-07,UBI-PUE268,1.0
2458,51667,2024-02-26,JUG-008,PROD-06,UBI-PUE183,1.0
2459,51667,2024-02-26,JUG-008,PROD-01,UBI-PUE183,1.0
2460,51668,2023-08-23,JUG-105,PROD-05,UBI-PUE146,1.0
2461,51669,2023-10-24,JUG-181,PROD-04,UBI-PUE111,1.0
2462,51670,2024-08-02,JUG-249,PROD-02,UBI-PUE254,1.0
2463,51671,2025-11-14,JUG-233,PROD-05,UBI-PUE253,3.0
2464,51672,2024-07-01,JUG-187,PROD-05,UBI-PUE160,1.0
2465,51673,2026-05-29,JUG-043,PROD-05,UBI-PUE154,1.0
2466,51674,2025-12-20,JUG-153,PROD-07,UBI-PUE128,2.0
2467,51674,2025-12-20,JUG-153,PROD-02,UBI-PUE128,1.0
2468,51675,2023-07-17,JUG-069,PROD-04,UBI-PUE204,1.0
2469,51676,2025-03-21,JUG-194,PROD-01,UBI-PUE185,1.0
2470,51677,2023-08-09,JUG-247,PROD-04,UBI-PUE009,1.0
2471,51677,2023-08-09,JUG-247,PROD-01,UBI-PUE009,2.0
2472,51678,2025-01-27,JUG-196,PROD-06,UBI-PUE098,2.0
2473,51679,2024-03-21,JUG-209,PROD-07,UBI-PUE253,3.0
2474,51680,2025-06-13,JUG-174,PROD-07,UBI-PUE053,1.0
2475,51680,2025-06-13,JUG-174,PROD-01,UBI-PUE053,1.0
2476,51680,2025-06-13,JUG-174,PROD-05,UBI-PUE053,2.0
2477,51681,2025-09-24,JUG-049,PROD-03,UBI-PUE190,1.0
2478,51682,2025-03-06,JUG-086,PROD-03,UBI-PUE248,1.0
2479,51682,2025-03-06,JUG-086,PROD-08,UBI-PUE248,1.0
2480,51683,2024-09-16,JUG-138,PROD-01,UBI-PUE014,1.0
2481,51684,2025-09-24,JUG-162,PROD-08,UBI-PUE016,1.0
2482,51685,2024-05-08,JUG-164,PROD-02,UBI-PUE288,1.0
2483,51685,2024-05-08,JUG-164,PROD-04,UBI-PUE288,2.0
2484,51686,2025-08-19,JUG-009,PROD-02,UBI-PUE248,1.0
2485,51686,2025-08-19,JUG-009,PROD-04,UBI-PUE248,1.0
2486,51687,2025-06-05,JUG-229,PROD-03,UBI-PUE061,1.0
2487,51688,2025-05-04,JUG-177,PROD-04,UBI-PUE130,1.0
2488,51688,2025-05-04,JUG-177,PROD-03,UBI-PUE130,1.0
2489,51689,2023-12-17,JUG-117,PROD-01,UBI-PUE155,1.0
2490,51690,2024-06-24,JUG-113,PROD-07,UBI-PUE104,1.0
2491,51691,2025-01-29,JUG-163,PROD-05,UBI-PUE030,1.0
2492,51691,2025-01-29,JUG-163,PROD-02,UBI-PUE030,2.0
2493,51691,2025-01-29,JUG-163,PROD-06,UBI-PUE030,1.0
2494,51692,2026-01-16,JUG-118,PROD-08,UBI-PUE137,2.0
2495,51693,2026-02-07,JUG-194,PROD-07,UBI-PUE079,1.0
2496,51693,2026-02-07,JUG-194,PROD-07,UBI-PUE079,1.0
2497,51694,2024-12-13,JUG-196,PROD-07,UBI-PUE194,1.0
2498,51695,2024-06-25,JUG-234,PROD-04,UBI-PUE039,2.0
2499,51696,2026-08-08,JUG-096,PROD-06,UBI-PUE208,2.0
2500,51696,2026-08-08,JUG-096,PROD-03,UBI-PUE208,1.0
2501,51697,2024-04-02,JUG-214,PROD-07,UBI-PUE239,1.0
2502,51697,2024-04-02,JUG-214,PROD-04,UBI-PUE239,1.0
2503,51698,2025-07-11,JUG-235,PROD-03,UBI-PUE266,1.0
2504,51699,2025-01-01,JUG-044,PROD-03,UBI-PUE069,1.0
2505,51700,2025-05-05,JUG-103,PROD-06,UBI-PUE056,1.0
2506,51701,2026-03-25,JUG-178,PROD-01,UBI-PUE058,2.0
2507,51702,2025-09-21,JUG-086,PROD-05,UBI-PUE086,1.0
2508,51702,2025-09-21,JUG-086,PROD-04,UBI-PUE086,1.0
2509,51702,2025-09-21,JUG-086,PROD-01,UBI-PUE086,1.0
2510,51703,2026-03-16,JUG-123,PROD-03,UBI-PUE120,1.0
2511,51704,2026-01-15,JUG-241,PROD-01,UBI-PUE257,1.0
2512,51705,2026-01-03,JUG-057,PROD-04,UBI-PUE285,1.0
2513,51706,2023-09-21,JUG-159,PROD-04,UBI-PUE249,2.0
2514,51706,2023-09-21,JUG-159,PROD-07,UBI-PUE249,2.0
2515,51707,2025-03-18,JUG-154,PROD-05,UBI-PUE239,1.0
2516,51708,2025-01-28,JUG-022,PROD-03,UBI-PUE024,1.0
2517,51708,2025-01-28,JUG-022,PROD-04,UBI-PUE024,1.0
2518,51708,2025-01-28,JUG-022,PROD-08,UBI-PUE024,1.0
2519,51709,2026-04-12,JUG-172,PROD-06,UBI-PUE157,1.0
2520,51710,2025-07-08,JUG-205,PROD-07,UBI-PUE247,1.0
2521,51711,2025-05-17,JUG-206,PROD-07,UBI-PUE039,1.0
2522,51712,2024-07-09,JUG-130,PROD-02,UBI-PUE205,1.0
2523,51712,2024-07-09,JUG-130,PROD-04,UBI-PUE205,2.0
2524,51713,2025-04-02,JUG-032,PROD-07,UBI-PUE134,2.0
2525,51714,2025-08-23,JUG-166,PROD-07,UBI-PUE087,2.0
2526,51715,2024-10-07,JUG-160,PROD-02,UBI-PUE107,1.0
2527,51716,2024-07-23,JUG-141,PROD-01,UBI-PUE188,1.0
2528,51717,2024-03-20,JUG-032,PROD-08,UBI-PUE145,1.0
2529,51717,2024-03-20,JUG-032,PROD-01,UBI-PUE145,1.0
2530,51717,2024-03-20,JUG-032,PROD-06,UBI-PUE145,1.0
2531,51718,2025-03-10,JUG-145,PROD-05,UBI-PUE055,1.0
2532,51719,2024-06-26,JUG-152,PROD-06,UBI-PUE148,1.0
2533,51720,2024-09-25,JUG-163,PROD-03,UBI-PUE126,1.0
2534,51721,2025-01-19,JUG-044,PROD-02,UBI-PUE155,1.0
2535,51721,2025-01-19,JUG-044,PROD-02,UBI-PUE155,2.0
2536,51722,2023-08-25,JUG-249,PROD-08,UBI-PUE118,1.0
2537,51723,2026-03-04,JUG-102,PROD-07,UBI-PUE241,1.0
2538,51723,2026-03-04,JUG-102,PROD-01,UBI-PUE241,2.0
2539,51723,2026-03-04,JUG-102,PROD-07,UBI-PUE241,1.0
2540,51724,2024-10-27,JUG-236,PROD-05,UBI-PUE025,1.0
2541,51725,2023-11-21,JUG-106,PROD-04,UBI-PUE151,3.0
2542,51726,2024-04-22,JUG-250,PROD-02,UBI-PUE221,1.0
2543,51727,2025-06-23,JUG-183,PROD-01,UBI-PUE076,3.0
2544,51727,2025-06-23,JUG-183,PROD-05,UBI-PUE076,2.0
2545,51728,2024-09-25,JUG-003,PROD-01,UBI-PUE168,1.0
2546,51728,2024-09-25,JUG-003,PROD-03,UBI-PUE168,1.0
2547,51728,2024-09-25,JUG-003,PROD-01,UBI-PUE168,1.0
2548,51729,2024-12-03,JUG-227,PROD-04,UBI-PUE030,1.0
2549,51730,2025-04-11,JUG-126,PROD-08,UBI-PUE178,0.0
2550,51731,2026-06-10,JUG-087,PROD-07,UBI-PUE241,1.0
2551,51731,2026-06-10,JUG-087,PROD-04,UBI-PUE241,1.0
2552,51732,2023-07-14,JUG-192,PROD-07,UBI-PUE118,2.0
2553,51733,2024-09-23,JUG-084,PROD-08,UBI-PUE025,2.0
2554,51734,2024-03-28,JUG-068,PROD-03,UBI-PUE193,1.0
2555,51734,2024-03-28,JUG-068,PROD-05,UBI-PUE193,1.0
2556,51734,2024-03-28,JUG-068,PROD-05,UBI-PUE193,1.0
2557,51735,2025-01-21,JUG-206,PROD-07,UBI-PUE083,1.0
2558,51735,2025-01-21,JUG-206,PROD-07,UBI-PUE083,1.0
2559,51736,2024-03-07,JUG-154,PROD-01,UBI-PUE073,3.0
2560,51737,2024-08-03,JUG-040,PROD-02,UBI-PUE125,1.0
2561,51738,2023-10-12,JUG-132,PROD-06,UBI-PUE115,1.0
2562,51738,2023-10-12,JUG-132,PROD-02,UBI-PUE115,1.0
2563,51738,2023-10-12,JUG-132,PROD-02,UBI-PUE115,1.0
2564,51739,2025-08-27,JUG-037,PROD-06,UBI-PUE047,1.0
2565,51739,2025-08-27,JUG-037,PROD-01,UBI-PUE047,1.0
2566,51739,2025-08-27,JUG-037,PROD-01,UBI-PUE047,1.0
2567,51740,2024-05-14,JUG-184,PROD-07,UBI-PUE175,2.0
2568,51740,2024-05-14,JUG-184,PROD-08,UBI-PUE175,1.0
2569,51741,2026-06-03,JUG-013,PROD-02,UBI-PUE222,1.0
2570,51742,2025-02-22,JUG-045,PROD-07,UBI-PUE280,3.0
2571,51742,2025-02-22,JUG-045,PROD-05,UBI-PUE280,1.0
2572,51742,2025-02-22,JUG-045,PROD-08,UBI-PUE280,2.0
2573,51743,2025-12-22,JUG-013,PROD-03,UBI-PUE286,1.0
2574,51744,2025-10-06,JUG-078,PROD-01,UBI-PUE116,1.0
2575,51745,2023-04-29,JUG-238,PROD-02,UBI-PUE029,1.0
2576,51745,2023-04-29,JUG-238,PROD-02,UBI-PUE029,2.0
2577,51746,2024-08-13,JUG-200,PROD-08,UBI-PUE163,1.0
2578,51746,2024-08-13,JUG-200,PROD-04,UBI-PUE163,1.0
2579,51746,2024-08-13,JUG-200,PROD-02,UBI-PUE163,1.0
2580,51747,2025-10-16,JUG-212,PROD-07,UBI-PUE052,1.0
2581,51748,2025-09-15,JUG-049,PROD-03,UBI-PUE088,1.0
2582,51749,2026-07-09,JUG-147,PROD-06,UBI-PUE017,1.0
2583,51750,2025-10-09,JUG-022,PROD-07,UBI-PUE214,1.0
2584,51750,2025-10-09,JUG-022,PROD-03,UBI-PUE214,1.0
2585,51751,2024-08-17,JUG-150,PROD-05,UBI-PUE189,1.0
2586,51752,2024-03-15,JUG-161,PROD-07,UBI-PUE237,1.0
2587,51753,2026-01-08,JUG-056,PROD-02,UBI-PUE231,1.0
2588,51753,2026-01-08,JUG-056,PROD-07,UBI-PUE231,1.0
2589,51754,2025-09-06,JUG-163,PROD-04,UBI-PUE205,1.0
2590,51755,2024-01-11,JUG-126,PROD-06,UBI-PUE055,1.0
2591,51756,2023-11-19,JUG-181,PROD-04,UBI-PUE080,1.0
2592,51757,2024-10-11,JUG-213,PROD-06,UBI-PUE245,1.0
2593,51758,2025-02-09,JUG-113,PROD-01,UBI-PUE245,1.0
2594,51759,2023-12-01,JUG-152,PROD-04,UBI-PUE081,1.0
2595,51760,2025-11-04,JUG-246,PROD-04,UBI-PUE204,1.0
2596,51761,2024-09-06,JUG-053,PROD-08,UBI-PUE226,1.0
2597,51761,2024-09-06,JUG-053,PROD-03,UBI-PUE226,1.0
2598,51762,2025-07-02,JUG-179,PROD-03,UBI-PUE101,1.0
2599,51763,2023-11-26,JUG-230,PROD-08,UBI-PUE244,2.0
2600,51763,2023-11-26,JUG-230,PROD-06,UBI-PUE244,1.0
2601,51764,2025-10-18,JUG-031,PROD-03,UBI-PUE257,1.0
2602,51765,2024-02-09,JUG-202,PROD-05,UBI-PUE249,1.0
2603,51766,2024-01-11,JUG-187,PROD-04,UBI-PUE243,1.0
2604,51766,2024-01-11,JUG-187,PROD-01,UBI-PUE243,1.0
2605,51767,2024-02-26,JUG-228,PROD-07,UBI-PUE089,1.0
2606,51768,2024-08-29,JUG-065,PROD-02,UBI-PUE142,1.0
2607,51769,2025-04-16,JUG-059,PROD-05,UBI-PUE275,1.0
2608,51770,2026-06-30,JUG-078,PROD-05,UBI-PUE019,1.0
2609,51770,2026-06-30,JUG-078,PROD-05,UBI-PUE019,1.0
2610,51771,2024-03-01,JUG-230,PROD-03,UBI-PUE132,2.0
2611,51771,2024-03-01,JUG-230,PROD-04,UBI-PUE132,1.0
2612,51771,2024-03-01,JUG-230,PROD-03,UBI-PUE132,0.0
2613,51772,2023-12-15,JUG-151,PROD-07,UBI-PUE087,1.0
2614,51772,2023-12-15,JUG-151,PROD-03,UBI-PUE087,2.0
2615,51772,2023-12-15,JUG-151,PROD-07,UBI-PUE087,2.0
2616,51773,2025-09-05,JUG-142,PROD-04,UBI-PUE167,1.0
2617,51774,2025-07-18,JUG-037,PROD-05,UBI-PUE112,2.0
2618,51775,2026-06-23,JUG-233,PROD-03,UBI-PUE104,2.0
2619,51776,2024-12-23,JUG-224,PROD-08,UBI-PUE046,1.0
2620,51777,2025-07-18,JUG-062,PROD-03,UBI-PUE235,1.0
2621,51778,2023-03-26,JUG-248,PROD-05,UBI-PUE069,2.0
2622,51779,2025-04-26,JUG-045,PROD-02,UBI-PUE036,1.0
2623,51780,2025-03-14,JUG-021,PROD-05,UBI-PUE119,1.0
2624,51780,2025-03-14,JUG-021,PROD-08,UBI-PUE119,1.0
2625,51781,2024-03-16,JUG-159,PROD-02,UBI-PUE222,1.0
2626,51782,2024-05-25,JUG-187,PROD-07,UBI-PUE108,3.0
2627,51782,2024-05-25,JUG-187,PROD-08,UBI-PUE108,1.0
2628,51783,2025-01-14,JUG-076,PROD-08,UBI-PUE150,1.0
2629,51784,2024-05-17,JUG-219,PROD-02,UBI-PUE045,2.0
2630,51785,2024-02-26,JUG-106,PROD-08,UBI-PUE086,1.0
2631,51785,2024-02-26,JUG-106,PROD-02,UBI-PUE086,1.0
2632,51786,2024-07-11,JUG-164,PROD-07,UBI-PUE223,1.0
2633,51786,2024-07-11,JUG-164,PROD-08,UBI-PUE223,1.0
2634,51786,2024-07-11,JUG-164,PROD-08,UBI-PUE223,2.0
2635,51787,2024-07-13,JUG-011,PROD-03,UBI-PUE287,1.0
2636,51788,2023-06-15,JUG-159,PROD-04,UBI-PUE046,1.0
2637,51788,2023-06-15,JUG-159,PROD-07,UBI-PUE046,1.0
2638,51789,2024-04-28,JUG-156,PROD-02,UBI-PUE123,3.0
2639,51790,2024-09-28,JUG-130,PROD-02,UBI-PUE255,1.0
2640,51790,2024-09-28,JUG-130,PROD-01,UBI-PUE255,1.0
2641,51791,2023-05-18,JUG-106,PROD-07,UBI-PUE160,1.0
2642,51791,2023-05-18,JUG-106,PROD-04,UBI-PUE160,1.0
2643,51792,2026-04-25,JUG-075,PROD-05,UBI-PUE136,1.0
2644,51793,2024-03-04,JUG-198,PROD-02,UBI-PUE263,1.0
2645,51794,2024-01-01,JUG-017,PROD-07,UBI-PUE104,1.0
2646,51795,2024-11-12,JUG-101,PROD-06,UBI-PUE021,1.0
2647,51796,2025-04-16,JUG-071,PROD-06,UBI-PUE042,1.0
2648,51796,2025-04-16,JUG-071,PROD-01,UBI-PUE042,1.0
2649,51797,2024-03-27,JUG-238,PROD-08,UBI-PUE176,1.0
2650,51798,2024-06-08,JUG-239,PROD-01,UBI-PUE145,1.0
2651,51799,2025-09-09,JUG-023,PROD-06,UBI-PUE073,1.0
2652,51800,2026-01-26,JUG-023,PROD-02,UBI-PUE242,1.0
2653,51800,2026-01-26,JUG-023,PROD-04,UBI-PUE242,1.0
2654,51801,2026-05-08,JUG-071,PROD-03,UBI-PUE172,3.0
2655,51802,2023-09-17,JUG-039,PROD-07,UBI-PUE201,3.0
2656,51803,2024-02-25,JUG-232,PROD-01,UBI-PUE269,2.0
2657,51804,2023-09-04,JUG-019,PROD-01,UBI-PUE129,2.0
2658,51804,2023-09-04,JUG-019,PROD-01,UBI-PUE129,1.0
2659,51805,2023-08-18,JUG-210,PROD-06,UBI-PUE205,1.0
2660,51806,2024-04-03,JUG-209,PROD-08,UBI-PUE124,1.0
2661,51807,2025-10-31,JUG-031,PROD-03,UBI-PUE089,1.0
2662,51808,2023-12-14,JUG-151,PROD-01,UBI-PUE209,1.0
2663,51808,2023-12-14,JUG-151,PROD-01,UBI-PUE209,1.0
2664,51809,2024-12-19,JUG-063,PROD-03,UBI-PUE018,1.0
2665,51810,2023-05-26,JUG-068,PROD-01,UBI-PUE200,1.0
2666,51811,2025-06-07,JUG-163,PROD-02,UBI-PUE046,2.0
2667,51812,2024-01-22,JUG-140,PROD-01,UBI-PUE116,2.0
2668,51812,2024-01-22,JUG-140,PROD-01,UBI-PUE116,1.0
2669,51812,2024-01-22,JUG-140,PROD-07,UBI-PUE116,2.0
2670,51813,2025-02-22,JUG-137,PROD-07,UBI-PUE202,1.0
2671,51813,2025-02-22,JUG-137,PROD-06,UBI-PUE202,1.0
2672,51813,2025-02-22,JUG-137,PROD-03,UBI-PUE202,1.0
2673,51814,2023-12-09,JUG-069,PROD-04,UBI-PUE273,1.0
2674,51815,2024-06-19,JUG-219,PROD-04,UBI-PUE155,1.0
2675,51815,2024-06-19,JUG-219,PROD-03,UBI-PUE155,2.0
2676,51816,2024-06-10,JUG-107,PROD-08,UBI-PUE134,1.0
2677,51816,2024-06-10,JUG-107,PROD-07,UBI-PUE134,1.0
2678,51817,2025-01-23,JUG-136,PROD-01,UBI-PUE223,1.0
2679,51818,2026-04-16,JUG-038,PROD-06,UBI-PUE029,1.0
2680,51819,2024-03-16,JUG-137,PROD-08,UBI-PUE026,1.0
2681,51819,2024-03-16,JUG-137,PROD-05,UBI-PUE026,1.0
2682,51820,2023-12-30,JUG-059,PROD-05,UBI-PUE007,1.0
2683,51821,2026-07-21,JUG-175,PROD-03,UBI-PUE127,1.0
2684,51822,2025-08-31,JUG-031,PROD-04,UBI-PUE250,1.0
2685,51823,2025-04-04,JUG-146,PROD-07,UBI-PUE053,1.0
2686,51824,2024-10-08,JUG-157,PROD-06,UBI-PUE097,1.0
2687,51824,2024-10-08,JUG-157,PROD-07,UBI-PUE097,1.0
2688,51824,2024-10-08,JUG-157,PROD-05,UBI-PUE097,2.0
2689,51825,2023-03-10,JUG-119,PROD-02,UBI-PUE274,3.0
2690,51826,2025-10-29,JUG-212,PROD-04,UBI-PUE212,1.0
2691,51827,2025-07-25,JUG-071,PROD-05,UBI-PUE208,
2692,51827,2025-07-25,JUG-071,PROD-01,UBI-PUE208,1.0
2693,51828,2025-08-23,JUG-016,PROD-02,UBI-PUE189,1.0
2694,51829,2025-05-18,JUG-092,PROD-04,UBI-PUE064,1.0
2695,51830,2024-09-07,JUG-026,PROD-07,UBI-PUE031,1.0
2696,51831,2025-06-16,JUG-016,PROD-07,UBI-PUE052,1.0
2697,51832,2024-09-10,JUG-040,PROD-01,UBI-PUE222,3.0
2698,51833,2023-11-28,JUG-184,PROD-01,UBI-PUE031,1.0
2699,51834,2023-10-30,JUG-150,PROD-07,UBI-PUE154,1.0
2700,51835,2026-07-11,JUG-139,PROD-05,UBI-PUE161,1.0
2701,51835,2026-07-11,JUG-139,PROD-05,UBI-PUE161,2.0
2702,51836,2023-09-07,JUG-234,PROD-06,UBI-PUE108,1.0
2703,51837,2025-01-14,JUG-250,PROD-02,UBI-PUE253,1.0
2704,51838,2026-02-07,JUG-205,PROD-07,UBI-PUE197,3.0
2705,51839,2026-03-13,JUG-204,PROD-01,UBI-PUE226,1.0
2706,51840,2025-07-31,JUG-235,PROD-01,UBI-PUE028,1.0
2707,51841,2024-09-14,JUG-191,PROD-04,UBI-PUE144,1.0
2708,51841,2024-09-14,JUG-191,PROD-04,UBI-PUE144,1.0
2709,51842,2023-03-06,JUG-034,PROD-06,UBI-PUE011,1.0
2710,51843,2025-12-20,JUG-033,PROD-05,UBI-PUE042,1.0
2711,51844,2025-11-25,JUG-174,PROD-07,UBI-PUE132,3.0
2712,51845,2026-01-08,JUG-178,PROD-01,UBI-PUE229,1.0
2713,51846,2025-07-04,JUG-123,PROD-04,UBI-PUE056,1.0
2714,51847,2026-03-03,JUG-195,PROD-02,UBI-PUE023,2.0
2715,51847,2026-03-03,JUG-195,PROD-04,UBI-PUE023,1.0
2716,51848,2025-05-13,JUG-236,PROD-07,UBI-PUE097,1.0
2717,51849,2023-01-25,JUG-140,PROD-07,UBI-PUE143,1.0
2718,51850,2023-07-28,JUG-197,PROD-03,UBI-PUE050,1.0
2719,51851,2025-11-22,JUG-014,PROD-02,UBI-PUE025,1.0
2720,51851,2025-11-22,JUG-014,PROD-08,UBI-PUE025,2.0
2721,51851,2025-11-22,JUG-014,PROD-08,UBI-PUE025,3.0
2722,51852,2026-09-05,JUG-129,PROD-01,UBI-PUE070,1.0
2723,51853,2024-08-27,JUG-025,PROD-07,UBI-PUE223,1.0
2724,51854,2024-11-06,JUG-156,PROD-02,UBI-PUE280,1.0
2725,51854,2024-11-06,JUG-156,PROD-01,UBI-PUE280,1.0
2726,51854,2024-11-06,JUG-156,PROD-02,UBI-PUE280,2.0
2727,51855,2024-11-13,JUG-003,PROD-04,UBI-PUE089,1.0
2728,51855,2024-11-13,JUG-003,PROD-01,UBI-PUE089,1.0
2729,51855,2024-11-13,JUG-003,PROD-03,UBI-PUE089,1.0
2730,51856,2024-03-30,JUG-083,PROD-04,UBI-PUE059,1.0
2731,51856,2024-03-30,JUG-083,PROD-06,UBI-PUE059,1.0
2732,51857,2025-09-29,JUG-026,PROD-03,UBI-PUE172,1.0
2733,51858,2025-11-22,JUG-205,PROD-06,UBI-PUE009,1.0
2734,51859,2025-11-07,JUG-121,PROD-06,UBI-PUE077,1.0
2735,51860,2026-05-09,JUG-178,PROD-08,UBI-PUE107,1.0
2736,51861,2026-02-07,JUG-221,PROD-05,UBI-PUE131,1.0
2737,51862,2024-02-12,JUG-187,PROD-02,UBI-PUE273,1.0
2738,51863,2024-04-07,JUG-105,PROD-03,UBI-PUE025,3.0
2739,51863,2024-04-07,JUG-105,PROD-02,UBI-PUE025,1.0
2740,51863,2024-04-07,JUG-105,PROD-03,UBI-PUE025,2.0
2741,51864,2024-04-11,JUG-069,PROD-02,UBI-PUE180,1.0
2742,51864,2024-04-11,JUG-069,PROD-08,UBI-PUE180,1.0
2743,51864,2024-04-11,JUG-069,PROD-08,UBI-PUE180,1.0
2744,51865,2025-10-12,JUG-066,PROD-01,UBI-PUE271,1.0
2745,51866,2024-06-18,JUG-219,PROD-08,UBI-PUE243,2.0
2746,51867,2023-12-30,JUG-128,PROD-06,UBI-PUE034,1.0
2747,51868,2024-12-31,JUG-036,PROD-02,UBI-PUE126,1.0
2748,51869,2025-11-14,JUG-029,PROD-08,UBI-PUE189,1.0
2749,51870,2026-07-30,JUG-127,PROD-07,UBI-PUE224,1.0
2750,51871,2024-08-13,JUG-070,PROD-01,UBI-PUE163,1.0
2751,51872,2026-05-06,JUG-120,PROD-02,UBI-PUE138,1.0
2752,51873,2023-02-26,JUG-189,PROD-04,UBI-PUE196,1.0
2753,51874,2025-01-24,JUG-028,PROD-04,UBI-PUE119,1.0
2754,51875,2026-08-31,JUG-043,PROD-03,UBI-PUE034,1.0
2755,51875,2026-08-31,JUG-043,PROD-05,UBI-PUE034,1.0
2756,51875,2026-08-31,JUG-043,PROD-01,UBI-PUE034,1.0
2757,51876,2026-07-01,JUG-102,PROD-03,UBI-PUE076,2.0
2758,51876,2026-07-01,JUG-102,PROD-08,UBI-PUE076,1.0
2759,51877,2024-05-14,JUG-210,PROD-02,UBI-PUE193,2.0
2760,51878,2026-06-20,JUG-142,PROD-02,UBI-PUE156,1.0
2761,51879,2025-10-03,JUG-088,PROD-07,UBI-PUE026,1.0
2762,51880,2024-04-20,JUG-151,PROD-06,UBI-PUE160,1.0
2763,51880,2024-04-20,JUG-151,PROD-04,UBI-PUE160,1.0
2764,51881,2025-12-25,JUG-016,PROD-01,UBI-PUE168,1.0
2765,51881,2025-12-25,JUG-016,PROD-04,UBI-PUE168,1.0
2766,51882,2024-09-15,JUG-141,PROD-02,UBI-PUE039,1.0
2767,51883,2024-03-16,JUG-191,PROD-04,UBI-PUE023,1.0
2768,51884,2026-02-06,JUG-146,PROD-04,UBI-PUE034,1.0
2769,51885,2023-12-21,JUG-140,PROD-04,UBI-PUE244,2.0
2770,51886,2024-04-11,JUG-242,PROD-08,UBI-PUE058,1.0
2771,51886,2024-04-11,JUG-242,PROD-03,UBI-PUE058,1.0
2772,51887,2026-04-01,JUG-049,PROD-04,UBI-PUE151,1.0
2773,51888,2024-06-17,JUG-017,PROD-07,UBI-PUE150,1.0
2774,51888,2024-06-17,JUG-017,PROD-01,UBI-PUE150,1.0
2775,51889,2026-02-25,JUG-246,PROD-02,UBI-PUE197,1.0
2776,51889,2026-02-25,JUG-246,PROD-01,UBI-PUE197,1.0
2777,51889,2026-02-25,JUG-246,PROD-01,UBI-PUE197,1.0
2778,51890,2026-08-28,JUG-162,PROD-05,UBI-PUE008,2.0
2779,51890,2026-08-28,JUG-162,PROD-06,UBI-PUE008,1.0
2780,51891,2024-04-19,JUG-017,PROD-02,UBI-PUE064,1.0
2781,51892,2025-06-21,JUG-016,PROD-05,UBI-PUE196,1.0
2782,51892,2025-06-21,JUG-016,PROD-06,UBI-PUE196,1.0
2783,51893,2026-05-03,JUG-041,PROD-05,UBI-PUE050,1.0
2784,51893,2026-05-03,JUG-041,PROD-02,UBI-PUE050,1.0
2785,51894,2024-06-24,JUG-238,PROD-06,UBI-PUE063,3.0
2786,51895,2025-08-02,JUG-095,PROD-05,UBI-PUE167,1.0
2787,51896,2026-05-30,JUG-116,PROD-03,UBI-PUE096,1.0
2788,51897,2026-10-17,JUG-043,PROD-06,UBI-PUE210,1.0
2789,51897,2026-10-17,JUG-043,PROD-08,UBI-PUE210,1.0
2790,51898,2025-08-09,JUG-091,PROD-05,UBI-PUE121,1.0
2791,51898,2025-08-09,JUG-091,PROD-02,UBI-PUE121,1.0
2792,51899,2025-05-24,JUG-089,PROD-05,UBI-PUE071,1.0
2793,51899,2025-05-24,JUG-089,PROD-07,UBI-PUE071,1.0
2794,51900,2024-02-11,JUG-157,PROD-04,UBI-PUE012,0.0
2795,51900,2024-02-11,JUG-157,PROD-02,UBI-PUE012,1.0
2796,51901,2025-06-04,JUG-158,PROD-02,UBI-PUE147,2.0
2797,51901,2025-06-04,JUG-158,PROD-04,UBI-PUE147,2.0
2798,51902,2025-10-09,JUG-101,PROD-06,UBI-PUE168,1.0
2799,51903,2023-05-21,JUG-247,PROD-01,UBI-PUE020,2.0
2800,51904,2024-09-01,JUG-011,PROD-04,UBI-PUE187,1.0
2801,51905,2026-08-01,JUG-009,PROD-01,UBI-PUE174,1.0
2802,51906,2023-07-12,JUG-225,PROD-03,UBI-PUE272,1.0
2803,51907,2026-04-30,JUG-178,PROD-08,UBI-PUE158,1.0
2804,51907,2026-04-30,JUG-178,PROD-08,UBI-PUE158,1.0
2805,51907,2026-04-30,JUG-178,PROD-03,UBI-PUE158,1.0
2806,51908,2026-06-14,JUG-021,PROD-03,UBI-PUE133,1.0
2807,51909,2023-09-22,JUG-197,PROD-05,UBI-PUE169,1.0
2808,51910,2023-05-05,JUG-002,PROD-07,UBI-PUE153,1.0
2809,51911,2025-02-05,JUG-046,PROD-06,UBI-PUE229,2.0
2810,51911,2025-02-05,JUG-046,PROD-06,UBI-PUE229,2.0
2811,51912,2024-01-30,JUG-035,PROD-01,UBI-PUE158,1.0
2812,51913,2023-10-18,JUG-107,PROD-02,UBI-PUE033,2.0
2813,51913,2023-10-18,JUG-107,PROD-02,UBI-PUE033,1.0
2814,51913,2023-10-18,JUG-107,PROD-05,UBI-PUE033,1.0
2815,51914,2026-08-24,JUG-078,PROD-01,UBI-PUE148,2.0
2816,51915,2025-12-04,JUG-013,PROD-07,UBI-PUE173,1.0
2817,51916,2025-03-29,JUG-146,PROD-04,UBI-PUE005,1.0
2818,51917,2024-09-16,JUG-018,PROD-02,UBI-PUE051,2.0
2819,51917,2024-09-16,JUG-018,PROD-05,UBI-PUE051,1.0
2820,51918,2025-08-12,JUG-093,PROD-02,UBI-PUE240,1.0
2821,51919,2023-10-06,JUG-218,PROD-08,UBI-PUE225,3.0
2822,51920,2023-07-14,JUG-157,PROD-01,UBI-PUE039,1.0
2823,51921,2026-05-26,JUG-211,PROD-03,UBI-PUE269,1.0
2824,51921,2026-05-26,JUG-211,PROD-04,UBI-PUE269,1.0
2825,51922,2025-03-22,JUG-246,PROD-06,UBI-PUE014,1.0
2826,51922,2025-03-22,JUG-246,PROD-03,UBI-PUE014,1.0
2827,51923,2025-07-11,JUG-062,PROD-04,UBI-PUE067,1.0
2828,51923,2025-07-11,JUG-062,PROD-05,UBI-PUE067,2.0
2829,51924,2024-03-28,JUG-234,PROD-01,UBI-PUE262,2.0
2830,51925,2026-04-15,JUG-073,PROD-04,UBI-PUE122,1.0
2831,51925,2026-04-15,JUG-073,PROD-06,UBI-PUE122,1.0
2832,51926,2024-11-08,JUG-064,PROD-07,UBI-PUE129,1.0
2833,51926,2024-11-08,JUG-064,PROD-06,UBI-PUE129,1.0
2834,51926,2024-11-08,JUG-064,PROD-08,UBI-PUE129,1.0
2835,51927,2024-05-27,JUG-108,PROD-01,UBI-PUE132,1.0
2836,51928,2024-01-18,JUG-080,PROD-02,UBI-PUE018,1.0
2837,51929,2025-08-05,JUG-052,PROD-05,UBI-PUE240,1.0
2838,51930,2025-08-02,JUG-200,PROD-07,UBI-PUE278,1.0
2839,51931,2024-06-17,JUG-027,PROD-04,UBI-PUE075,2.0
2840,51931,2024-06-17,JUG-027,PROD-07,UBI-PUE075,1.0
2841,51931,2024-06-17,JUG-027,PROD-05,UBI-PUE075,1.0
2842,51932,2025-07-12,JUG-023,PROD-04,UBI-PUE215,1.0
2843,51933,2024-01-15,JUG-188,PROD-04,UBI-PUE066,1.0
2844,51934,2025-08-02,JUG-038,PROD-02,UBI-PUE243,3.0
2845,51935,2025-12-22,JUG-216,PROD-02,UBI-PUE281,1.0
2846,51935,2025-12-22,JUG-216,PROD-03,UBI-PUE281,1.0
2847,51936,2024-01-05,JUG-151,PROD-01,UBI-PUE186,1.0
2848,51937,2024-07-29,JUG-236,PROD-02,UBI-PUE097,1.0
2849,51938,2025-08-07,JUG-141,PROD-07,UBI-PUE093,2.0
2850,51939,2025-08-16,JUG-023,PROD-02,UBI-PUE097,1.0
2851,51940,2026-08-11,JUG-129,PROD-01,UBI-PUE234,1.0
2852,51940,2026-08-11,JUG-129,PROD-05,UBI-PUE234,1.0
2853,51941,2024-04-18,JUG-188,PROD-01,UBI-PUE137,1.0
2854,51942,2023-10-23,JUG-099,PROD-05,UBI-PUE009,1.0
2855,51943,2024-09-21,JUG-188,PROD-04,UBI-PUE108,1.0
2856,51944,2023-12-10,JUG-210,PROD-06,UBI-PUE007,1.0
2857,51945,2025-01-08,JUG-017,PROD-05,UBI-PUE055,1.0
2858,51946,2024-04-05,JUG-207,PROD-04,UBI-PUE155,2.0
2859,51947,2025-07-01,JUG-052,PROD-08,UBI-PUE005,1.0
2860,51948,2024-06-05,JUG-190,PROD-02,UBI-PUE236,1.0
2861,51949,2023-11-18,JUG-192,PROD-08,UBI-PUE003,1.0
2862,51950,2026-08-29,JUG-185,PROD-03,UBI-PUE079,1.0
2863,51950,2026-08-29,JUG-185,PROD-06,UBI-PUE079,1.0
2864,51951,2023-08-30,JUG-117,PROD-02,UBI-PUE142,2.0
2865,51952,2025-05-28,JUG-162,PROD-07,UBI-PUE217,2.0
2866,51952,2025-05-28,JUG-162,PROD-03,UBI-PUE217,1.0
2867,51953,2026-04-26,JUG-009,PROD-06,UBI-PUE257,2.0
2868,51953,2026-04-26,JUG-009,PROD-07,UBI-PUE257,2.0
2869,51954,2024-05-27,JUG-011,PROD-05,UBI-PUE040,
2870,51954,2024-05-27,JUG-011,PROD-08,UBI-PUE040,1.0
2871,51955,2025-04-29,JUG-031,PROD-06,UBI-PUE199,3.0
2872,51956,2024-04-12,JUG-228,PROD-03,UBI-PUE083,1.0
2873,51957,2025-05-30,JUG-060,PROD-05,UBI-PUE246,1.0
2874,51957,2025-05-30,JUG-060,PROD-03,UBI-PUE246,1.0
2875,51958,2025-09-05,JUG-193,PROD-06,UBI-PUE106,3.0
2876,51959,2024-08-09,JUG-226,PROD-02,UBI-PUE095,1.0
2877,51960,2025-12-10,JUG-245,PROD-05,UBI-PUE190,1.0
2878,51960,2025-12-10,JUG-245,PROD-04,UBI-PUE190,1.0
2879,51961,2025-07-28,JUG-180,PROD-05,UBI-PUE041,1.0
2880,51962,2026-04-09,JUG-120,PROD-01,UBI-PUE061,1.0
2881,51962,2026-04-09,JUG-120,PROD-05,UBI-PUE061,1.0
2882,51963,2025-10-05,JUG-166,PROD-06,UBI-PUE010,1.0
2883,51964,2024-06-18,JUG-134,PROD-08,UBI-PUE263,1.0
2884,51965,2025-03-01,JUG-077,PROD-03,UBI-PUE027,1.0
2885,51966,2026-07-16,JUG-049,PROD-04,UBI-PUE238,1.0
2886,51967,2023-05-23,JUG-187,PROD-01,UBI-PUE279,1.0
2887,51968,2023-07-21,JUG-232,PROD-02,UBI-PUE106,1.0
2888,51969,2024-08-02,JUG-018,PROD-08,UBI-PUE126,1.0
2889,51970,2024-02-20,JUG-053,PROD-04,UBI-PUE063,1.0
2890,51970,2024-02-20,JUG-053,PROD-07,UBI-PUE063,1.0
2891,51971,2026-07-20,JUG-195,PROD-03,UBI-PUE081,2.0
2892,51972,2025-05-27,JUG-037,PROD-04,UBI-PUE189,1.0
2893,51972,2025-05-27,JUG-037,PROD-05,UBI-PUE189,1.0
2894,51973,2024-04-06,JUG-197,PROD-08,UBI-PUE100,1.0
2895,51973,2024-04-06,JUG-197,PROD-08,UBI-PUE100,1.0
2896,51974,2023-09-27,JUG-019,PROD-03,UBI-PUE175,1.0
2897,51974,2023-09-27,JUG-019,PROD-04,UBI-PUE175,1.0
2898,51975,2025-01-02,JUG-228,PROD-03,UBI-PUE120,1.0
2899,51976,2024-11-18,JUG-196,PROD-05,UBI-PUE141,1.0
2900,51976,2024-11-18,JUG-196,PROD-06,UBI-PUE141,1.0
2901,51977,2026-01-27,JUG-205,PROD-06,UBI-PUE257,1.0
2902,51978,2025-04-30,JUG-077,PROD-05,UBI-PUE129,1.0
2903,51978,2025-04-30,JUG-077,PROD-06,UBI-PUE129,1.0
2904,51979,2023-05-09,JUG-119,PROD-02,UBI-PUE074,1.0
2905,51980,2024-08-17,JUG-111,PROD-03,UBI-PUE186,1.0
2906,51981,2024-07-01,JUG-069,PROD-03,UBI-PUE185,1.0
2907,51982,2024-01-15,JUG-186,PROD-06,UBI-PUE069,2.0
2908,51982,2024-01-15,JUG-186,PROD-06,UBI-PUE069,1.0
2909,51983,2024-01-29,JUG-074,PROD-03,UBI-PUE205,1.0
2910,51984,2024-02-14,JUG-105,PROD-08,UBI-PUE223,1.0
2911,51985,2025-04-11,JUG-229,PROD-03,UBI-PUE140,1.0
2912,51986,2025-10-01,JUG-199,PROD-06,UBI-PUE013,1.0
2913,51986,2025-10-01,JUG-199,PROD-04,UBI-PUE013,1.0
2914,51987,2025-03-08,JUG-115,PROD-01,UBI-PUE282,1.0
2915,51988,2026-06-06,JUG-166,PROD-06,UBI-PUE017,
2916,51988,2026-06-06,JUG-166,PROD-03,UBI-PUE017,1.0
2917,51989,2026-06-01,JUG-052,PROD-04,UBI-PUE250,1.0
2918,51990,2023-10-11,JUG-035,PROD-01,UBI-PUE289,2.0
2919,51991,2025-03-05,JUG-109,PROD-06,UBI-PUE204,1.0
2920,51991,2025-03-05,JUG-109,PROD-02,UBI-PUE204,1.0
2921,51992,2025-10-16,JUG-071,PROD-07,UBI-PUE016,1.0
2922,51993,2025-04-16,JUG-124,PROD-03,UBI-PUE223,1.0
2923,51994,2025-11-06,JUG-004,PROD-08,UBI-PUE176,1.0
2924,51995,2025-03-10,JUG-021,PROD-08,UBI-PUE208,2.0
2925,51996,2025-07-20,JUG-095,PROD-03,UBI-PUE072,1.0
2926,51997,2025-06-25,JUG-006,PROD-05,UBI-PUE045,1.0
2927,51997,2025-06-25,JUG-006,PROD-06,UBI-PUE045,2.0
2928,51998,2024-05-11,JUG-080,PROD-07,UBI-PUE287,1.0
2929,51999,2025-05-05,JUG-086,PROD-06,UBI-PUE028,2.0
2930,51999,2025-05-05,JUG-086,PROD-04,UBI-PUE028,1.0
2931,51999,2025-05-05,JUG-086,PROD-01,UBI-PUE028,1.0
2932,52000,2023-05-02,JUG-247,PROD-01,UBI-PUE237,1.0
2933,52001,2025-07-26,JUG-078,PROD-01,UBI-PUE232,1.0
2934,52002,2024-08-28,JUG-025,PROD-05,UBI-PUE158,1.0
2935,52003,2026-01-02,JUG-050,PROD-06,UBI-PUE069,1.0
2936,52003,2026-01-02,JUG-050,PROD-02,UBI-PUE069,1.0
2937,52004,2024-01-15,JUG-151,PROD-06,UBI-PUE274,1.0
2938,52005,2024-04-05,JUG-179,PROD-06,UBI-PUE138,2.0
2939,52005,2024-04-05,JUG-179,PROD-03,UBI-PUE138,3.0
2940,52005,2024-04-05,JUG-179,PROD-02,UBI-PUE138,1.0
2941,52006,2026-01-23,JUG-021,PROD-08,UBI-PUE189,1.0
2942,52007,2025-10-05,JUG-018,PROD-08,UBI-PUE058,1.0
2943,52007,2025-10-05,JUG-018,PROD-07,UBI-PUE058,1.0
2944,52008,2025-02-17,JUG-196,PROD-02,UBI-PUE170,1.0
2945,52008,2025-02-17,JUG-196,PROD-03,UBI-PUE170,1.0
2946,52009,2023-12-09,JUG-226,PROD-05,UBI-PUE068,2.0
2947,52010,2026-07-30,JUG-204,PROD-01,UBI-PUE094,3.0
2948,52010,2026-07-30,JUG-204,PROD-04,UBI-PUE094,1.0
2949,52010,2026-07-30,JUG-204,PROD-05,UBI-PUE094,1.0
2950,52011,2024-10-21,JUG-160,PROD-07,UBI-PUE032,1.0
2951,52012,2026-07-08,JUG-131,PROD-04,UBI-PUE009,1.0
2952,52012,2026-07-08,JUG-131,PROD-06,UBI-PUE009,1.0
2953,52013,2024-12-02,JUG-217,PROD-03,UBI-PUE151,1.0
2954,52014,2024-05-05,JUG-122,PROD-01,UBI-PUE056,1.0
2955,52015,2026-06-20,JUG-166,PROD-08,UBI-PUE232,3.0
2956,52015,2026-06-20,JUG-166,PROD-08,UBI-PUE232,2.0
2957,52016,2025-12-28,JUG-220,PROD-05,UBI-PUE221,1.0
2958,52017,2024-02-01,JUG-234,PROD-03,UBI-PUE226,1.0
2959,52018,2026-02-28,JUG-216,PROD-01,UBI-PUE036,1.0
2960,52018,2026-02-28,JUG-216,PROD-08,UBI-PUE036,2.0
2961,52019,2023-12-02,JUG-149,PROD-06,UBI-PUE226,1.0
2962,52019,2023-12-02,JUG-149,PROD-07,UBI-PUE226,
2963,52019,2023-12-02,JUG-149,PROD-04,UBI-PUE226,0.0
2964,52020,2025-10-22,JUG-016,PROD-05,UBI-PUE025,2.0
2965,52021,2024-02-05,JUG-197,PROD-01,UBI-PUE186,2.0
2966,52022,2023-10-17,JUG-067,PROD-05,UBI-PUE206,1.0
2967,52022,2023-10-17,JUG-067,PROD-02,UBI-PUE206,1.0
2968,52023,2023-12-12,JUG-024,PROD-04,UBI-PUE220,1.0
2969,52023,2023-12-12,JUG-024,PROD-03,UBI-PUE220,1.0
2970,52024,2023-04-28,JUG-197,PROD-08,UBI-PUE002,1.0
2971,52025,2024-07-07,JUG-201,PROD-05,UBI-PUE163,1.0
2972,52026,2025-10-12,JUG-175,PROD-02,UBI-PUE054,1.0
2973,52027,2026-03-20,JUG-021,PROD-06,UBI-PUE225,1.0
2974,52027,2026-03-20,JUG-021,PROD-04,UBI-PUE225,1.0
2975,52028,2023-07-22,JUG-161,PROD-08,UBI-PUE168,1.0
2976,52029,2024-05-19,JUG-138,PROD-02,UBI-PUE094,1.0
2977,52029,2024-05-19,JUG-138,PROD-02,UBI-PUE094,1.0
2978,52030,2025-04-01,JUG-124,PROD-01,UBI-PUE259,1.0
2979,52030,2025-04-01,JUG-124,PROD-08,UBI-PUE259,1.0
2980,52030,2025-04-01,JUG-124,PROD-01,UBI-PUE259,2.0
2981,52031,2026-01-11,JUG-195,PROD-03,UBI-PUE006,1.0
2982,52031,2026-01-11,JUG-195,PROD-07,UBI-PUE006,1.0
2983,52032,2025-01-18,JUG-040,PROD-05,UBI-PUE092,1.0
2984,52032,2025-01-18,JUG-040,PROD-06,UBI-PUE092,1.0
2985,52033,2024-07-25,JUG-244,PROD-02,UBI-PUE243,1.0
2986,52033,2024-07-25,JUG-244,PROD-04,UBI-PUE243,1.0
2987,52034,2025-01-08,JUG-165,PROD-04,UBI-PUE139,3.0
2988,52035,2023-10-25,JUG-207,PROD-05,UBI-PUE109,1.0
2989,52035,2023-10-25,JUG-207,PROD-03,UBI-PUE109,1.0
2990,52036,2024-07-03,JUG-217,PROD-06,UBI-PUE179,3.0
2991,52037,2025-05-15,JUG-206,PROD-06,UBI-PUE237,1.0
2992,52037,2025-05-15,JUG-206,PROD-04,UBI-PUE237,1.0
2993,52038,2023-08-30,JUG-176,PROD-01,UBI-PUE212,1.0
2994,52038,2023-08-30,JUG-176,PROD-04,UBI-PUE212,2.0
2995,52039,2024-05-20,JUG-180,PROD-03,UBI-PUE274,1.0
2996,52040,2025-08-23,JUG-047,PROD-06,UBI-PUE171,1.0
2997,52041,2025-05-17,JUG-118,PROD-01,UBI-PUE065,1.0
2998,52041,2025-05-17,JUG-118,PROD-01,UBI-PUE065,3.0
2999,52042,2026-03-02,JUG-131,PROD-06,UBI-PUE259,1.0
3000,52042,2026-03-02,JUG-131,PROD-02,UBI-PUE259,1.0
3001,52043,2025-11-18,JUG-220,PROD-07,UBI-PUE119,1.0
3002,52044,2025-11-11,JUG-051,PROD-05,UBI-PUE044,1.0
3003,52045,2024-07-07,JUG-209,PROD-02,UBI-PUE097,1.0
3004,52046,2024-11-03,JUG-200,PROD-05,UBI-PUE158,2.0
3005,52047,2024-04-06,JUG-070,PROD-05,UBI-PUE280,1.0
3006,52048,2023-04-12,JUG-069,PROD-03,UBI-PUE226,1.0
3007,52049,2024-04-25,JUG-015,PROD-03,UBI-PUE168,1.0
3008,52050,2023-06-22,JUG-155,PROD-04,UBI-PUE054,2.0
3009,52051,2025-06-07,JUG-156,PROD-03,UBI-PUE063,1.0
3010,52052,2025-02-04,JUG-239,PROD-08,UBI-PUE285,2.0
3011,52053,2024-10-19,JUG-074,PROD-07,UBI-PUE148,1.0
3012,52053,2024-10-19,JUG-074,PROD-03,UBI-PUE148,1.0
3013,52053,2024-10-19,JUG-074,PROD-04,UBI-PUE148,1.0
3014,52054,2026-05-28,JUG-125,PROD-01,UBI-PUE145,1.0
3015,52055,2025-06-18,JUG-051,PROD-03,UBI-PUE251,1.0
3016,52056,2023-12-12,JUG-152,PROD-06,UBI-PUE097,3.0
3017,52057,2026-08-02,JUG-147,PROD-07,UBI-PUE196,1.0
3018,52058,2024-09-11,JUG-074,PROD-03,UBI-PUE120,1.0
3019,52059,2026-01-28,JUG-004,PROD-08,UBI-PUE128,1.0
3020,52059,2026-01-28,JUG-004,PROD-04,UBI-PUE128,2.0
3021,52060,2026-07-18,JUG-123,PROD-03,UBI-PUE123,1.0
3022,52061,2026-11-01,JUG-055,PROD-01,UBI-PUE159,2.0
3023,52062,2024-03-11,JUG-186,PROD-03,UBI-PUE032,1.0
3024,52063,2024-06-06,JUG-188,PROD-08,UBI-PUE171,1.0
3025,52064,2025-07-31,JUG-115,PROD-07,UBI-PUE173,1.0
3026,52064,2025-07-31,JUG-115,PROD-02,UBI-PUE173,3.0
3027,52064,2025-07-31,JUG-115,PROD-08,UBI-PUE173,0.0
3028,52065,2026-09-24,JUG-243,PROD-03,UBI-PUE164,2.0
3029,52066,2024-05-26,JUG-232,PROD-07,UBI-PUE173,1.0
3030,52066,2024-05-26,JUG-232,PROD-01,UBI-PUE173,1.0
3031,52067,2025-09-13,JUG-118,PROD-02,UBI-PUE114,1.0
3032,52068,2024-07-17,JUG-037,PROD-08,UBI-PUE046,1.0
3033,52068,2024-07-17,JUG-037,PROD-08,UBI-PUE046,2.0
3034,52069,2026-03-06,JUG-061,PROD-05,UBI-PUE178,2.0
3035,52069,2026-03-06,JUG-061,PROD-03,UBI-PUE178,1.0
3036,52070,2025-10-21,JUG-224,PROD-03,UBI-PUE199,2.0
3037,52071,2025-04-05,JUG-221,PROD-01,UBI-PUE156,3.0
3038,52072,2023-11-26,JUG-074,PROD-06,UBI-PUE094,2.0
3039,52072,2023-11-26,JUG-074,PROD-01,UBI-PUE094,1.0
3040,52072,2023-11-26,JUG-074,PROD-02,UBI-PUE094,1.0
3041,52073,2024-01-10,JUG-035,PROD-07,UBI-PUE227,1.0
3042,52073,2024-01-10,JUG-035,PROD-04,UBI-PUE227,1.0
3043,52074,2026-03-03,JUG-221,PROD-05,UBI-PUE289,1.0
3044,52074,2026-03-03,JUG-221,PROD-05,UBI-PUE289,1.0
3045,52075,2023-06-04,JUG-039,PROD-04,UBI-PUE069,1.0
3046,52076,2024-05-12,JUG-223,PROD-07,UBI-PUE120,1.0
3047,52077,2025-05-08,JUG-194,PROD-03,UBI-PUE266,2.0
3048,52077,2025-05-08,JUG-194,PROD-07,UBI-PUE266,1.0
3049,52077,2025-05-08,JUG-194,PROD-08,UBI-PUE266,1.0
3050,52078,2024-05-03,JUG-217,PROD-03,UBI-PUE130,3.0
3051,52078,2024-05-03,JUG-217,PROD-06,UBI-PUE130,1.0
3052,52079,2023-05-25,JUG-135,PROD-06,UBI-PUE096,3.0
3053,52079,2023-05-25,JUG-135,PROD-03,UBI-PUE096,1.0
3054,52080,2024-11-27,JUG-239,PROD-08,UBI-PUE283,1.0
3055,52081,2023-10-04,JUG-202,PROD-06,UBI-PUE151,1.0
3056,52082,2024-03-30,JUG-113,PROD-01,UBI-PUE205,1.0
3057,52082,2024-03-30,JUG-113,PROD-04,UBI-PUE205,2.0
3058,52083,2024-01-10,JUG-085,PROD-06,UBI-PUE092,1.0
3059,52083,2024-01-10,JUG-085,PROD-03,UBI-PUE092,1.0
3060,52084,2024-05-05,JUG-223,PROD-05,UBI-PUE171,
3061,52084,2024-05-05,JUG-223,PROD-01,UBI-PUE171,1.0
3062,52085,2024-12-19,JUG-109,PROD-05,UBI-PUE154,1.0
3063,52085,2024-12-19,JUG-109,PROD-06,UBI-PUE154,1.0
3064,52086,2023-05-23,JUG-008,PROD-07,UBI-PUE225,1.0
3065,52087,2024-09-12,JUG-184,PROD-07,UBI-PUE035,1.0
3066,52087,2024-09-12,JUG-184,PROD-04,UBI-PUE035,1.0
3067,52088,2025-10-08,JUG-033,PROD-04,UBI-PUE084,1.0
3068,52088,2025-10-08,JUG-033,PROD-02,UBI-PUE084,1.0
3069,52089,2023-05-30,JUG-117,PROD-05,UBI-PUE186,1.0
3070,52090,2024-04-18,JUG-250,PROD-03,UBI-PUE163,1.0
3071,52091,2024-05-27,JUG-173,PROD-03,UBI-PUE056,1.0
3072,52091,2024-05-27,JUG-173,PROD-03,UBI-PUE056,1.0
3073,52092,2025-07-23,JUG-124,PROD-08,UBI-PUE104,1.0
3074,52093,2024-10-30,JUG-045,PROD-01,UBI-PUE286,1.0
3075,52093,2024-10-30,JUG-045,PROD-02,UBI-PUE286,1.0
3076,52094,2024-07-13,JUG-076,PROD-04,UBI-PUE264,1.0
3077,52095,2024-06-14,JUG-111,PROD-06,UBI-PUE021,2.0
3078,52095,2024-06-14,JUG-111,PROD-05,UBI-PUE021,2.0
3079,52096,2026-03-10,JUG-224,PROD-08,UBI-PUE210,1.0
3080,52097,2024-09-05,JUG-160,PROD-04,UBI-PUE207,2.0
3081,52098,2024-05-28,JUG-027,PROD-08,UBI-PUE211,1.0
3082,52098,2024-05-28,JUG-027,PROD-01,UBI-PUE211,1.0
3083,52099,2026-03-01,JUG-097,PROD-07,UBI-PUE109,1.0
3084,52099,2026-03-01,JUG-097,PROD-08,UBI-PUE109,1.0
3085,52099,2026-03-01,JUG-097,PROD-07,UBI-PUE109,2.0
3086,52100,2023-06-27,JUG-034,PROD-03,UBI-PUE173,1.0
3087,52101,2025-05-31,JUG-171,PROD-04,UBI-PUE110,2.0
3088,52102,2026-02-01,JUG-221,PROD-08,UBI-PUE194,1.0
3089,52103,2024-12-08,JUG-048,PROD-07,UBI-PUE099,1.0
3090,52103,2024-12-08,JUG-048,PROD-07,UBI-PUE099,1.0
3091,52104,2024-08-06,JUG-192,PROD-05,UBI-PUE118,1.0
3092,52105,2025-04-27,JUG-023,PROD-06,UBI-PUE153,1.0
3093,52105,2025-04-27,JUG-023,PROD-07,UBI-PUE153,2.0
3094,52105,2025-04-27,JUG-023,PROD-05,UBI-PUE153,1.0
3095,52106,2024-12-19,JUG-016,PROD-06,UBI-PUE194,1.0
3096,52107,2025-01-19,JUG-240,PROD-04,UBI-PUE204,1.0
3097,52107,2025-01-19,JUG-240,PROD-01,UBI-PUE204,1.0
3098,52108,2024-12-02,JUG-227,PROD-06,UBI-PUE052,1.0
3099,52108,2024-12-02,JUG-227,PROD-02,UBI-PUE052,2.0
3100,52109,2024-12-15,JUG-160,PROD-06,UBI-PUE234,1.0
3101,52110,2023-10-09,JUG-067,PROD-03,UBI-PUE151,
3102,52111,2026-04-05,JUG-021,PROD-01,UBI-PUE041,1.0
3103,52111,2026-04-05,JUG-021,PROD-04,UBI-PUE041,1.0
3104,52111,2026-04-05,JUG-021,PROD-02,UBI-PUE041,2.0
3105,52112,2026-03-19,JUG-078,PROD-05,UBI-PUE129,0.0
3106,52113,2025-09-30,JUG-090,PROD-06,UBI-PUE120,1.0
3107,52114,2026-08-26,JUG-233,PROD-01,UBI-PUE176,1.0
3108,52115,2024-05-22,JUG-186,PROD-02,UBI-PUE251,0.0
3109,52115,2024-05-22,JUG-186,PROD-01,UBI-PUE251,1.0
3110,52116,2023-11-04,JUG-010,PROD-08,UBI-PUE239,1.0
3111,52117,2025-03-31,JUG-036,PROD-02,UBI-PUE135,2.0
3112,52118,2023-11-03,JUG-188,PROD-07,UBI-PUE126,1.0
3113,52118,2023-11-03,JUG-188,PROD-06,UBI-PUE126,2.0
3114,52118,2023-11-03,JUG-188,PROD-03,UBI-PUE126,1.0
3115,52119,2025-09-06,JUG-112,PROD-01,UBI-PUE144,1.0
3116,52120,2026-03-15,JUG-158,PROD-05,UBI-PUE123,1.0
3117,52120,2026-03-15,JUG-158,PROD-02,UBI-PUE123,1.0
3118,52121,2025-03-08,JUG-136,PROD-04,UBI-PUE074,1.0
3119,52121,2025-03-08,JUG-136,PROD-07,UBI-PUE074,1.0
3120,52122,2025-04-12,JUG-228,PROD-01,UBI-PUE218,3.0
3121,52123,2025-06-01,JUG-078,PROD-04,UBI-PUE275,1.0
3122,52123,2025-06-01,JUG-078,PROD-08,UBI-PUE275,1.0
3123,52123,2025-06-01,JUG-078,PROD-04,UBI-PUE275,1.0
3124,52124,2025-08-10,JUG-227,PROD-07,UBI-PUE041,1.0
3125,52124,2025-08-10,JUG-227,PROD-05,UBI-PUE041,2.0
3126,52124,2025-08-10,JUG-227,PROD-04,UBI-PUE041,1.0
3127,52125,2023-05-08,JUG-248,PROD-08,UBI-PUE277,1.0
3128,52125,2023-05-08,JUG-248,PROD-07,UBI-PUE277,2.0
3129,52126,2025-02-13,JUG-026,PROD-05,UBI-PUE186,1.0
3130,52127,2024-02-12,JUG-151,PROD-08,UBI-PUE163,1.0
3131,52128,2025-02-21,JUG-011,PROD-02,UBI-PUE258,1.0
3132,52128,2025-02-21,JUG-011,PROD-06,UBI-PUE258,1.0
3133,52128,2025-02-21,JUG-011,PROD-02,UBI-PUE258,1.0
3134,52129,2026-07-22,JUG-057,PROD-07,UBI-PUE276,1.0
3135,52130,2023-04-09,JUG-027,PROD-05,UBI-PUE106,2.0
3136,52131,2023-04-17,JUG-140,PROD-06,UBI-PUE171,1.0
3137,52131,2023-04-17,JUG-140,PROD-06,UBI-PUE171,1.0
3138,52132,2024-11-30,JUG-205,PROD-07,UBI-PUE045,1.0
3139,52133,2023-01-28,JUG-140,PROD-01,UBI-PUE129,1.0
3140,52134,2024-06-13,JUG-191,PROD-07,UBI-PUE258,2.0
3141,52135,2024-12-07,JUG-115,PROD-08,UBI-PUE253,1.0
3142,52136,2023-07-27,JUG-197,PROD-03,UBI-PUE063,1.0
3143,52137,2025-11-20,JUG-136,PROD-01,UBI-PUE247,2.0
3144,52138,2026-11-27,JUG-013,PROD-06,UBI-PUE039,1.0
3145,52139,2024-05-05,JUG-249,PROD-02,UBI-PUE124,1.0
3146,52140,2026-07-01,JUG-093,PROD-02,UBI-PUE141,1.0
3147,52141,2024-06-27,JUG-179,PROD-05,UBI-PUE060,3.0
3148,52142,2024-07-25,JUG-213,PROD-03,UBI-PUE112,1.0
3149,52143,2024-07-27,JUG-201,PROD-08,UBI-PUE209,1.0
3150,52144,2023-04-28,JUG-010,PROD-02,UBI-PUE010,1.0
3151,52145,2026-12-12,JUG-090,PROD-06,UBI-PUE052,1.0
3152,52146,2025-02-14,JUG-122,PROD-07,UBI-PUE255,1.0
3153,52146,2025-02-14,JUG-122,PROD-02,UBI-PUE255,0.0
3154,52147,2025-03-25,JUG-044,PROD-03,UBI-PUE177,1.0
3155,52147,2025-03-25,JUG-044,PROD-02,UBI-PUE177,1.0
3156,52148,2023-11-13,JUG-068,PROD-07,UBI-PUE199,1.0
3157,52149,2024-04-03,JUG-048,PROD-01,UBI-PUE147,1.0
3158,52149,2024-04-03,JUG-048,PROD-08,UBI-PUE147,1.0
3159,52149,2024-04-03,JUG-048,PROD-07,UBI-PUE147,1.0
3160,52150,2024-02-01,JUG-119,PROD-03,UBI-PUE185,1.0
3161,52151,2026-10-13,JUG-174,PROD-07,UBI-PUE201,2.0
3162,52151,2026-10-13,JUG-174,PROD-07,UBI-PUE201,1.0
3163,52152,2025-06-09,JUG-030,PROD-04,UBI-PUE033,2.0
3164,52152,2025-06-09,JUG-030,PROD-05,UBI-PUE033,1.0
3165,52153,2024-06-28,JUG-198,PROD-04,UBI-PUE144,1.0
3166,52153,2024-06-28,JUG-198,PROD-02,UBI-PUE144,1.0
3167,52153,2024-06-28,JUG-198,PROD-02,UBI-PUE144,1.0
3168,52154,2025-12-21,JUG-004,PROD-04,UBI-PUE147,1.0
3169,52154,2025-12-21,JUG-004,PROD-01,UBI-PUE147,1.0
3170,52155,2024-09-26,JUG-060,PROD-01,UBI-PUE115,2.0
3171,52156,2024-08-26,JUG-101,PROD-08,UBI-PUE183,1.0
3172,52157,2025-09-02,JUG-199,PROD-06,UBI-PUE081,1.0
3173,52158,2026-02-18,JUG-029,PROD-07,UBI-PUE256,1.0
3174,52159,2025-06-22,JUG-194,PROD-04,UBI-PUE263,1.0
3175,52159,2025-06-22,JUG-194,PROD-01,UBI-PUE263,2.0
3176,52159,2025-06-22,JUG-194,PROD-03,UBI-PUE263,2.0
3177,52160,2023-07-20,JUG-135,PROD-07,UBI-PUE279,3.0
3178,52161,2025-04-05,JUG-211,PROD-07,UBI-PUE129,1.0
3179,52161,2025-04-05,JUG-211,PROD-06,UBI-PUE129,1.0
3180,52162,2024-01-07,JUG-010,PROD-03,UBI-PUE145,1.0
3181,52163,2024-07-25,JUG-083,PROD-05,UBI-PUE105,2.0
3182,52163,2024-07-25,JUG-083,PROD-05,UBI-PUE105,1.0
3183,52164,2023-09-21,JUG-035,PROD-05,UBI-PUE248,2.0
3184,52165,2023-11-17,JUG-065,PROD-03,UBI-PUE197,1.0
3185,52166,2026-01-10,JUG-185,PROD-04,UBI-PUE212,1.0
3186,52167,2024-06-08,JUG-235,PROD-05,UBI-PUE160,1.0
3187,52167,2024-06-08,JUG-235,PROD-03,UBI-PUE160,2.0
3188,52168,2024-08-03,JUG-176,PROD-04,UBI-PUE103,1.0
3189,52169,2025-03-02,JUG-018,PROD-07,UBI-PUE019,1.0
3190,52169,2025-03-02,JUG-018,PROD-05,UBI-PUE019,1.0
3191,52170,2026-07-30,JUG-047,PROD-08,UBI-PUE185,1.0
3192,52170,2026-07-30,JUG-047,PROD-05,UBI-PUE185,1.0
3193,52170,2026-07-30,JUG-047,PROD-04,UBI-PUE185,2.0
3194,52171,2024-04-28,JUG-011,PROD-02,UBI-PUE007,1.0
3195,52172,2026-05-20,JUG-086,PROD-06,UBI-PUE223,1.0
3196,52172,2026-05-20,JUG-086,PROD-03,UBI-PUE223,1.0
3197,52172,2026-05-20,JUG-086,PROD-02,UBI-PUE223,1.0
3198,52173,2024-01-10,JUG-117,PROD-01,UBI-PUE126,1.0
3199,52174,2024-11-28,JUG-044,PROD-02,UBI-PUE091,2.0
3200,52174,2024-11-28,JUG-044,PROD-08,UBI-PUE091,1.0
3201,52175,2026-03-10,JUG-166,PROD-01,UBI-PUE011,1.0
3202,52176,2025-10-27,JUG-075,PROD-03,UBI-PUE085,1.0
3203,52177,2026-07-14,JUG-100,PROD-01,UBI-PUE248,1.0
3204,52177,2026-07-14,JUG-100,PROD-03,UBI-PUE248,1.0
3205,52178,2025-09-10,JUG-051,PROD-01,UBI-PUE181,1.0
3206,52179,2024-08-02,JUG-035,PROD-08,UBI-PUE260,
3207,52180,2023-07-20,JUG-134,PROD-07,UBI-PUE089,1.0
3208,52181,2025-11-21,JUG-096,PROD-03,UBI-PUE132,2.0
3209,52181,2025-11-21,JUG-096,PROD-01,UBI-PUE132,1.0
3210,52181,2025-11-21,JUG-096,PROD-04,UBI-PUE132,1.0
3211,52182,2023-10-04,JUG-001,PROD-07,UBI-PUE114,1.0
3212,52183,2025-12-29,JUG-212,PROD-08,UBI-PUE038,1.0
3213,52184,2024-06-29,JUG-226,PROD-08,UBI-PUE101,1.0
3214,52185,2024-09-02,JUG-080,PROD-07,UBI-PUE051,1.0
3215,52186,2024-07-01,JUG-001,PROD-03,UBI-PUE181,1.0
3216,52186,2024-07-01,JUG-001,PROD-07,UBI-PUE181,1.0
3217,52186,2024-07-01,JUG-001,PROD-04,UBI-PUE181,1.0
3218,52187,2023-05-21,JUG-192,PROD-05,UBI-PUE106,1.0
3219,52188,2025-03-02,JUG-065,PROD-08,UBI-PUE164,1.0
3220,52189,2024-10-09,JUG-222,PROD-08,UBI-PUE031,1.0
3221,52190,2023-04-14,JUG-248,PROD-08,UBI-PUE164,1.0
3222,52191,2024-06-20,JUG-226,PROD-07,UBI-PUE148,2.0
3223,52192,2024-11-06,JUG-206,PROD-03,UBI-PUE120,3.0
3224,52193,2024-04-11,JUG-070,PROD-04,UBI-PUE243,1.0
3225,52194,2025-05-31,JUG-147,PROD-05,UBI-PUE179,1.0
3226,52194,2025-05-31,JUG-147,PROD-06,UBI-PUE179,2.0
3227,52195,2025-09-30,JUG-177,PROD-04,UBI-PUE240,1.0
3228,52196,2024-01-03,JUG-059,PROD-08,UBI-PUE034,2.0
3229,52197,2024-06-23,JUG-234,PROD-04,UBI-PUE033,1.0
3230,52198,2025-02-02,JUG-074,PROD-07,UBI-PUE207,1.0
3231,52199,2025-08-23,JUG-051,PROD-05,UBI-PUE245,1.0
3232,52200,2025-02-16,JUG-041,PROD-04,UBI-PUE006,1.0
3233,52201,2023-11-09,JUG-035,PROD-07,UBI-PUE202,1.0
3234,52202,2024-11-10,JUG-144,PROD-05,UBI-PUE080,1.0
3235,52203,2024-01-30,JUG-210,PROD-06,UBI-PUE157,1.0
3236,52204,2023-04-10,JUG-106,PROD-04,UBI-PUE088,2.0
3237,52204,2023-04-10,JUG-106,PROD-03,UBI-PUE088,1.0
3238,52205,2023-04-08,JUG-119,PROD-08,UBI-PUE221,1.0
3239,52205,2023-04-08,JUG-119,PROD-07,UBI-PUE221,1.0
3240,52206,2026-04-05,JUG-178,PROD-08,UBI-PUE151,1.0
3241,52206,2026-04-05,JUG-178,PROD-01,UBI-PUE151,1.0
3242,52207,2024-03-11,JUG-184,PROD-07,UBI-PUE188,1.0
3243,52207,2024-03-11,JUG-184,PROD-05,UBI-PUE188,1.0
3244,52207,2024-03-11,JUG-184,PROD-03,UBI-PUE188,2.0
3245,52208,2024-08-01,JUG-108,PROD-02,UBI-PUE083,1.0
3246,52208,2024-08-01,JUG-108,PROD-04,UBI-PUE083,1.0
3247,52209,2025-06-22,JUG-196,PROD-01,UBI-PUE270,3.0
3248,52209,2025-06-22,JUG-196,PROD-03,UBI-PUE270,1.0
3249,52209,2025-06-22,JUG-196,PROD-01,UBI-PUE270,1.0
3250,52210,2025-01-03,JUG-026,PROD-06,UBI-PUE129,1.0
3251,52211,2025-05-09,JUG-054,PROD-06,UBI-PUE076,1.0
3252,52211,2025-05-09,JUG-054,PROD-01,UBI-PUE076,1.0
3253,52211,2025-05-09,JUG-054,PROD-07,UBI-PUE076,1.0
3254,52212,2023-08-10,JUG-035,PROD-03,UBI-PUE168,3.0
3255,52212,2023-08-10,JUG-035,PROD-04,UBI-PUE168,1.0
3256,52213,2023-11-19,JUG-169,PROD-03,UBI-PUE074,1.0
3257,52213,2023-11-19,JUG-169,PROD-08,UBI-PUE074,2.0
3258,52213,2023-11-19,JUG-169,PROD-01,UBI-PUE074,1.0
3259,52214,2024-02-09,JUG-011,PROD-07,UBI-PUE188,1.0
3260,52214,2024-02-09,JUG-011,PROD-04,UBI-PUE188,1.0
3261,52215,2026-08-02,JUG-112,PROD-07,UBI-PUE236,1.0
3262,52216,2023-08-10,JUG-214,PROD-02,UBI-PUE167,1.0
3263,52217,2024-03-27,JUG-170,PROD-05,UBI-PUE093,1.0
3264,52218,2025-09-03,JUG-004,PROD-05,UBI-PUE205,1.0
3265,52219,2025-05-12,JUG-031,PROD-05,UBI-PUE242,1.0
3266,52220,2023-05-06,JUG-237,PROD-03,UBI-PUE196,3.0
3267,52221,2024-02-15,JUG-223,PROD-02,UBI-PUE182,1.0
3268,52222,2025-03-24,JUG-005,PROD-03,UBI-PUE093,1.0
3269,52223,2026-06-04,JUG-023,PROD-02,UBI-PUE079,1.0
3270,52223,2026-06-04,JUG-023,PROD-02,UBI-PUE079,1.0
3271,52224,2024-12-31,JUG-207,PROD-04,UBI-PUE171,1.0
3272,52224,2024-12-31,JUG-207,PROD-05,UBI-PUE171,1.0
3273,52224,2024-12-31,JUG-207,PROD-05,UBI-PUE171,1.0
3274,52225,2024-04-22,JUG-062,PROD-03,UBI-PUE149,1.0
3275,52225,2024-04-22,JUG-062,PROD-02,UBI-PUE149,1.0
3276,52225,2024-04-22,JUG-062,PROD-06,UBI-PUE149,1.0
3277,52226,2024-07-12,JUG-200,PROD-06,UBI-PUE105,1.0
3278,52227,2024-09-02,JUG-206,PROD-04,UBI-PUE275,1.0
3279,52228,2024-05-19,JUG-008,PROD-02,UBI-PUE156,2.0
3280,52228,2024-05-19,JUG-008,PROD-07,UBI-PUE156,1.0
3281,52229,2025-08-28,JUG-120,PROD-01,UBI-PUE097,2.0
3282,52230,2024-05-10,JUG-002,PROD-07,UBI-PUE185,3.0
3283,52230,2024-05-10,JUG-002,PROD-08,UBI-PUE185,1.0
3284,52230,2024-05-10,JUG-002,PROD-07,UBI-PUE185,2.0
3285,52231,2026-10-05,JUG-174,PROD-03,UBI-PUE085,1.0
3286,52232,2025-09-20,JUG-118,PROD-01,UBI-PUE048,1.0
3287,52233,2025-04-27,JUG-037,PROD-01,UBI-PUE280,1.0
3288,52234,2025-01-31,JUG-208,PROD-03,UBI-PUE059,1.0
3289,52235,2025-04-15,JUG-224,PROD-07,UBI-PUE154,1.0
3290,52235,2025-04-15,JUG-224,PROD-08,UBI-PUE154,2.0
3291,52235,2025-04-15,JUG-224,PROD-05,UBI-PUE154,1.0
3292,52236,2024-06-04,JUG-017,PROD-03,UBI-PUE019,1.0
3293,52237,2024-08-29,JUG-026,PROD-04,UBI-PUE206,1.0
3294,52238,2024-06-29,JUG-113,PROD-01,UBI-PUE008,1.0
3295,52239,2024-08-03,JUG-076,PROD-07,UBI-PUE074,2.0
3296,52240,2024-03-09,JUG-159,PROD-04,UBI-PUE196,2.0
3297,52240,2024-03-09,JUG-159,PROD-06,UBI-PUE196,1.0
3298,52241,2025-02-26,JUG-226,PROD-02,UBI-PUE130,1.0
3299,52242,2024-03-09,JUG-155,PROD-01,UBI-PUE135,1.0
3300,52242,2024-03-09,JUG-155,PROD-06,UBI-PUE135,1.0
3301,52243,2026-02-20,JUG-097,PROD-08,UBI-PUE243,2.0
3302,52244,2025-02-27,JUG-231,PROD-07,UBI-PUE036,1.0
3303,52245,2024-04-09,JUG-230,PROD-01,UBI-PUE238,1.0
3304,52245,2024-04-09,JUG-230,PROD-06,UBI-PUE238,1.0
3305,52246,2026-04-06,JUG-006,PROD-07,UBI-PUE111,1.0
3306,52247,2024-12-02,JUG-044,PROD-04,UBI-PUE244,1.0
3307,52248,2024-03-14,JUG-152,PROD-01,UBI-PUE134,1.0
3308,52248,2024-03-14,JUG-152,PROD-07,UBI-PUE134,1.0
3309,52249,2025-03-04,JUG-036,PROD-04,UBI-PUE221,1.0
3310,52250,2025-06-08,JUG-216,PROD-05,UBI-PUE029,1.0
3311,52251,2024-11-02,JUG-067,PROD-06,UBI-PUE018,1.0
3312,52252,2024-04-27,JUG-048,PROD-06,UBI-PUE235,1.0
3313,52252,2024-04-27,JUG-048,PROD-03,UBI-PUE235,1.0
3314,52253,2026-05-21,JUG-075,PROD-06,UBI-PUE289,3.0
3315,52254,2025-09-29,JUG-077,PROD-07,UBI-PUE113,2.0
3316,52255,2026-09-13,JUG-153,PROD-01,UBI-PUE215,1.0
3317,52256,2025-12-20,JUG-147,PROD-03,UBI-PUE059,1.0
3318,52256,2025-12-20,JUG-147,PROD-04,UBI-PUE059,1.0
3319,52257,2025-03-24,JUG-060,PROD-01,UBI-PUE231,2.0
3320,52258,2025-06-02,JUG-199,PROD-02,UBI-PUE269,1.0
3321,52258,2025-06-02,JUG-199,PROD-08,UBI-PUE269,1.0
3322,52259,2024-12-29,JUG-218,PROD-05,UBI-PUE189,1.0
3323,52260,2023-03-16,JUG-238,PROD-04,UBI-PUE074,0.0
3324,52260,2023-03-16,JUG-238,PROD-06,UBI-PUE074,2.0
3325,52260,2023-03-16,JUG-238,PROD-05,UBI-PUE074,1.0
3326,52261,2024-04-01,JUG-119,PROD-08,UBI-PUE130,1.0
3327,52262,2024-04-16,JUG-042,PROD-02,UBI-PUE260,1.0
3328,52263,2023-06-23,JUG-008,PROD-07,UBI-PUE014,1.0
3329,52263,2023-06-23,JUG-008,PROD-03,UBI-PUE014,1.0
3330,52264,2024-09-18,JUG-060,PROD-06,UBI-PUE022,1.0
3331,52264,2024-09-18,JUG-060,PROD-06,UBI-PUE022,1.0
3332,52265,2025-07-22,JUG-037,PROD-02,UBI-PUE222,1.0
3333,52266,2025-03-04,JUG-041,PROD-02,UBI-PUE207,1.0
3334,52267,2025-04-12,JUG-146,PROD-03,UBI-PUE193,1.0
3335,52267,2025-04-12,JUG-146,PROD-01,UBI-PUE193,2.0
3336,52268,2026-03-20,JUG-142,PROD-06,UBI-PUE108,1.0
3337,52269,2026-10-01,JUG-112,PROD-05,UBI-PUE264,1.0
3338,52270,2024-06-04,JUG-111,PROD-08,UBI-PUE047,1.0
3339,52271,2026-06-21,JUG-241,PROD-04,UBI-PUE220,1.0
3340,52271,2026-06-21,JUG-241,PROD-08,UBI-PUE220,1.0
3341,52272,2025-05-19,JUG-216,PROD-02,UBI-PUE023,1.0
3342,52273,2023-12-30,JUG-008,PROD-07,UBI-PUE071,1.0
3343,52274,2024-10-31,JUG-196,PROD-07,UBI-PUE285,1.0
3344,52274,2024-10-31,JUG-196,PROD-06,UBI-PUE285,1.0
3345,52275,2025-11-09,JUG-004,PROD-04,UBI-PUE037,1.0
3346,52275,2025-11-09,JUG-004,PROD-07,UBI-PUE037,1.0
3347,52276,2023-06-09,JUG-132,PROD-03,UBI-PUE131,1.0
3348,52277,2025-12-27,JUG-243,PROD-08,UBI-PUE230,2.0
3349,52278,2025-12-16,JUG-096,PROD-08,UBI-PUE010,1.0
3350,52279,2023-04-18,JUG-248,PROD-01,UBI-PUE268,1.0
3351,52280,2024-02-17,JUG-094,PROD-01,UBI-PUE125,1.0
3352,52281,2026-02-17,JUG-041,PROD-07,UBI-PUE276,1.0
3353,52282,2026-01-08,JUG-153,PROD-08,UBI-PUE096,1.0
3354,52283,2025-12-21,JUG-127,PROD-04,UBI-PUE253,1.0
3355,52284,2024-07-25,JUG-135,PROD-03,UBI-PUE217,2.0
3356,52285,2024-08-07,JUG-085,PROD-07,UBI-PUE066,1.0
3357,52286,2025-03-14,JUG-180,PROD-03,UBI-PUE085,1.0
3358,52287,2026-05-07,JUG-118,PROD-08,UBI-PUE161,
3359,52288,2025-06-13,JUG-061,PROD-04,UBI-PUE111,1.0
3360,52289,2026-05-30,JUG-009,PROD-05,UBI-PUE130,1.0
3361,52290,2025-07-23,JUG-109,PROD-06,UBI-PUE042,1.0
3362,52290,2025-07-23,JUG-109,PROD-05,UBI-PUE042,1.0
3363,52291,2025-06-28,JUG-022,PROD-03,UBI-PUE244,1.0
3364,52292,2025-01-22,JUG-182,PROD-06,UBI-PUE261,1.0
3365,52292,2025-01-22,JUG-182,PROD-03,UBI-PUE261,1.0
3366,52292,2025-01-22,JUG-182,PROD-02,UBI-PUE261,1.0
3367,52293,2025-04-15,JUG-113,PROD-03,UBI-PUE190,3.0
3368,52293,2025-04-15,JUG-113,PROD-02,UBI-PUE190,1.0
3369,52293,2025-04-15,JUG-113,PROD-08,UBI-PUE190,1.0
3370,52294,2026-10-19,JUG-241,PROD-03,UBI-PUE223,1.0
3371,52294,2026-10-19,JUG-241,PROD-07,UBI-PUE223,3.0
3372,52295,2026-01-25,JUG-014,PROD-01,UBI-PUE191,2.0
3373,52296,2025-09-06,JUG-077,PROD-08,UBI-PUE240,1.0
3374,52297,2026-01-01,JUG-046,PROD-04,UBI-PUE242,1.0
3375,52298,2026-03-20,JUG-127,PROD-01,UBI-PUE264,1.0
3376,52299,2026-06-29,JUG-056,PROD-03,UBI-PUE176,1.0
3377,52299,2026-06-29,JUG-056,PROD-02,UBI-PUE176,1.0
3378,52300,2024-09-25,JUG-019,PROD-08,UBI-PUE174,2.0
3379,52300,2024-09-25,JUG-019,PROD-07,UBI-PUE174,1.0
